facility_key,facility_id,facility_name,state_code,hospital_type,hospital_ownership,is_current_general_info_match,is_alternate_federal_id,overall_rating_numeric,overall_rating_raw,overall_rating_footnote_code,geography_key
1,010001,SOUTHEAST HEALTH MEDICAL CENTER,AL,Acute Care Hospitals,Government - Hospital District or Authority,true,false,4.0,4,,2
2,010005,MARSHALL MEDICAL CENTERS,AL,Acute Care Hospitals,Government - Hospital District or Authority,true,false,3.0,3,,2
3,010006,NORTH ALABAMA MEDICAL CENTER,AL,Acute Care Hospitals,Proprietary,true,false,2.0,2,,2
4,010007,MIZELL MEMORIAL HOSPITAL,AL,Acute Care Hospitals,Voluntary non-profit - Private,true,false,1.0,1,,2
5,010011,ST. VINCENT'S EAST,AL,Acute Care Hospitals,Voluntary non-profit - Private,true,false,3.0,3,29,2
6,010012,DEKALB REGIONAL MEDICAL CENTER,AL,Acute Care Hospitals,Proprietary,true,false,2.0,2,,2
7,010016,SHELBY BAPTIST MEDICAL CENTER,AL,Acute Care Hospitals,Voluntary non-profit - Private,true,false,2.0,2,,2
8,010019,HELEN KELLER HOSPITAL,AL,Acute Care Hospitals,Government - Hospital District or Authority,true,false,2.0,2,,2
9,010021,DALE MEDICAL CENTER,AL,Acute Care Hospitals,Government - Hospital District or Authority,true,false,,Not Available,16,2
10,010022,FLOYD CHEROKEE MEDICAL CENTER,AL,Acute Care Hospitals,Proprietary,true,false,,Not Available,16,2
11,010023,BAPTIST MEDICAL CENTER SOUTH,AL,Acute Care Hospitals,Government - Hospital District or Authority,true,false,2.0,2,,2
12,010024,JACKSON HOSPITAL & CLINIC INC,AL,Acute Care Hospitals,Voluntary non-profit - Private,true,false,2.0,2,,2
13,010029,THE EAST ALABAMA HEALTHCARE AUTHORITY,AL,Acute Care Hospitals,Government - Hospital District or Authority,true,false,3.0,3,,2
14,010033,UNIVERSITY OF ALABAMA HOSPITAL,AL,Acute Care Hospitals,Government - State,true,false,2.0,2,,2
15,010034,COMMUNITY HOSPITAL INC,AL,Acute Care Hospitals,Voluntary non-profit - Private,true,false,,Not Available,16,2
16,010035,CULLMAN REGIONAL MEDICAL CENTER,AL,Acute Care Hospitals,Government - Hospital District or Authority,true,false,2.0,2,,2
17,010036,ANDALUSIA HEALTH,AL,Acute Care Hospitals,Proprietary,true,false,2.0,2,,2
18,010039,HUNTSVILLE HOSPITAL,AL,Acute Care Hospitals,Government - Hospital District or Authority,true,false,3.0,3,,2
19,010040,GADSDEN REGIONAL MEDICAL CENTER,AL,Acute Care Hospitals,Proprietary,true,false,2.0,2,,2
20,010044,MARION REGIONAL MEDICAL CENTER,AL,Acute Care Hospitals,Voluntary non-profit - Private,true,false,3.0,3,,2
21,010045,FAYETTE MEDICAL CENTER,AL,Acute Care Hospitals,Voluntary non-profit - Other,true,false,4.0,4,,2
22,010046,RIVERVIEW REGIONAL MEDICAL CENTER,AL,Acute Care Hospitals,Proprietary,true,false,3.0,3,,2
23,010049,MEDICAL CENTER ENTERPRISE,AL,Acute Care Hospitals,Proprietary,true,false,4.0,4,,2
24,010051,GREENE COUNTY HOSPITAL,AL,Acute Care Hospitals,Voluntary non-profit - Other,true,false,,Not Available,16,2
25,010052,LAKE MARTIN COMMUNITY HOSPITAL,AL,Acute Care Hospitals,Proprietary,true,false,,Not Available,16,2
26,010055,FLOWERS HOSPITAL,AL,Acute Care Hospitals,Proprietary,true,false,2.0,2,,2
27,010056,ST VINCENT'S BIRMINGHAM,AL,Acute Care Hospitals,Voluntary non-profit - Private,true,false,3.0,3,29,2
28,010058,BIBB MEDICAL CENTER,AL,Acute Care Hospitals,Government - Hospital District or Authority,true,false,,Not Available,16,2
29,010061,HIGHLANDS MEDICAL CENTER,AL,Acute Care Hospitals,Government - Hospital District or Authority,true,false,3.0,3,,2
30,010062,WIREGRASS MEDICAL CENTER,AL,Acute Care Hospitals,Government - Hospital District or Authority,true,false,,Not Available,16,2
31,010065,RUSSELL MEDICAL CENTER,AL,Acute Care Hospitals,Voluntary non-profit - Private,true,false,3.0,3,,2
32,010073,CLAY COUNTY HOSPITAL,AL,Acute Care Hospitals,Government - Hospital District or Authority,true,false,,Not Available,16,2
33,010078,NORTHEAST ALABAMA REGIONAL MEDICAL CENTER,AL,Acute Care Hospitals,Government - Local,true,false,1.0,1,,2
34,010079,ATHENS LIMESTONE HOSPITAL,AL,Acute Care Hospitals,Government - Hospital District or Authority,true,false,2.0,2,,2
35,010083,BALDWIN HEALTH,AL,Acute Care Hospitals,Proprietary,true,false,4.0,4,,2
36,010085,DECATUR MORGAN HOSPITAL - DECATUR CAMPUS,AL,Acute Care Hospitals,Government - Hospital District or Authority,true,false,3.0,3,,2
37,010086,NORTH MISSISSIPPI HEALTH SERVICES - SOUTH MARION,AL,Acute Care Hospitals,Proprietary,true,false,4.0,4,,2
38,010087,USA HEALTH UNIVERSITY HOSPITAL,AL,Acute Care Hospitals,Government - State,true,false,2.0,2,,2
39,010089,WALKER BAPTIST MEDICAL CENTER,AL,Acute Care Hospitals,Proprietary,true,false,3.0,3,,2
40,010090,"USA HEALTH HCA PROVIDENCE HOSPITAL, LLC",AL,Acute Care Hospitals,Voluntary non-profit - Church,true,false,3.0,3,,2
41,010091,GROVE HILL MEMORIAL HOSPITAL,AL,Acute Care Hospitals,Government - Hospital District or Authority,true,false,,Not Available,16,2
42,010092,DCH REGIONAL MEDICAL CENTER,AL,Acute Care Hospitals,Government - Hospital District or Authority,true,false,2.0,2,,2
43,010095,HALE COUNTY HOSPITAL,AL,Acute Care Hospitals,Government - Hospital District or Authority,true,false,,Not Available,16,2
44,010097,ELMORE COMMUNITY HOSPITAL,AL,Acute Care Hospitals,Proprietary,true,false,,Not Available,16,2
45,010099,D W MCMILLAN MEMORIAL HOSPITAL,AL,Acute Care Hospitals,Government - Hospital District or Authority,true,false,1.0,1,,2
46,010100,THOMAS HOSPITAL,AL,Acute Care Hospitals,Voluntary non-profit - Private,true,false,2.0,2,,2
47,010101,CITIZENS BAPTIST MEDICAL CENTER,AL,Acute Care Hospitals,Voluntary non-profit - Private,true,false,1.0,1,,2
48,010103,PRINCETON BAPTIST MEDICAL CENTER,AL,Acute Care Hospitals,Voluntary non-profit - Church,true,false,3.0,3,,2
49,010104,GRANDVIEW MEDICAL CENTER,AL,Acute Care Hospitals,Proprietary,true,false,3.0,3,,2
50,010108,PRATTVILLE BAPTIST HOSPITAL,AL,Acute Care Hospitals,Government - Hospital District or Authority,true,false,3.0,3,,2
51,010110,BULLOCK COUNTY HOSPITAL,AL,Acute Care Hospitals,Proprietary,true,false,,Not Available,16,2
52,010112,WHITFIELD REGIONAL HOSPITAL,AL,Acute Care Hospitals,Government - Hospital District or Authority,true,false,2.0,2,,2
53,010113,MOBILE INFIRMARY MEDICAL CENTER,AL,Acute Care Hospitals,Voluntary non-profit - Private,true,false,2.0,2,,2
54,010114,"MEDICAL WEST, AN AFFILIATE OF UAB HEALTH SYSTEM",AL,Acute Care Hospitals,Government - Hospital District or Authority,true,false,3.0,3,,2
55,010118,VAUGHAN REGIONAL MEDICAL CENTER PARKWAY CAMPUS,AL,Acute Care Hospitals,Proprietary,true,false,2.0,2,,2
56,010125,LAKELAND COMMUNITY HOSPITAL,AL,Acute Care Hospitals,Proprietary,true,false,3.0,3,,2
57,010126,TROY REGIONAL MEDICAL CENTER,AL,Acute Care Hospitals,Government - Federal,true,false,4.0,4,,2
58,010128,JACKSON MEDICAL CENTER,AL,Acute Care Hospitals,Proprietary,true,false,,Not Available,16,2
59,010129,NORTH BALDWIN INFIRMARY,AL,Acute Care Hospitals,Voluntary non-profit - Private,true,false,3.0,3,,2
60,010130,ST VINCENT'S ST CLAIR,AL,Acute Care Hospitals,Voluntary non-profit - Private,true,false,3.0,3,29,2
61,010131,CRESTWOOD MEDICAL CENTER,AL,Acute Care Hospitals,Proprietary,true,false,3.0,3,,2
62,010138,HILL HOSPITAL OF SUMTER COUNTY,AL,Acute Care Hospitals,Government - Hospital District or Authority,true,false,,Not Available,16,2
63,010139,BAPTIST HEALTH BROOKWOOD HOSPITAL,AL,Acute Care Hospitals,Proprietary,true,false,3.0,3,,2
64,010144,SPRINGHILL MEDICAL CENTER,AL,Acute Care Hospitals,Proprietary,true,false,3.0,3,,2
65,010148,EVERGREEN MEDICAL CENTER,AL,Acute Care Hospitals,Proprietary,true,false,3.0,3,,2
66,010149,BAPTIST MEDICAL CENTER EAST,AL,Acute Care Hospitals,Government - Hospital District or Authority,true,false,4.0,4,,2
67,01014F,BIRMINGHAM VA MEDICAL CENTER,AL,Acute Care - Veterans Administration,Veterans Health Administration,true,true,4.0,4,,2
68,010150,THE HEALTH CARE AUTHORITY OF THE CITY OF GREENVILLE- LV STABLER HOSPITAL,AL,Acute Care Hospitals,Proprietary,true,false,,Not Available,16,2
69,010157,NORTH ALABAMA SHOALS HOSPITAL,AL,Acute Care Hospitals,Proprietary,true,false,,Not Available,16,2
70,010158,RUSSELLVILLE HOSPITAL,AL,Acute Care Hospitals,Proprietary,true,false,4.0,4,,2
71,010164,COOSA VALLEY MEDICAL CENTER,AL,Acute Care Hospitals,Government - Hospital District or Authority,true,false,3.0,3,,2
72,010168,JACK HUGHSTON MEMORIAL HOSPITAL,AL,Acute Care Hospitals,Government - State,true,false,4.0,4,,2
73,010169,ATMORE COMMUNITY HOSPITAL,AL,Acute Care Hospitals,Government - Hospital District or Authority,true,false,3.0,3,,2
74,010173,ST VINCENT'S CHILTON,AL,Acute Care Hospitals,Voluntary non-profit - Church,true,false,,Not Available,16,2
75,01019F,VA CENTRAL ALABAMA HEALTHCARE SYSTEM - MONTGOMERY,AL,Acute Care - Veterans Administration,Veterans Health Administration,true,true,4.0,4,,2
76,01021F,TUSCALOOSA VA MEDICAL CENTER,AL,Acute Care - Veterans Administration,Veterans Health Administration,true,true,,Not Available,16,2
77,010779,BULLOCK COUNTY HOSPITAL,AL,Rural Emergency Hospital,Proprietary,true,false,,Not Available,19,2
78,010780,EAMC - LANIER,AL,Rural Emergency Hospital,Government - Hospital District or Authority,true,false,,Not Available,19,2
79,010781,J PAUL JONES HOSPITAL,AL,Rural Emergency Hospital,Government - Local,true,false,,Not Available,19,2
80,011300,WASHINGTON COUNTY HOSPITAL,AL,Critical Access Hospitals,Government - Local,true,false,,Not Available,16,2
81,011302,RED BAY HOSPITAL,AL,Critical Access Hospitals,Government - Hospital District or Authority,true,false,,Not Available,16,2
82,011304,OCHSNER CHOCTAW GENERAL,AL,Critical Access Hospitals,Voluntary non-profit - Private,true,false,,Not Available,16,2
83,011305,ST VINCENTS BLOUNT,AL,Critical Access Hospitals,Voluntary non-profit - Private,true,false,,Not Available,16,2
84,011306,TANNER MEDICAL CENTER-EAST ALABAMA,AL,Critical Access Hospitals,Government - Hospital District or Authority,true,false,,Not Available,16,2
85,011307,MEDICAL CENTER BARBOUR,AL,Critical Access Hospitals,Government - Hospital District or Authority,true,false,,Not Available,5,2
86,011308,CRENSHAW COMMUNITY HOSPITAL,AL,Critical Access Hospitals,Government - Hospital District or Authority,true,false,,Not Available,5,2
87,011309,WIREGRASS MEDICAL CENTER,AL,Critical Access Hospitals,Government - Hospital District or Authority,true,false,,Not Available,5,2
88,011311,LAKELAND COMMUNITY HOSPITAL,AL,Critical Access Hospitals,Proprietary,true,false,,Not Available,5,2
89,013300,THE CHILDREN'S HOSPITAL OF ALABAMA,AL,Childrens,Voluntary non-profit - Private,true,false,,Not Available,19,2
90,013301,USA HEALTH CHILDREN'S & WOMEN'S HOSPITAL,AL,Childrens,Government - State,true,false,,Not Available,19,2
91,014000,HILL CREST BEHAVIORAL HEALTH SERVICES,AL,Psychiatric,Proprietary,true,false,,Not Available,19,2
92,014006,MOUNTAIN VIEW HOSPITAL,AL,Psychiatric,Proprietary,true,false,,Not Available,19,2
93,014007,BRYCE HOSPITAL,AL,Psychiatric,Government - State,true,false,,Not Available,19,2
94,014012,MARY S HARPER GERIATRIC PSYCHIATRY CENTER,AL,Psychiatric,Government - State,true,false,,Not Available,19,2
95,014014,BAYPOINTE BEHAVIORAL HEALTH,AL,Psychiatric,Voluntary non-profit - Other,true,false,,Not Available,19,2
96,014015,BEACON CHILDREN'S HOSPITAL,AL,Psychiatric,Proprietary,true,false,,Not Available,19,2
97,014016,"SANCTUARY AT THE WOODLANDS, THE",AL,Psychiatric,Proprietary,true,false,,Not Available,19,2
98,014017,EASTPOINTE HOSPITAL,AL,Psychiatric,Voluntary non-profit - Other,true,false,,Not Available,19,2
99,014018,UNITY PSYCHIATRIC CARE - HUNTSVILLE,AL,Psychiatric,Proprietary,true,false,,Not Available,19,2
100,020001,PROVIDENCE ALASKA MEDICAL CENTER,AK,Acute Care Hospitals,Voluntary non-profit - Church,true,false,3.0,3,,1
101,020006,MAT-SU REGIONAL MEDICAL CENTER,AK,Acute Care Hospitals,Voluntary non-profit - Other,true,false,3.0,3,,1
102,020008,BARTLETT REGIONAL HOSPITAL,AK,Acute Care Hospitals,Government - Local,true,false,4.0,4,,1
103,020012,FAIRBANKS MEMORIAL HOSPITAL,AK,Acute Care Hospitals,Voluntary non-profit - Private,true,false,2.0,2,,1
104,020017,ALASKA REGIONAL HOSPITAL,AK,Acute Care Hospitals,Proprietary,true,false,1.0,1,,1
105,020018,YUKON KUSKOKWIM DELTA REG HOSPITAL,AK,Acute Care Hospitals,Tribal,true,false,5.0,5,,1
106,020024,CENTRAL PENINSULA GENERAL HOSPITAL,AK,Acute Care Hospitals,Voluntary non-profit - Other,true,false,2.0,2,,1
107,020026,ALASKA NATIVE MEDICAL CENTER,AK,Acute Care Hospitals,Government - Federal,true,false,2.0,2,,1
108,02013F,673rd Medical Group (Joint Base Elmendorf-Richardson),AK,Acute Care - Department of Defense,Department of Defense,true,true,,Not Available,22,1
109,02014F,Bassett ACH (FT Wainwright),AK,Acute Care - Department of Defense,Department of Defense,true,true,,Not Available,22,1
110,021301,PROVIDENCE VALDEZ MEDICAL CENTER,AK,Critical Access Hospitals,Government - Local,true,false,,Not Available,16,1
111,021302,PROVIDENCE SEWARD HOSPITAL,AK,Critical Access Hospitals,Government - Local,true,false,,Not Available,16,1
112,021304,PETERSBURG MEDICAL CENTER,AK,Critical Access Hospitals,Government - Local,true,false,,Not Available,16,1
113,021305,SEARHC WRANGELL MEDICAL CENTER & LTC,AK,Critical Access Hospitals,Tribal,true,false,,Not Available,16,1
114,021306,PROVIDENCE KODIAK ISLAND MEDICAL CTR,AK,Critical Access Hospitals,Voluntary non-profit - Church,true,false,,Not Available,16,1
115,021307,CORDOVA COMMUNITY MEDICAL CENTER,AK,Critical Access Hospitals,Government - Local,true,false,,Not Available,16,1
116,021308,NORTON SOUND REGIONAL HOSPITAL,AK,Critical Access Hospitals,Tribal,true,false,,Not Available,16,1
117,021309,BRISTOL BAY DBA KANAKANAK HOSPITAL,AK,Critical Access Hospitals,Voluntary non-profit - Private,true,false,,Not Available,16,1
118,021310,MANIILAQ HEALTH CENTER,AK,Critical Access Hospitals,Tribal,true,false,,Not Available,16,1
119,021311,PEACEHEALTH KETCHIKAN MEDICAL CENTER,AK,Critical Access Hospitals,Voluntary non-profit - Church,true,false,4.0,4,,1
120,021312,SAMUEL SIMMONDS MEMORIAL HOSPITAL,AK,Critical Access Hospitals,Tribal,true,false,,Not Available,16,1
121,021313,SOUTH PENINSULA HOSPITAL,AK,Critical Access Hospitals,Voluntary non-profit - Private,true,false,,Not Available,16,1
122,021314,SOUTHEAST ALASKA REGIONAL HEALTH CONSORTIUM,AK,Critical Access Hospitals,Tribal,true,false,3.0,3,,1
123,024001,NORTH STAR HOSPITAL,AK,Psychiatric,Proprietary,true,false,,Not Available,19,1
124,024002,ALASKA PSYCHIATRIC INSTITUTE,AK,Psychiatric,Government - State,true,false,,Not Available,19,1
125,030002,BANNER - UNIVERSITY MEDICAL CENTER PHOENIX,AZ,Acute Care Hospitals,Voluntary non-profit - Other,true,false,3.0,3,,5
126,030006,TUCSON MEDICAL CENTER,AZ,Acute Care Hospitals,Voluntary non-profit - Private,true,false,2.0,2,,5
127,030007,VERDE VALLEY MEDICAL CENTER,AZ,Acute Care Hospitals,Voluntary non-profit - Private,true,false,4.0,4,,5
128,030010,ST. MARY'S HOSPITAL,AZ,Acute Care Hospitals,Voluntary non-profit - Private,true,false,2.0,2,,5
129,030011,ST JOSEPH'S HOSPITAL,AZ,Acute Care Hospitals,Voluntary non-profit - Other,true,false,3.0,3,,5
130,030012,YAVAPAI REGIONAL MEDICAL CENTER,AZ,Acute Care Hospitals,Voluntary non-profit - Private,true,false,2.0,2,,5
131,030013,YUMA REGIONAL MEDICAL CENTER,AZ,Acute Care Hospitals,Voluntary non-profit - Private,true,false,2.0,2,,5
132,030014,HONOR HEALTH JOHN C. LINCOLN MEDICAL CENTER,AZ,Acute Care Hospitals,Voluntary non-profit - Private,true,false,3.0,3,,5
133,030016,BANNER CASA GRANDE MEDICAL CENTER,AZ,Acute Care Hospitals,Voluntary non-profit - Other,true,false,2.0,2,,5
134,030022,VALLEYWISE HEALTH MEDICAL CENTER,AZ,Acute Care Hospitals,Government - Local,true,false,1.0,1,,5
135,030023,FLAGSTAFF MEDICAL CENTER,AZ,Acute Care Hospitals,Voluntary non-profit - Private,true,false,4.0,4,,5
136,030024,ST JOSEPHS HOSPITAL AND MEDICAL CENTER,AZ,Acute Care Hospitals,Voluntary non-profit - Church,true,false,4.0,4,,5
137,030030,ABRAZO CENTRAL CAMPUS,AZ,Acute Care Hospitals,Physician,true,false,2.0,2,,5
138,030036,CHANDLER REGIONAL MEDICAL CENTER,AZ,Acute Care Hospitals,Voluntary non-profit - Private,true,false,4.0,4,,5
139,030037,HONORHEALTH TEMPE MEDICAL CENTER,AZ,Acute Care Hospitals,Proprietary,true,false,,Not Available,16,5
140,030038,HONORHEALTH SCOTTSDALE OSBORN MEDICAL CENTER,AZ,Acute Care Hospitals,Proprietary,true,false,3.0,3,,5
141,030043,CANYON VISTA MEDICAL CENTER,AZ,Acute Care Hospitals,Voluntary non-profit - Other,true,false,2.0,2,,5
142,030055,KINGMAN REGIONAL MEDICAL CENTER,AZ,Acute Care Hospitals,Government - Hospital District or Authority,true,false,3.0,3,,5
143,030061,BANNER BOSWELL MEDICAL CENTER,AZ,Acute Care Hospitals,Voluntary non-profit - Other,true,false,3.0,3,,5
144,030062,SUMMIT HEALTHCARE REGIONAL MEDICAL CENTER,AZ,Acute Care Hospitals,Voluntary non-profit - Private,true,false,4.0,4,,5
145,030064,BANNER - UNIVERSITY MEDICAL CENTER TUCSON CAMPUS,AZ,Acute Care Hospitals,Voluntary non-profit - Private,true,false,3.0,3,,5
146,030065,BANNER DESERT MEDICAL CENTER,AZ,Acute Care Hospitals,Voluntary non-profit - Private,true,false,2.0,2,,5
147,030069,HAVASU REGIONAL MEDICAL CENTER,AZ,Acute Care Hospitals,Proprietary,true,false,3.0,3,,5
148,030071,FORT DEFIANCE INDIAN HOSPITAL,AZ,Acute Care Hospitals,Tribal,true,false,,Not Available,16,5
149,030073,TUBA CITY REGIONAL HEALTH CARE CORPORATION,AZ,Acute Care Hospitals,Voluntary non-profit - Other,true,false,,Not Available,16,5
150,030074,SELLS HOSPITAL,AZ,Acute Care Hospitals,Tribal,true,false,,Not Available,16,5
151,030078,PHOENIX INDIAN MEDICAL CENTER,AZ,Acute Care Hospitals,Government - Federal,true,false,,Not Available,16,5
152,030083,ABRAZO SCOTTSDALE CAMPUS,AZ,Acute Care Hospitals,Proprietary,true,false,3.0,3,,5
153,030084,CHINLE COMPREHENSIVE HEALTH CARE FACILITY,AZ,Acute Care Hospitals,Government - Federal,true,false,,Not Available,16,5
154,030085,NORTHWEST MEDICAL CENTER,AZ,Acute Care Hospitals,Proprietary,true,false,2.0,2,,5
155,030087,HONORHEALTH SCOTTSDALE SHEA MEDICAL CENTER,AZ,Acute Care Hospitals,Proprietary,true,false,3.0,3,,5
156,030088,BANNER BAYWOOD MEDICAL CENTER,AZ,Acute Care Hospitals,Voluntary non-profit - Private,true,false,2.0,2,,5
157,030089,BANNER THUNDERBIRD MEDICAL CENTER,AZ,Acute Care Hospitals,Government - Hospital District or Authority,true,false,4.0,4,,5
158,030092,HONORHEALTH DEER VALLEY MEDICAL CENTER,AZ,Acute Care Hospitals,Voluntary non-profit - Private,true,false,3.0,3,,5
159,030093,BANNER DEL E. WEBB MEDICAL CENTER,AZ,Acute Care Hospitals,Voluntary non-profit - Private,true,false,3.0,3,,5
160,030094,ABRAZO ARROWHEAD HOSPITAL,AZ,Acute Care Hospitals,Proprietary,true,false,2.0,2,,5
161,030101,WESTERN ARIZONA REGIONAL MEDICAL CENTER,AZ,Acute Care Hospitals,Proprietary,true,false,2.0,2,,5
162,030103,MAYO CLINIC HOSPITAL,AZ,Acute Care Hospitals,Voluntary non-profit - Private,true,false,5.0,5,,5
163,030105,BANNER HEART HOSPITAL,AZ,Acute Care Hospitals,Voluntary non-profit - Private,true,false,2.0,2,,5
164,030107,ARIZONA SPINE AND JOINT HOSPITAL,AZ,Acute Care Hospitals,Physician,true,false,,Not Available,16,5
165,030108,THE CORE INSTITUTE SPECIALTY HOSP,AZ,Acute Care Hospitals,Physician,true,false,,Not Available,16,5
166,030110,ABRAZO WEST CAMPUS,AZ,Acute Care Hospitals,Proprietary,true,false,2.0,2,,5
167,030111,BANNER-UNIVERSITY MEDICAL CENTER SOUTH CAMPUS,AZ,Acute Care Hospitals,Voluntary non-profit - Private,true,false,4.0,4,,5
168,030112,ARIZONA ORTHOPEDIC AND SURGICAL SPECIALTY HOSPITAL,AZ,Acute Care Hospitals,Proprietary,true,false,,Not Available,16,5
169,030113,WHITERIVER PHS INDIAN HOSPITAL,AZ,Acute Care Hospitals,Government - Federal,true,false,,Not Available,16,5
170,030114,ORO VALLEY HOSPITAL,AZ,Acute Care Hospitals,Proprietary,true,false,3.0,3,,5
171,030115,BANNER ESTRELLA MEDICAL CENTER,AZ,Acute Care Hospitals,Voluntary non-profit - Private,true,false,3.0,3,,5
172,030117,VALLEY VIEW MEDICAL CENTER,AZ,Acute Care Hospitals,Proprietary,true,false,2.0,2,,5
173,030119,MERCY GILBERT MEDICAL CENTER,AZ,Acute Care Hospitals,Voluntary non-profit - Church,true,false,5.0,5,,5
174,030121,HONORHEALTH FOUR PEAKS MEDICAL CENTER,AZ,Acute Care Hospitals,Proprietary,true,false,2.0,2,,5
175,030122,BANNER GATEWAY MEDICAL CENTER,AZ,Acute Care Hospitals,Voluntary non-profit - Other,true,false,3.0,3,,5
176,030123,HONORHEALTH SCOTTSDALE THOMPSON PEAK MED CTR,AZ,Acute Care Hospitals,Voluntary non-profit - Private,true,false,5.0,5,,5
177,03012F,PHOENIX VA MEDICAL CENTER,AZ,Acute Care - Veterans Administration,Veterans Health Administration,true,true,5.0,5,,5
178,030130,BANNER IRONWOOD MEDICAL CENTER,AZ,Acute Care Hospitals,Voluntary non-profit - Private,true,false,3.0,3,,5
179,030134,BANNER GOLDFIELD MEDICAL CENTER,AZ,Acute Care Hospitals,Voluntary non-profit - Other,true,false,5.0,5,,5
180,030136,DIGNITY HEALTH - ARIZONA GENERAL HOSPITAL,AZ,Acute Care Hospitals,Proprietary,true,false,,Not Available,16,5
181,030138,CITY OF HOPE CANCER CENTER PHOENIX,AZ,Acute Care Hospitals,Proprietary,true,false,4.0,4,,5
182,030139,DIGNITY HEALTH ARIZONA GENERAL HOSPITAL,AZ,Acute Care Hospitals,Voluntary non-profit - Private,true,false,5.0,5,,5
183,03013F,VA S. ARIZONA HEALTHCARE SYSTEM,AZ,Acute Care - Veterans Administration,Veterans Health Administration,true,true,5.0,5,,5
184,030146,HONORHEALTH SONORAN CROSSING MEDICAL CENTER,AZ,Acute Care Hospitals,Voluntary non-profit - Private,true,false,4.0,4,,5
185,030147,BANNER OCOTILLO MEDICAL CENTER,AZ,Acute Care Hospitals,Voluntary non-profit - Private,true,false,3.0,3,,5
186,030148,NORTHWEST MEDICAL CENTER SAHUARITA,AZ,Acute Care Hospitals,Voluntary non-profit - Private,true,false,3.0,3,,5
187,030152,EXCEPTIONAL COMMUNITY HOSPITAL - MARICOPA,AZ,Acute Care Hospitals,Proprietary,true,false,,Not Available,16,5
188,030153,EAST VALLEY ER & HOSPITAL,AZ,Acute Care Hospitals,Proprietary,true,false,,Not Available,16,5
189,030154,EXCEPTIONAL COMMUNITY HOSPITAL YUMA,AZ,Acute Care Hospitals,Proprietary,true,false,,Not Available,16,5
190,030155,EXCEPTIONAL COMMUNITY HOSPITAL BULLHEAD CITY,AZ,Acute Care Hospitals,Proprietary,true,false,,Not Available,5,5
191,030195,KAYENTA ALTERNATIVE RURAL HOSPITAL,AZ,Acute Care Hospitals,Government - Federal,true,false,,Not Available,19,5
192,030196,EXCEPTIONAL COMMUNITY HOSPITAL PRESCOTT,AZ,Acute Care Hospitals,Proprietary,true,false,,Not Available,19,5
193,03033F,VA NORTHERN ARIZONA HEALTHCARE SYSTEM,AZ,Acute Care - Veterans Administration,Veterans Health Administration,true,true,5.0,5,,5
194,031300,WICKENBURG COMMUNITY HOSPITAL,AZ,Critical Access Hospitals,Voluntary non-profit - Other,true,false,,Not Available,16,5
195,031301,BENSON HOSPITAL,AZ,Critical Access Hospitals,Voluntary non-profit - Private,true,false,,Not Available,16,5
196,031302,"NORTHERN COCHISE COMMUNITY HOSPITAL, INC.",AZ,Critical Access Hospitals,Voluntary non-profit - Private,true,false,,Not Available,16,5
197,031304,PAGE HOSPITAL,AZ,Critical Access Hospitals,Government - Hospital District or Authority,true,false,,Not Available,16,5
198,031305,HOPI HEALTH CARE CENTER,AZ,Critical Access Hospitals,Tribal,true,false,,Not Available,16,5
199,031307,PARKER INDIAN HEALTH CENTER,AZ,Critical Access Hospitals,Government - Federal,true,false,,Not Available,16,5
200,031308,HUHU KAM MEMORIAL HOSPITAL,AZ,Critical Access Hospitals,Government - Federal,true,false,,Not Available,16,5
201,031309,SAGE MEMORIAL HOSPITAL,AZ,Critical Access Hospitals,Voluntary non-profit - Private,true,false,,Not Available,16,5
202,031311,LITTLE COLORADO MEDICAL CENTER,AZ,Critical Access Hospitals,Voluntary non-profit - Private,true,false,,Not Available,16,5
203,031312,COPPER QUEEN COMMUNITY HOSPITAL,AZ,Critical Access Hospitals,Voluntary non-profit - Private,true,false,,Not Available,16,5
204,031313,HOLY CROSS HOSPITAL,AZ,Critical Access Hospitals,Proprietary,true,false,,Not Available,16,5
205,031314,COBRE VALLEY REGIONAL MEDICAL CENTER,AZ,Critical Access Hospitals,Voluntary non-profit - Private,true,false,2.0,2,,5
206,031315,WHITE MOUNTAIN REGIONAL MEDICAL CENTER,AZ,Critical Access Hospitals,Voluntary non-profit - Private,true,false,,Not Available,16,5
207,031317,LA PAZ REGIONAL HOSPITAL,AZ,Critical Access Hospitals,Voluntary non-profit - Private,true,false,2.0,2,,5
208,031318,BANNER PAYSON MEDICAL CENTER,AZ,Critical Access Hospitals,Voluntary non-profit - Other,true,false,4.0,4,,5
209,031319,MT. GRAHAM REGIONAL MEDICAL CENTER,AZ,Critical Access Hospitals,Government - Hospital District or Authority,true,false,,Not Available,16,5
210,031320,SAN CARLOS APACHE HEALTHCARE CORPORATION,AZ,Critical Access Hospitals,Tribal,true,false,,Not Available,16,5
211,033302,PHOENIX CHILDREN'S HOSPITAL,AZ,Childrens,Voluntary non-profit - Private,true,false,,Not Available,19,5
212,034004,BANNER BEHAVIORAL HEALTH HOSPITAL,AZ,Psychiatric,Voluntary non-profit - Private,true,false,,Not Available,19,5
213,034013,COLLEGE MEDICAL CENTER PHOENIX,AZ,Psychiatric,Proprietary,true,false,,Not Available,19,5
214,034020,HAVEN BEHAVIORAL HOSPITAL OF PHOENIX,AZ,Psychiatric,Proprietary,true,false,,Not Available,19,5
215,034021,ARIZONA STATE HOSPITAL,AZ,Psychiatric,Government - State,true,false,,Not Available,19,5
216,034022,SONORA BEHAVIORAL HEALTH HOSPITAL,AZ,Psychiatric,Proprietary,true,false,,Not Available,19,5
217,034023,THE GUIDANCE CENTER,AZ,Psychiatric,Voluntary non-profit - Private,true,false,,Not Available,19,5
218,034024,AURORA BEHAVIORAL HEALTH SYSTEM,AZ,Psychiatric,Proprietary,true,false,,Not Available,19,5
219,034025,THE HEALING PLACE,AZ,Psychiatric,Proprietary,true,false,,Not Available,19,5
220,034026,VALLEY HOSPITAL,AZ,Psychiatric,Proprietary,true,false,,Not Available,19,5
221,034027,CHANGEPOINT PSYCHIATRIC HOSPITAL,AZ,Psychiatric,Voluntary non-profit - Private,true,false,,Not Available,19,5
222,034028,AURORA BEHAVIORAL HEALTHCARE-TEMPE,AZ,Psychiatric,Proprietary,true,false,,Not Available,19,5
223,034029,OASIS BEHAVIORAL HEALTH HOSPITAL,AZ,Psychiatric,Proprietary,true,false,,Not Available,19,5
224,034030,PALO VERDE BEHAVIORAL HEALTH,AZ,Psychiatric,Voluntary non-profit - Private,true,false,,Not Available,19,5
225,034031,QUAIL RUN BEHAVIORAL HEALTH,AZ,Psychiatric,Voluntary non-profit - Other,true,false,,Not Available,19,5
226,034032,COPPER SPRINGS EAST- GILBERT,AZ,Psychiatric,Proprietary,true,false,,Not Available,19,5
227,034033,EL DORADO SPRINGS,AZ,Psychiatric,Proprietary,true,false,,Not Available,19,5
228,034034,DESTINY SPRINGS HEALTHCARE,AZ,Psychiatric,Physician,true,false,,Not Available,19,5
229,034035,AVENIR BEHAVIORAL HEALTH CENTER,AZ,Psychiatric,Proprietary,true,false,,Not Available,19,5
230,034038,"PHOENIX MEDICAL PSYCHIATRIC HOSPITAL, LLC",AZ,Psychiatric,Proprietary,true,false,,Not Available,19,5
231,034040,VIA LINDA BEHAVIORAL HOSPITAL,AZ,Psychiatric,Proprietary,true,false,,Not Available,19,5
232,034041,AGAVE RIDGE BEHAVIORAL HOSPITAL,AZ,Psychiatric,Proprietary,true,false,,Not Available,19,5
233,040001,SILOAM SPRINGS REGIONAL HOSPITAL,AR,Acute Care Hospitals,Proprietary,true,false,3.0,3,,3
234,040002,JOHNSON REGIONAL MEDICAL CENTER,AR,Acute Care Hospitals,Voluntary non-profit - Private,true,false,4.0,4,,3
235,040004,WASHINGTON REGIONAL MEDICAL CENTER,AR,Acute Care Hospitals,Voluntary non-profit - Private,true,false,4.0,4,,3
236,040007,CHI-ST VINCENT INFIRMARY,AR,Acute Care Hospitals,Voluntary non-profit - Private,true,false,3.0,3,,3
237,040010,MERCY HOSPITAL NORTHWEST ARKANSAS,AR,Acute Care Hospitals,Voluntary non-profit - Private,true,false,5.0,5,,3
238,040011,CHAMBERS MEMORIAL HOSPITAL,AR,Acute Care Hospitals,Voluntary non-profit - Private,true,false,4.0,4,,3
239,040014,WHITE COUNTY MEDICAL CENTER,AR,Acute Care Hospitals,Voluntary non-profit - Private,true,false,2.0,2,,3
240,040016,University of Arkansas Medical Sciences,AR,Acute Care Hospitals,Government - State,true,false,2.0,2,,3
241,040017,NORTH ARKANSAS REGIONAL MEDICAL CENTER,AR,Acute Care Hospitals,Voluntary non-profit - Private,true,false,2.0,2,,3
242,040018,BAPTIST HEALTH - VAN BUREN,AR,Acute Care Hospitals,Voluntary non-profit - Private,true,false,,Not Available,16,3
243,040019,FORREST CITY MEDICAL CENTER,AR,Acute Care Hospitals,Proprietary,true,false,,Not Available,16,3
244,040020,ST BERNARDS MEDICAL CENTER,AR,Acute Care Hospitals,Voluntary non-profit - Private,true,false,1.0,1,,3
245,040022,NORTHWEST MEDICAL CENTER-SPRINGDALE,AR,Acute Care Hospitals,Proprietary,true,false,3.0,3,,3
246,040026,CHI ST. VINCENT HOSPITAL HOT SPRINGS,AR,Acute Care Hospitals,Voluntary non-profit - Private,true,false,3.0,3,,3
247,040027,BAXTER HEALTH,AR,Acute Care Hospitals,Voluntary non-profit - Private,true,false,2.0,2,,3
248,040029,"CONWAY REGIONAL MEDICAL CENTER, INC",AR,Acute Care Hospitals,Voluntary non-profit - Private,true,false,2.0,2,,3
249,040036,BAPTIST HEALTH MEDICAL CENTER NORTH LITTLE ROCK,AR,Acute Care Hospitals,Voluntary non-profit - Private,true,false,1.0,1,,3
250,040039,ARKANSAS METHODIST MEDICAL CENTER,AR,Acute Care Hospitals,Voluntary non-profit - Private,true,false,2.0,2,,3
251,040041,ST MARYS REGIONAL MEDICAL CENTER,AR,Acute Care Hospitals,Proprietary,true,false,4.0,4,,3
252,040050,OUACHITA COUNTY MEDICAL CENTER,AR,Acute Care Hospitals,Voluntary non-profit - Private,true,false,2.0,2,,3
253,040051,BAPTIST HEALTH MEDICAL CENTER-DREW COUNTY,AR,Acute Care Hospitals,Voluntary non-profit - Private,true,false,2.0,2,,3
254,040055,BAPTIST HEALTH - FORT SMITH,AR,Acute Care Hospitals,Voluntary non-profit - Private,true,false,2.0,2,,3
255,040062,MERCY HOSPITAL FORT SMITH,AR,Acute Care Hospitals,Voluntary non-profit - Private,true,false,3.0,3,,3
256,040069,GREAT RIVER MEDICAL CENTER,AR,Acute Care Hospitals,Government - Local,true,false,2.0,2,,3
257,040071,JEFFERSON REGIONAL MEDICAL CENTER,AR,Acute Care Hospitals,Voluntary non-profit - Private,true,false,1.0,1,,3
258,040072,BAPTIST HEALTH MEDICAL CENTER-STUTTGART,AR,Acute Care Hospitals,Voluntary non-profit - Private,true,false,3.0,3,,3
259,040076,BAPTIST HEALTH MEDICAL CENTER-HOT SPRINGS COUNTY,AR,Acute Care Hospitals,Voluntary non-profit - Private,true,false,,Not Available,16,3
260,040078,NATIONAL PARK MEDICAL CENTER,AR,Acute Care Hospitals,Proprietary,true,false,2.0,2,,3
261,040084,SALINE MEMORIAL HOSPITAL,AR,Acute Care Hospitals,Proprietary,true,false,3.0,3,,3
262,040088,SOUTH ARKANSAS REGIONAL HOSPITAL LLC,AR,Acute Care Hospitals,Proprietary,true,false,3.0,3,,3
263,04009F,FAYETTEVILLE AR VA MEDICAL CENTER,AR,Acute Care - Veterans Administration,Veterans Health Administration,true,true,5.0,5,,3
264,04010F,VA CENTRAL AR. VETERANS HEALTHCARE SYSTEM LR,AR,Acute Care - Veterans Administration,Veterans Health Administration,true,true,2.0,2,,3
265,040114,BAPTIST HEALTH MEDICAL CENTER-LITTLE ROCK,AR,Acute Care Hospitals,Voluntary non-profit - Private,true,false,3.0,3,,3
266,040118,"BAPTIST MEMORIAL HOSPITAL JONESBORO, INC.",AR,Acute Care Hospitals,Voluntary non-profit - Private,true,false,3.0,3,23,3
267,040119,WHITE RIVER MEDICAL CENTER,AR,Acute Care Hospitals,Voluntary non-profit - Private,true,false,3.0,3,,3
268,040132,LEVI HOSPITAL,AR,Acute Care Hospitals,Voluntary non-profit - Private,true,false,,Not Available,16,3
269,040134,"ARKANSAS HEART HOSPITAL, LLC",AR,Acute Care Hospitals,Proprietary,true,false,3.0,3,,3
270,040137,ST VINCENT MEDICAL CENTER/NORTH,AR,Acute Care Hospitals,Voluntary non-profit - Church,true,false,4.0,4,,3
271,040147,ARKANSAS SURGICAL HOSPITAL,AR,Acute Care Hospitals,Physician,true,false,,Not Available,16,3
272,040153,SOUTHWEST REGIONAL MEDICAL CENTER LLC,AR,Acute Care Hospitals,Proprietary,true,false,,Not Available,16,3
273,040154,BAPTIST HEALTH MEDICAL CENTER- CONWAY,AR,Acute Care Hospitals,Voluntary non-profit - Private,true,false,2.0,2,,3
274,040156,"BAPTIST MEMORIAL HOSPITAL-CRITTENDEN, INC",AR,Acute Care Hospitals,Voluntary non-profit - Private,true,false,,Not Available,16,3
275,040161,ARKANSAS HEART HOSPITAL-ENCORE,AR,Acute Care Hospitals,Proprietary,true,false,2.0,2,,3
276,040164,UNITY HEALTH - JACKSONVILLE,AR,Acute Care Hospitals,Voluntary non-profit - Private,true,false,,Not Available,16,3
277,040779,ST BERNARDS FIVE RIVERS MEDICAL CENTER,AR,Rural Emergency Hospital,Voluntary non-profit - Private,true,false,,Not Available,19,3
278,040780,EUREKA SPRINGS HOSPITAL COMMISSION,AR,Rural Emergency Hospital,Government - Local,true,false,,Not Available,19,3
279,040781,HELENA REGIONAL MEDICAL CENTER,AR,Rural Emergency Hospital,Proprietary,true,false,,Not Available,19,3
280,040782,SOUTH MISSISSIPPI COUNTY REGIONAL MEDICAL CENTER,AR,Rural Emergency Hospital,Government - Local,true,false,,Not Available,19,3
281,040783,"DEWITT HOSPITAL & NURSING HOME, INC",AR,Rural Emergency Hospital,Voluntary non-profit - Private,true,false,,Not Available,19,3
282,041300,MERCY HOSPITAL PARIS,AR,Critical Access Hospitals,Voluntary non-profit - Private,true,false,5.0,5,,3
283,041302,DARDANELLE REGIONAL MEDICAL CENTER,AR,Critical Access Hospitals,Government - Local,true,false,,Not Available,16,3
284,041303,MERCY HOSPITAL OZARK,AR,Critical Access Hospitals,Voluntary non-profit - Private,true,false,,Not Available,16,3
285,041305,MERCY HOSPITAL WALDRON,AR,Critical Access Hospitals,Voluntary non-profit - Private,true,false,,Not Available,16,3
286,041306,IZARD REGIONAL HOSPITAL LLC,AR,Critical Access Hospitals,Voluntary non-profit - Private,true,false,,Not Available,16,3
287,041307,CROSSRIDGE COMMUNITY HOSPITAL,AR,Critical Access Hospitals,Voluntary non-profit - Private,true,false,,Not Available,16,3
288,041308,MCGEHEE HOSPITAL,AR,Critical Access Hospitals,Voluntary non-profit - Private,true,false,,Not Available,16,3
289,041309,LAWRENCE MEMORIAL HOSPITAL,AR,Critical Access Hospitals,Voluntary non-profit - Private,true,false,,Not Available,16,3
290,041310,STONE COUNTY MEDICAL CENTER,AR,Critical Access Hospitals,Voluntary non-profit - Private,true,false,,Not Available,16,3
291,041311,HOWARD MEMORIAL HOSPITAL,AR,Critical Access Hospitals,Voluntary non-profit - Private,true,false,3.0,3,,3
292,041312,BAPTIST HEALTH MEDICAL CENTER HEBER SPRINGS,AR,Critical Access Hospitals,Voluntary non-profit - Private,true,false,3.0,3,,3
293,041313,OZARK HEALTH,AR,Critical Access Hospitals,Voluntary non-profit - Private,true,false,4.0,4,,3
294,041317,DALLAS COUNTY MEDICAL CENTER,AR,Critical Access Hospitals,Government - Local,true,false,,Not Available,16,3
295,041318,MERCY HOSPITAL BOONEVILLE,AR,Critical Access Hospitals,Voluntary non-profit - Private,true,false,4.0,4,,3
296,041320,LITTLE RIVER MEMORIAL HOSPITAL,AR,Critical Access Hospitals,Voluntary non-profit - Private,true,false,,Not Available,16,3
297,041321,BAPTIST HEALTH MEDICAL CENTER-ARKADELPHIA,AR,Critical Access Hospitals,Voluntary non-profit - Private,true,false,,Not Available,16,3
298,041322,BAXTER HEALTH FULTON COUNTY HOSPITAL,AR,Critical Access Hospitals,Government - Local,true,false,,Not Available,16,3
299,041323,ASHLEY COUNTY MEDICAL CENTER,AR,Critical Access Hospitals,Voluntary non-profit - Private,true,false,4.0,4,,3
300,041324,CHI ST VINCENT MORRILTON,AR,Critical Access Hospitals,Voluntary non-profit - Church,true,false,,Not Available,16,3
301,041326,DELTA MEMORIAL HOSPITAL,AR,Critical Access Hospitals,Voluntary non-profit - Private,true,false,,Not Available,16,3
302,041327,BRADLEY COUNTY MEDICAL CENTER,AR,Critical Access Hospitals,Voluntary non-profit - Private,true,false,,Not Available,16,3
303,041328,CHICOT MEMORIAL MEDICAL CENTER,AR,Critical Access Hospitals,Voluntary non-profit - Private,true,false,,Not Available,16,3
304,041329,MERCY HOSPITAL BERRYVILLE,AR,Critical Access Hospitals,Voluntary non-profit - Private,true,false,,Not Available,16,3
305,041330,PIGGOTT COMMUNITY HOSPITAL,AR,Critical Access Hospitals,Government - Local,true,false,3.0,3,,3
306,041331,OZARKS COMMUNITY HOSPITAL OF GRAVETTE,AR,Critical Access Hospitals,Voluntary non-profit - Private,true,false,,Not Available,16,3
307,041332,UNITY HEALTH - NEWPORT,AR,Critical Access Hospitals,Government - Local,true,false,,Not Available,16,3
308,041333,SEVIER COUNTY MEDICAL CENTER,AR,Critical Access Hospitals,Government - Local,true,false,,Not Available,19,3
309,041334,MENA REGIONAL HEALTH SYSTEM,AR,Critical Access Hospitals,Voluntary non-profit - Other,true,false,,Not Available,5,3
310,041335,SOUTHWEST REGIONAL MEDICAL CENTER LLC,AR,Critical Access Hospitals,Proprietary,true,false,,Not Available,19,3
311,043300,ARKANSAS CHILDREN'S HOSPITAL,AR,Childrens,Voluntary non-profit - Private,true,false,,Not Available,19,3
312,043301,"ARKANSAS CHILDREN'S NORTHWEST, INC",AR,Childrens,Voluntary non-profit - Private,true,false,,Not Available,19,3
313,044004,VISTA HEALTH FAYETTEVILLE,AR,Psychiatric,Proprietary,true,false,,Not Available,19,3
314,044005,BRIDGEWAY HOSPITAL,AR,Psychiatric,Proprietary,true,false,,Not Available,19,3
315,044006,VALLEY BEHAVIORAL HEALTH SYSTEM,AR,Psychiatric,Voluntary non-profit - Other,true,false,,Not Available,19,3
316,044007,RIVENDELL BEHAVIORAL HEALTH SERVICES,AR,Psychiatric,Proprietary,true,false,,Not Available,19,3
317,044011,ARKANSAS STATE HOSPITAL,AR,Psychiatric,Government - State,true,false,,Not Available,19,3
318,044017,UNITED METHODIST BEHAVIORAL HOSPITAL,AR,Psychiatric,Voluntary non-profit - Private,true,false,,Not Available,19,3
319,044019,SPRINGWOODS BEHAVIORAL HEALTH SERVICES,AR,Psychiatric,Proprietary,true,false,,Not Available,19,3
320,044020,RIVERVIEW BEHAVIORAL HEALTH,AR,Psychiatric,Proprietary,true,false,,Not Available,19,3
321,044021,PERIMETER BEHAVIORAL HOSPITAL OF WEST MEMPHIS,AR,Psychiatric,Voluntary non-profit - Church,true,false,,Not Available,19,3
322,044022,CONWAY BEHAVIORAL HEALTH,AR,Psychiatric,Proprietary,true,false,,Not Available,19,3
323,050002,ST ROSE HOSPITAL,CA,Acute Care Hospitals,Voluntary non-profit - Church,true,false,1.0,1,,6
324,050006,PROVIDENCE ST JOSEPH HOSPITAL,CA,Acute Care Hospitals,Voluntary non-profit - Private,true,false,4.0,4,,6
325,050007,PENINSULA MEDICAL CENTER,CA,Acute Care Hospitals,Voluntary non-profit - Private,true,false,5.0,5,,6
326,050008,CALIFORNIA PACIFIC MEDICAL CTR-DAVIES CAMPUS HOSP,CA,Acute Care Hospitals,Voluntary non-profit - Other,true,false,3.0,3,,6
327,050009,PROVIDENCE QUEEN OF THE VALLEY MEDICAL CENTER,CA,Acute Care Hospitals,Voluntary non-profit - Private,true,false,4.0,4,,6
328,050013,ADVENTIST HEALTH ST HELENA,CA,Acute Care Hospitals,Voluntary non-profit - Private,true,false,4.0,4,,6
329,050014,SUTTER AMADOR HOSPITAL,CA,Acute Care Hospitals,Voluntary non-profit - Private,true,false,4.0,4,,6
330,050017,MERCY GENERAL HOSPITAL,CA,Acute Care Hospitals,Voluntary non-profit - Private,true,false,3.0,3,,6
331,050022,RIVERSIDE COMMUNITY HOSPITAL,CA,Acute Care Hospitals,Proprietary,true,false,2.0,2,,6
332,050024,PARADISE VALLEY HOSPITAL,CA,Acute Care Hospitals,Proprietary,true,false,3.0,3,,6
333,050025,UC SAN DIEGO HEALTH HILLCREST - HILLCREST MED CTR,CA,Acute Care Hospitals,Voluntary non-profit - Other,true,false,5.0,5,,6
334,050026,GROSSMONT HOSPITAL,CA,Acute Care Hospitals,Government - Hospital District or Authority,true,false,4.0,4,,6
335,050028,MAD RIVER COMMUNITY HOSPITAL,CA,Acute Care Hospitals,Proprietary,true,false,1.0,1,,6
336,050030,OROVILLE HOSPITAL,CA,Acute Care Hospitals,Voluntary non-profit - Private,true,false,1.0,1,,6
337,050036,BAKERSFIELD MEMORIAL HOSPITAL,CA,Acute Care Hospitals,Voluntary non-profit - Private,true,false,3.0,3,,6
338,050038,SANTA CLARA VALLEY MEDICAL CENTER,CA,Acute Care Hospitals,Government - Local,true,false,2.0,2,,6
339,050039,ENLOE HEALTH,CA,Acute Care Hospitals,Voluntary non-profit - Private,true,false,3.0,3,,6
340,050040,LAC/OLIVE VIEW-UCLA MEDICAL CENTER,CA,Acute Care Hospitals,Voluntary non-profit - Other,true,false,2.0,2,,6
341,050042,ST ELIZABETH COMMUNITY HOSPITAL,CA,Acute Care Hospitals,Voluntary non-profit - Church,true,false,4.0,4,,6
342,050043,ALTA BATES SUMMIT MEDICAL CENTER,CA,Acute Care Hospitals,Voluntary non-profit - Private,true,false,5.0,5,,6
343,050045,EL CENTRO REGIONAL MEDICAL CENTER,CA,Acute Care Hospitals,Government - Local,true,false,1.0,1,,6
344,050047,CALIFORNIA PACIFIC MEDICAL CENTER- VAN NESS CAMPUS,CA,Acute Care Hospitals,Voluntary non-profit - Private,true,false,3.0,3,,6
345,050054,SAN GORGONIO MEMORIAL HOSPITAL,CA,Acute Care Hospitals,Government - Hospital District or Authority,true,false,3.0,3,,6
346,050055,CALIFORNIA PACIFIC MEDICAL CENTER - MISSION BERNAL,CA,Acute Care Hospitals,Voluntary non-profit - Church,true,false,4.0,4,,6
347,050056,ANTELOPE VALLEY HOSPITAL,CA,Acute Care Hospitals,Government - Hospital District or Authority,true,false,1.0,1,,6
348,050057,KAWEAH HEALTH MEDICAL CENTER,CA,Acute Care Hospitals,Government - Hospital District or Authority,true,false,3.0,3,,6
349,050058,GLENDALE MEM HOSPITAL & HLTH CENTER,CA,Acute Care Hospitals,Voluntary non-profit - Private,true,false,4.0,4,,6
350,050060,COMMUNITY REGIONAL MEDICAL CENTER,CA,Acute Care Hospitals,Voluntary non-profit - Private,true,false,1.0,1,,6
351,050063,HOLLYWOOD PRESBYTERIAN MEDICAL CENTER,CA,Acute Care Hospitals,Proprietary,true,false,3.0,3,,6
352,050067,OAK VALLEY HOSPITAL DISTRICT,CA,Acute Care Hospitals,Government - Hospital District or Authority,true,false,1.0,1,,6
353,050069,PROVIDENCE ST. JOSEPH HOSPITAL,CA,Acute Care Hospitals,Voluntary non-profit - Church,true,false,4.0,4,,6
354,050070,KAISER FOUNDATION HOSPITAL - SOUTH SAN FRANCISCO,CA,Acute Care Hospitals,Voluntary non-profit - Private,true,false,4.0,4,,6
355,050071,KAISER FOUNDATION HOSPITAL-SANTA CLARA,CA,Acute Care Hospitals,Voluntary non-profit - Private,true,false,2.0,2,,6
356,050072,KAISER FOUNDATION HOSPITAL - WALNUT CREEK,CA,Acute Care Hospitals,Voluntary non-profit - Private,true,false,3.0,3,,6
357,050073,KAISER FOUNDATION HOSPITAL AND REHAB CENTER,CA,Acute Care Hospitals,Voluntary non-profit - Private,true,false,2.0,2,,6
358,050075,KAISER FOUNDATION HOSPITAL - OAKLAND/RICHMOND,CA,Acute Care Hospitals,Voluntary non-profit - Private,true,false,2.0,2,,6
359,050076,KAISER FOUNDATION HOSPITAL - SAN FRANCISCO,CA,Acute Care Hospitals,Voluntary non-profit - Private,true,false,4.0,4,,6
360,050077,SCRIPPS MERCY HOSPITAL,CA,Acute Care Hospitals,Voluntary non-profit - Private,true,false,4.0,4,,6
361,050078,PROVIDENCE LITTLE CO OF MARY MED CTR SAN PEDRO,CA,Acute Care Hospitals,Voluntary non-profit - Private,true,false,4.0,4,,6
362,050082,ST JOHNS REGIONAL MEDICAL CENTER,CA,Acute Care Hospitals,Voluntary non-profit - Private,true,false,4.0,4,,6
363,050084,ST JOSEPH'S MEDICAL CENTER OF STOCKTON,CA,Acute Care Hospitals,Voluntary non-profit - Private,true,false,3.0,3,,6
364,050089,COMMUNITY HOSPITAL OF SAN BERNARDINO,CA,Acute Care Hospitals,Voluntary non-profit - Private,true,false,3.0,3,,6
365,050090,SONOMA VALLEY HOSPITAL,CA,Acute Care Hospitals,Government - Hospital District or Authority,true,false,2.0,2,,6
366,050091,COMMUNITY HOSPITAL OF HUNTINGTON PARK,CA,Acute Care Hospitals,Proprietary,true,false,1.0,1,,6
367,050093,SAINT AGNES MEDICAL CENTER,CA,Acute Care Hospitals,Voluntary non-profit - Church,true,false,2.0,2,,6
368,050099,SAN ANTONIO REGIONAL HOSPITAL,CA,Acute Care Hospitals,Voluntary non-profit - Other,true,false,3.0,3,,6
369,050100,SHARP MEMORIAL HOSPITAL,CA,Acute Care Hospitals,Voluntary non-profit - Private,true,false,4.0,4,,6
370,050101,SUTTER SOLANO MEDICAL CENTER,CA,Acute Care Hospitals,Voluntary non-profit - Private,true,false,3.0,3,,6
371,050102,PARKVIEW COMMUNITY HOSPITAL MEDICAL CENTER,CA,Acute Care Hospitals,Proprietary,true,false,3.0,3,,6
372,050103,ADVENTIST HEALTH WHITE MEMORIAL,CA,Acute Care Hospitals,Voluntary non-profit - Church,true,false,3.0,3,,6
373,050104,SAINT FRANCIS MEDICAL CENTER,CA,Acute Care Hospitals,Voluntary non-profit - Church,true,false,3.0,3,,6
374,050107,MARIAN REGIONAL MEDICAL CENTER,CA,Acute Care Hospitals,Voluntary non-profit - Church,true,false,3.0,3,,6
375,050108,"SUTTER MEDICAL CENTER, SACRAMENTO",CA,Acute Care Hospitals,Voluntary non-profit - Private,true,false,4.0,4,,6
376,050110,LOMPOC VALLEY MEDICAL CENTER,CA,Acute Care Hospitals,Government - Hospital District or Authority,true,false,1.0,1,,6
377,050112,SANTA MONICA - UCLA MED CTR & ORTHOPAEDIC HOSPITAL,CA,Acute Care Hospitals,Voluntary non-profit - Private,true,false,5.0,5,,6
378,050113,SAN MATEO MEDICAL CENTER,CA,Acute Care Hospitals,Government - Local,true,false,,Not Available,16,6
379,050115,PALOMAR HEALTH DOWNTOWN CAMPUS,CA,Acute Care Hospitals,Government - Hospital District or Authority,true,false,3.0,3,,6
380,050116,NORTHRIDGE HOSPITAL MEDICAL CENTER,CA,Acute Care Hospitals,Voluntary non-profit - Private,true,false,4.0,4,,6
381,050118,DOCTORS HOSPITAL OF MANTECA,CA,Acute Care Hospitals,Voluntary non-profit - Other,true,false,2.0,2,,6
382,050121,ADVENTIST HEALTH HANFORD,CA,Acute Care Hospitals,Voluntary non-profit - Church,true,false,3.0,3,,6
383,050122,DAMERON HOSPITAL,CA,Acute Care Hospitals,Voluntary non-profit - Other,true,false,2.0,2,,6
384,050124,USC VERDUGO HILLS HOSPITAL,CA,Acute Care Hospitals,Voluntary non-profit - Private,true,false,4.0,4,,6
385,050126,VALLEY PRESBYTERIAN HOSPITAL,CA,Acute Care Hospitals,Voluntary non-profit - Other,true,false,1.0,1,,6
386,050127,WOODLAND MEMORIAL HOSPITAL,CA,Acute Care Hospitals,Voluntary non-profit - Other,true,false,5.0,5,,6
387,050128,TRI-CITY MEDICAL CENTER,CA,Acute Care Hospitals,Government - Hospital District or Authority,true,false,1.0,1,,6
388,050129,ST BERNARDINE MEDICAL CENTER,CA,Acute Care Hospitals,Voluntary non-profit - Private,true,false,2.0,2,,6
389,050131,NOVATO COMMUNITY HOSPITAL,CA,Acute Care Hospitals,Voluntary non-profit - Private,true,false,5.0,5,,6
390,050132,SAN GABRIEL VALLEY MEDICAL CENTER,CA,Acute Care Hospitals,Proprietary,true,false,4.0,4,,6
391,050133,ADVENTIST HEALTH AND RIDEOUT,CA,Acute Care Hospitals,Government - Federal,true,false,2.0,2,,6
392,050135,SOUTHERN CALIFORNIA HOSPITAL AT HOLLYWOOD,CA,Acute Care Hospitals,Proprietary,true,false,3.0,3,,6
393,050136,PETALUMA VALLEY HOSPITAL,CA,Acute Care Hospitals,Voluntary non-profit - Other,true,false,4.0,4,,6
394,050137,KAISER FOUNDATION HOSPITAL - PANORAMA CITY,CA,Acute Care Hospitals,Voluntary non-profit - Private,true,false,4.0,4,,6
395,050138,KAISER FOUNDATION HOSPITAL - LOS ANGELES,CA,Acute Care Hospitals,Voluntary non-profit - Other,true,false,5.0,5,,6
396,050139,KAISER FOUNDATION HOSPITAL - DOWNEY,CA,Acute Care Hospitals,Voluntary non-profit - Other,true,false,4.0,4,,6
397,050140,KAISER FOUNDATION HOSPITAL FONTANA/ONTARIO,CA,Acute Care Hospitals,Voluntary non-profit - Private,true,false,3.0,3,,6
398,050145,COMMUNITY HOSPITAL OF THE MONTEREY PENINSULA,CA,Acute Care Hospitals,Voluntary non-profit - Private,true,false,4.0,4,,6
399,050149,CALIFORNIA HOSPITAL MEDICAL CENTER LA,CA,Acute Care Hospitals,Voluntary non-profit - Other,true,false,2.0,2,,6
400,050150,SIERRA NEVADA MEMORIAL HOSPITAL,CA,Acute Care Hospitals,Voluntary non-profit - Other,true,false,3.0,3,,6
401,050152,UCSF HEALTH SAINT FRANCIS HOSPITAL,CA,Acute Care Hospitals,Voluntary non-profit - Private,true,false,3.0,3,,6
402,050158,ENCINO HOSPITAL MEDICAL CENTER,CA,Acute Care Hospitals,Proprietary,true,false,3.0,3,,6
403,050159,VENTURA COUNTY MEDICAL CENTER,CA,Acute Care Hospitals,Government - Local,true,false,2.0,2,,6
404,05015F,60th Medical Group (Travis AFB),CA,Acute Care - Department of Defense,Department of Defense,true,true,,Not Available,22,6
405,050167,SAN JOAQUIN GENERAL HOSPITAL,CA,Acute Care Hospitals,Government - Local,true,false,2.0,2,,6
406,050168,PROVIDENCE ST. JUDE MEDICAL CENTER,CA,Acute Care Hospitals,Voluntary non-profit - Church,true,false,4.0,4,,6
407,050169,PIH HEALTH HOSPITAL-WHITTIER,CA,Acute Care Hospitals,Voluntary non-profit - Private,true,false,4.0,4,,6
408,050174,PROVIDENCE SANTA ROSA MEMORIAL HOSPITAL,CA,Acute Care Hospitals,Voluntary non-profit - Private,true,false,3.0,3,,6
409,050179,EMANUEL MEDICAL CENTER,CA,Acute Care Hospitals,Proprietary,true,false,2.0,2,,6
410,050180,JOHN MUIR MEDICAL CENTER - WALNUT CREEK CAMPUS,CA,Acute Care Hospitals,Voluntary non-profit - Other,true,false,2.0,2,,6
411,050191,ST MARY MEDICAL CENTER,CA,Acute Care Hospitals,Voluntary non-profit - Church,true,false,5.0,5,,6
412,050192,ADVENTIST HEALTH REEDLEY,CA,Acute Care Hospitals,Voluntary non-profit - Private,true,false,,Not Available,16,6
413,050194,WATSONVILLE COMMUNITY HOSPITAL,CA,Acute Care Hospitals,Proprietary,true,false,2.0,2,,6
414,050195,WASHINGTON HOSPITAL,CA,Acute Care Hospitals,Government - Hospital District or Authority,true,false,2.0,2,,6
415,050197,SEQUOIA HOSPITAL,CA,Acute Care Hospitals,Voluntary non-profit - Private,true,false,5.0,5,,6
416,050204,PALMDALE REGIONAL MEDICAL CENTER,CA,Acute Care Hospitals,Proprietary,true,false,3.0,3,,6
417,05020F,NH Camp Pendleton,CA,Acute Care - Department of Defense,Department of Defense,true,true,,Not Available,22,6
418,050211,ALAMEDA HOSPITAL,CA,Acute Care Hospitals,Government - Hospital District or Authority,true,false,4.0,4,,6
419,050222,SHARP CHULA VISTA MEDICAL CENTER,CA,Acute Care Hospitals,Proprietary,true,false,4.0,4,,6
420,050224,HOAG MEMORIAL HOSPITAL PRESBYTERIAN,CA,Acute Care Hospitals,Voluntary non-profit - Private,true,false,5.0,5,,6
421,050226,AHMC ANAHEIM REGIONAL MEDICAL CENTER,CA,Acute Care Hospitals,Voluntary non-profit - Private,true,false,4.0,4,,6
422,050228,ZUCKERBERG SAN FRANCISCO GENERAL HOSP & TRAUMA CTR,CA,Acute Care Hospitals,Government - Local,true,false,2.0,2,,6
423,05022F,NMC San Diego,CA,Acute Care - Department of Defense,Department of Defense,true,true,,Not Available,22,6
424,050230,GARDEN GROVE HOSPITAL & MEDICAL CENTER,CA,Acute Care Hospitals,Proprietary,true,false,2.0,2,,6
425,050231,POMONA VALLEY HOSPITAL MEDICAL CENTER,CA,Acute Care Hospitals,Voluntary non-profit - Private,true,false,3.0,3,,6
426,050232,FRENCH HOSPITAL MEDICAL CENTER,CA,Acute Care Hospitals,Voluntary non-profit - Private,true,false,5.0,5,,6
427,050234,SHARP CORONADO HOSPITAL AND HLTHCR CTR,CA,Acute Care Hospitals,Proprietary,true,false,4.0,4,,6
428,050235,PROVIDENCE SAINT JOSEPH MEDICAL CTR,CA,Acute Care Hospitals,Voluntary non-profit - Church,true,false,3.0,3,,6
429,050236,ADVENTIST HEALTH SIMI VALLEY,CA,Acute Care Hospitals,Voluntary non-profit - Private,true,false,2.0,2,,6
430,050238,USC ARCADIA HOSPITAL,CA,Acute Care Hospitals,Voluntary non-profit - Private,true,false,3.0,3,,6
431,050239,GLENDALE ADVENTIST MEDICAL CENTER,CA,Acute Care Hospitals,Voluntary non-profit - Private,true,false,4.0,4,,6
432,050242,DOMINICAN HOSPITAL,CA,Acute Care Hospitals,Voluntary non-profit - Private,true,false,4.0,4,,6
433,050243,DESERT REGIONAL MEDICAL CENTER,CA,Acute Care Hospitals,Proprietary,true,false,2.0,2,,6
434,050245,ARROWHEAD REGIONAL MEDICAL CENTER,CA,Acute Care Hospitals,Government - Local,true,false,2.0,2,23,6
435,050248,NATIVIDAD MEDICAL CENTER,CA,Acute Care Hospitals,Government - Local,true,false,3.0,3,,6
436,050254,MARSHALL MEDICAL CENTER,CA,Acute Care Hospitals,Voluntary non-profit - Private,true,false,4.0,4,,6
437,050257,"GOOD SAMARITAN HOSPITAL, LP",CA,Acute Care Hospitals,Proprietary,true,false,,Not Available,16,6
438,05025F,FRESNO VA MEDICAL CENTER (VA CENTRAL CALIFORNIA HEALTHCARE SYSTEM),CA,Acute Care - Veterans Administration,Veterans Health Administration,true,true,5.0,5,,6
439,050261,SIERRA VIEW MEDICAL CENTER,CA,Acute Care Hospitals,Voluntary non-profit - Private,true,false,3.0,3,,6
440,050262,RONALD REAGAN UCLA MEDICAL CENTER,CA,Acute Care Hospitals,Government - State,true,false,4.0,4,,6
441,050272,REDLANDS COMMUNITY HOSPITAL,CA,Acute Care Hospitals,Voluntary non-profit - Private,true,false,2.0,2,,6
442,050276,CONTRA COSTA REGIONAL MEDICAL CENTER,CA,Acute Care Hospitals,Government - Local,true,false,4.0,4,,6
443,050278,PROVIDENCE HOLY CROSS MEDICAL CENTER,CA,Acute Care Hospitals,Voluntary non-profit - Church,true,false,4.0,4,,6
444,050279,HI-DESERT MEDICAL CENTER,CA,Acute Care Hospitals,Government - Hospital District or Authority,true,false,2.0,2,,6
445,05027F,VA LONG BEACH HEALTHCARE SYSTEM,CA,Acute Care - Veterans Administration,Veterans Health Administration,true,true,4.0,4,,6
446,050280,MERCY MEDICAL CENTER REDDING,CA,Acute Care Hospitals,Voluntary non-profit - Private,true,false,2.0,2,,6
447,050281,ALHAMBRA HOSPITAL MEDICAL CENTER,CA,Acute Care Hospitals,Proprietary,true,false,4.0,4,,6
448,050283,STANFORD HEALTH CARE TRI-VALLEY,CA,Acute Care Hospitals,Voluntary non-profit - Private,true,false,5.0,5,,6
449,050289,AHMC SETON MEDICAL CENTER,CA,Acute Care Hospitals,Proprietary,true,false,1.0,1,,6
450,050290,SAINT JOHN'S HEALTH CENTER,CA,Acute Care Hospitals,Voluntary non-profit - Private,true,false,4.0,4,,6
451,050291,SUTTER SANTA ROSA REGIONAL HOSPITAL,CA,Acute Care Hospitals,Voluntary non-profit - Other,true,false,5.0,5,,6
452,050292,RIVERSIDE UNIVERSITY HEALTH SYSTEM-MEDICAL CENTER,CA,Acute Care Hospitals,Government - Local,true,false,3.0,3,,6
453,050295,MERCY HOSPITAL,CA,Acute Care Hospitals,Voluntary non-profit - Other,true,false,3.0,3,,6
454,050298,BARSTOW COMMUNITY HOSPITAL,CA,Acute Care Hospitals,Proprietary,true,false,1.0,1,,6
455,050300,PROVIDENCE ST MARY MEDICAL CENTER,CA,Acute Care Hospitals,Voluntary non-profit - Private,true,false,2.0,2,,6
456,050301,ADVENTIST HEALTH UKIAH VALLEY,CA,Acute Care Hospitals,Voluntary non-profit - Private,true,false,4.0,4,,6
457,050305,ALTA BATES SUMMIT MEDICAL CENTER - ALTA BATES CAMP,CA,Acute Care Hospitals,Voluntary non-profit - Private,true,false,4.0,4,,6
458,050308,EL CAMINO HEALTH,CA,Acute Care Hospitals,Government - Hospital District or Authority,true,false,4.0,4,,6
459,050309,SUTTER ROSEVILLE MEDICAL CENTER,CA,Acute Care Hospitals,Voluntary non-profit - Private,true,false,5.0,5,,6
460,05030F,VA N CALIFORNIA HEALTHCARE SYSTEM,CA,Acute Care - Veterans Administration,Veterans Health Administration,true,true,4.0,4,,6
461,050313,SUTTER TRACY COMMUNITY HOSPITAL,CA,Acute Care Hospitals,Proprietary,true,false,4.0,4,,6
462,050315,KERN MEDICAL CENTER,CA,Acute Care Hospitals,Government - Hospital District or Authority,true,false,1.0,1,,6
463,05031F,PALO ALTO VA MEDICAL CENTER,CA,Acute Care - Veterans Administration,Veterans Health Administration,true,true,5.0,5,,6
464,050320,HIGHLAND HOSPITAL,CA,Acute Care Hospitals,Government - Hospital District or Authority,true,false,1.0,1,,6
465,050324,SCRIPPS MEMORIAL HOSPITAL LA JOLLA,CA,Acute Care Hospitals,Physician,true,false,5.0,5,,6
466,050327,LOMA LINDA UNIVERSITY MEDICAL CENTER,CA,Acute Care Hospitals,Voluntary non-profit - Private,true,false,4.0,4,,6
467,050329,CORONA REGIONAL MEDICAL CENTER,CA,Acute Care Hospitals,Proprietary,true,false,3.0,3,,6
468,050334,SALINAS VALLEY HEALTH MEDICAL CENTER,CA,Acute Care Hospitals,Voluntary non-profit - Other,true,false,4.0,4,,6
469,050335,ADVENTIST HEALTH SONORA,CA,Acute Care Hospitals,Voluntary non-profit - Church,true,false,3.0,3,,6
470,050336,ADVENTIST HEALTH LODI MEMORIAL,CA,Acute Care Hospitals,Voluntary non-profit - Other,true,false,3.0,3,,6
471,050342,PIONEERS MEMORIAL HEALTHCARE DISTRICT,CA,Acute Care Hospitals,Government - Hospital District or Authority,true,false,3.0,3,,6
472,050348,UCI HEALTH-ORANGE,CA,Acute Care Hospitals,Government - Local,true,false,4.0,4,,6
473,050350,ADVENTIST HEALTH WHITE MEMORIAL MONTEBELLO,CA,Acute Care Hospitals,Voluntary non-profit - Private,true,false,3.0,3,,6
474,050351,TORRANCE MEMORIAL MEDICAL CENTER,CA,Acute Care Hospitals,Voluntary non-profit - Other,true,false,5.0,5,,6
475,050352,BARTON MEMORIAL HOSPITAL,CA,Acute Care Hospitals,Voluntary non-profit - Private,true,false,3.0,3,,6
476,050353,PROVIDENCE LITTLE COMPANY OF MARY MED CTR TORRANCE,CA,Acute Care Hospitals,Voluntary non-profit - Church,true,false,5.0,5,,6
477,050357,GOLETA VALLEY COTTAGE HOSPITAL,CA,Acute Care Hospitals,Voluntary non-profit - Other,true,false,5.0,5,,6
478,050360,MARINHEALTH MEDICAL CENTER,CA,Acute Care Hospitals,Government - Hospital District or Authority,true,false,5.0,5,,6
479,050367,NORTHBAY MEDICAL CENTER,CA,Acute Care Hospitals,Voluntary non-profit - Private,true,false,2.0,2,,6
480,050373,LOS ANGELES GENERAL MEDICAL CENTER,CA,Acute Care Hospitals,Government - Local,true,false,2.0,2,,6
481,050376,LAC/HARBOR-UCLA MED CENTER,CA,Acute Care Hospitals,Government - Local,true,false,1.0,1,,6
482,050378,PACIFICA HOSPITAL OF THE VALLEY,CA,Acute Care Hospitals,Proprietary,true,false,,Not Available,16,6
483,050380,GOOD SAMARITAN HOSPITAL,CA,Acute Care Hospitals,Proprietary,true,false,2.0,2,,6
484,050382,EMANATE HEALTH INTER-COMMUNITY HOSPITAL,CA,Acute Care Hospitals,Proprietary,true,false,1.0,1,,6
485,050390,HEMET GLOBAL MEDICAL CENTER,CA,Acute Care Hospitals,Proprietary,true,false,1.0,1,,6
486,050393,PIH HEALTH DOWNEY HOSPITAL,CA,Acute Care Hospitals,Voluntary non-profit - Private,true,false,4.0,4,,6
487,050394,COMMUNITY MEMORIAL HOSPITAL - VENTURA,CA,Acute Care Hospitals,Voluntary non-profit - Private,true,false,4.0,4,,6
488,050396,SANTA BARBARA COTTAGE HOSPITAL,CA,Acute Care Hospitals,Voluntary non-profit - Private,true,false,4.0,4,,6
489,05039F,NH Twentynine Palms,CA,Acute Care - Department of Defense,Department of Defense,true,true,,Not Available,22,6
490,050407,CHINESE HOSPITAL,CA,Acute Care Hospitals,Voluntary non-profit - Private,true,false,2.0,2,,6
491,050411,KAISER FOUNDATION HOSPITAL - SOUTH BAY,CA,Acute Care Hospitals,Voluntary non-profit - Other,true,false,3.0,3,,6
492,050414,MERCY HOSPITAL OF FOLSOM,CA,Acute Care Hospitals,Voluntary non-profit - Private,true,false,4.0,4,,6
493,050417,SUTTER COAST HOSPITAL,CA,Acute Care Hospitals,Government - Hospital District or Authority,true,false,2.0,2,,6
494,05041F,Weed ACH (FT Irwin),CA,Acute Care - Department of Defense,Department of Defense,true,true,,Not Available,22,6
495,050424,SCRIPPS GREEN HOSPITAL,CA,Acute Care Hospitals,Voluntary non-profit - Other,true,false,5.0,5,,6
496,050425,KAISER FOUNDATION HOSPITAL - SACRAMENTO,CA,Acute Care Hospitals,Voluntary non-profit - Private,true,false,4.0,4,,6
497,050426,WEST ANAHEIM MEDICAL CENTER,CA,Acute Care Hospitals,Proprietary,true,false,2.0,2,,6
498,050438,HUNTINGTON HOSPITAL,CA,Acute Care Hospitals,Voluntary non-profit - Other,true,false,,Not Available,11,6
499,050441,STANFORD HEALTH CARE,CA,Acute Care Hospitals,Voluntary non-profit - Private,true,false,5.0,5,,6
500,050444,MERCY MEDICAL CENTER,CA,Acute Care Hospitals,Voluntary non-profit - Private,true,false,3.0,3,,6
501,050454,UCSF MEDICAL CENTER,CA,Acute Care Hospitals,Voluntary non-profit - Other,true,false,4.0,4,,6
502,050455,ADVENTIST HEALTH BAKERSFIELD,CA,Acute Care Hospitals,Voluntary non-profit - Private,true,false,2.0,2,,6
503,050457,UCSF HEALTH ST. MARY'S HOSPITAL,CA,Acute Care Hospitals,Voluntary non-profit - Private,true,false,4.0,4,,6
504,050464,DOCTORS MEDICAL CENTER,CA,Acute Care Hospitals,Proprietary,true,false,1.0,1,,6
505,050468,MEMORIAL HOSPITAL OF GARDENA,CA,Acute Care Hospitals,Proprietary,true,false,1.0,1,,6
506,050471,PIH HEALTH GOOD SAMARITAN HOSPITAL,CA,Acute Care Hospitals,Proprietary,true,false,2.0,2,,6
507,050481,UCLA WEST VALLEY MEDICAL CENTER,CA,Acute Care Hospitals,Proprietary,true,false,2.0,2,,6
508,050485,MEMORIALCARE LONG BEACH MEDICAL CENTER,CA,Acute Care Hospitals,Voluntary non-profit - Other,true,false,2.0,2,,6
509,050488,EDEN MEDICAL CENTER,CA,Acute Care Hospitals,Voluntary non-profit - Other,true,false,4.0,4,,6
510,050492,CLOVIS COMMUNITY MEDICAL CENTER,CA,Acute Care Hospitals,Voluntary non-profit - Private,true,false,2.0,2,,6
511,050496,JOHN MUIR MEDICAL CENTER - CONCORD CAMPUS,CA,Acute Care Hospitals,Voluntary non-profit - Private,true,false,4.0,4,,6
512,050498,SUTTER AUBURN FAITH HOSPITAL,CA,Acute Care Hospitals,Voluntary non-profit - Private,true,false,5.0,5,,6
513,050503,SCRIPPS MEMORIAL HOSPITAL - ENCINITAS,CA,Acute Care Hospitals,Voluntary non-profit - Private,true,false,4.0,4,,6
514,050506,ADVENTIST HEALTH SIERRA VISTA,CA,Acute Care Hospitals,Proprietary,true,false,3.0,3,,6
515,050510,KAISER FOUNDATION HOSPITAL,CA,Acute Care Hospitals,Voluntary non-profit - Private,true,false,4.0,4,,6
516,050512,KAISER FOUNDATION HOSPITAL - FREMONT,CA,Acute Care Hospitals,Voluntary non-profit - Private,true,false,4.0,4,,6
517,050515,KAISER FOUNDATION HOSPITAL - SAN DIEGO,CA,Acute Care Hospitals,Voluntary non-profit - Private,true,false,4.0,4,,6
518,050516,MERCY SAN JUAN MEDICAL CENTER,CA,Acute Care Hospitals,Voluntary non-profit - Private,true,false,3.0,3,,6
519,050517,VICTOR VALLEY GLOBAL MEDICAL CENTER,CA,Acute Care Hospitals,Voluntary non-profit - Private,true,false,1.0,1,,6
520,050523,SUTTER DELTA MEDICAL CENTER,CA,Acute Care Hospitals,Voluntary non-profit - Private,true,false,3.0,3,,6
521,050526,HUNTINGTON BEACH HOSPITAL,CA,Acute Care Hospitals,Proprietary,true,false,1.0,1,,6
522,050528,MEMORIAL HOSPITAL LOS BANOS,CA,Acute Care Hospitals,Voluntary non-profit - Private,true,false,3.0,3,,6
523,050534,JOHN F KENNEDY MEMORIAL HOSPITAL,CA,Acute Care Hospitals,Proprietary,true,false,2.0,2,,6
524,050537,SUTTER DAVIS HOSPITAL,CA,Acute Care Hospitals,Voluntary non-profit - Private,true,false,4.0,4,,6
525,050541,KAISER FOUNDATION HOSPITAL - REDWOOD CITY,CA,Acute Care Hospitals,Voluntary non-profit - Private,true,false,4.0,4,,6
526,050543,COLLEGE HOSPITAL COSTA MESA,CA,Acute Care Hospitals,Proprietary,true,false,,Not Available,16,6
527,050546,PORTERVILLE DEVELOPMENTAL CENTER,CA,Acute Care Hospitals,Government - State,true,false,,Not Available,19,6
528,050549,LOS ROBLES HOSPITAL & MEDICAL CENTER,CA,Acute Care Hospitals,Proprietary,true,false,4.0,4,,6
529,050551,UCI HEALTH - LOS ALAMITOS,CA,Acute Care Hospitals,Proprietary,true,false,1.0,1,,6
530,050557,MEMORIAL MEDICAL CENTER,CA,Acute Care Hospitals,Voluntary non-profit - Private,true,false,3.0,3,,6
531,050561,KAISER FOUNDATION HOSPITAL - WEST LA,CA,Acute Care Hospitals,Voluntary non-profit - Private,true,false,3.0,3,,6
532,050567,PROVIDENCE MISSION HOSPITAL,CA,Acute Care Hospitals,Voluntary non-profit - Private,true,false,5.0,5,,6
533,050570,UCI HEALTH - FOUNTAIN VALLEY,CA,Acute Care Hospitals,Proprietary,true,false,2.0,2,,6
534,050573,EISENHOWER MEDICAL CENTER,CA,Acute Care Hospitals,Proprietary,true,false,4.0,4,,6
535,050580,LA PALMA INTERCOMMUNITY HOSPITAL,CA,Acute Care Hospitals,Proprietary,true,false,3.0,3,,6
536,050581,UCI HEALTH-LAKEWOOD,CA,Acute Care Hospitals,Proprietary,true,false,2.0,2,,6
537,050586,CHINO VALLEY MEDICAL CENTER,CA,Acute Care Hospitals,Proprietary,true,false,4.0,4,,6
538,050588,SAN DIMAS COMMUNITY HOSPITAL,CA,Acute Care Hospitals,Proprietary,true,false,2.0,2,,6
539,050590,METHODIST HOSPITAL OF SACRAMENTO,CA,Acute Care Hospitals,Voluntary non-profit - Private,true,false,3.0,3,,6
540,050597,EMANATE HEALTH FOOTHILL PRESBYTERIAN HOSPITAL,CA,Acute Care Hospitals,Voluntary non-profit - Private,true,false,3.0,3,,6
541,050599,UNIVERSITY OF CALIFORNIA DAVIS MEDICAL CENTER,CA,Acute Care Hospitals,Government - Hospital District or Authority,true,false,4.0,4,,6
542,050603,MEMORIALCARE SADDLEBACK MEDICAL CENTER,CA,Acute Care Hospitals,Voluntary non-profit - Private,true,false,4.0,4,,6
543,050604,KAISER FOUNDATION HOSPITAL-SAN JOSE,CA,Acute Care Hospitals,Voluntary non-profit - Private,true,false,3.0,3,,6
544,050608,ADVENTIST HEALTH DELANO,CA,Acute Care Hospitals,Proprietary,true,false,2.0,2,,6
545,050609,KAISER FOUNDATION HOSPITAL - ORANGE COUNTY - ANAHEIM,CA,Acute Care Hospitals,Voluntary non-profit - Private,true,false,4.0,4,,6
546,050624,HENRY MAYO NEWHALL  HOSPITAL,CA,Acute Care Hospitals,Voluntary non-profit - Private,true,false,2.0,2,,6
547,050625,CEDARS-SINAI MEDICAL CENTER,CA,Acute Care Hospitals,Voluntary non-profit - Other,true,false,5.0,5,,6
548,050633,ADVENTIST HEALTH TWIN CITIES,CA,Acute Care Hospitals,Proprietary,true,false,2.0,2,,6
549,050636,PALOMAR MEDICAL CENTER POWAY,CA,Acute Care Hospitals,Government - Hospital District or Authority,true,false,4.0,4,,6
550,050641,EAST LOS ANGELES DOCTORS HOSPITAL,CA,Acute Care Hospitals,Proprietary,true,false,1.0,1,,6
551,050663,LOS ANGELES COMMUNITY HOSPITAL,CA,Acute Care Hospitals,Proprietary,true,false,3.0,3,,6
552,050668,LAGUNA HONDA HOSPITAL & REHABILITATION CENTER,CA,Acute Care Hospitals,Government - Local,true,false,,Not Available,16,6
553,050674,KAISER FOUNDATION HOSP SO SACRAMENTO,CA,Acute Care Hospitals,Voluntary non-profit - Private,true,false,2.0,2,,6
554,050677,KAISER FOUNDATION HOSPITAL - WOODLAND HILLS,CA,Acute Care Hospitals,Voluntary non-profit - Private,true,false,4.0,4,,6
555,050678,MEMORIALCARE ORANGE COAST MEDICAL CENTER,CA,Acute Care Hospitals,Proprietary,true,false,4.0,4,,6
556,050684,MENIFEE GLOBAL MEDICAL CENTER,CA,Acute Care Hospitals,Proprietary,true,false,,Not Available,16,6
557,050686,"KAISER FOUNDATION HOSPITAL, RIVERSIDE",CA,Acute Care Hospitals,Voluntary non-profit - Private,true,false,4.0,4,,6
558,050689,SAN RAMON REGIONAL MEDICAL CENTER,CA,Acute Care Hospitals,Proprietary,true,false,4.0,4,,6
559,050690,KAISER FOUNDATION HOSPITAL-SANTA ROSA,CA,Acute Care Hospitals,Voluntary non-profit - Private,true,false,3.0,3,,6
560,050696,KECK HOSPITAL OF USC,CA,Acute Care Hospitals,Voluntary non-profit - Other,true,false,5.0,5,,6
561,050697,PATIENTS' HOSPITAL OF REDDING,CA,Acute Care Hospitals,Proprietary,true,false,,Not Available,16,6
562,050701,SOUTHWEST HEALTHCARE RANCHO SPRINGS HOSPITAL,CA,Acute Care Hospitals,Proprietary,true,false,3.0,3,,6
563,050704,MISSION COMMUNITY HOSPITAL,CA,Acute Care Hospitals,Voluntary non-profit - Private,true,false,3.0,3,,6
564,050708,FRESNO SURGICAL HOSPITAL,CA,Acute Care Hospitals,Proprietary,true,false,,Not Available,16,6
565,050709,DESERT VALLEY HOSPITAL,CA,Acute Care Hospitals,Proprietary,true,false,3.0,3,,6
566,050710,KAISER FOUNDATION HOSPITAL - FRESNO,CA,Acute Care Hospitals,Voluntary non-profit - Private,true,false,4.0,4,,6
567,050714,SUTTER MATERNITY & SURGERY CENTER OF SANTA CRUZ,CA,Acute Care Hospitals,Voluntary non-profit - Private,true,false,,Not Available,16,6
568,050717,LAC/RANCHO LOS AMIGOS NATIONAL REHABILITATION  CTR,CA,Acute Care Hospitals,Government - Local,true,false,3.0,3,,6
569,050723,KAISER FOUNDATION HOSPITAL - BALDWIN PARK,CA,Acute Care Hospitals,Voluntary non-profit - Other,true,false,3.0,3,,6
570,050726,STANISLAUS SURGICAL HOSPITAL,CA,Acute Care Hospitals,Voluntary non-profit - Private,true,false,,Not Available,16,6
571,050735,WHITTIER HOSPITAL MEDICAL CENTER,CA,Acute Care Hospitals,Proprietary,true,false,4.0,4,,6
572,050736,MONTEREY PARK HOSPITAL,CA,Acute Care Hospitals,Proprietary,true,false,2.0,2,,6
573,050737,GARFIELD MEDICAL CENTER,CA,Acute Care Hospitals,Proprietary,true,false,1.0,1,,6
574,050738,GREATER EL MONTE COMMUNITY HOSPITAL,CA,Acute Care Hospitals,Voluntary non-profit - Private,true,false,2.0,2,,6
575,050739,CENTINELA HOSPITAL MEDICAL CENTER,CA,Acute Care Hospitals,Proprietary,true,false,2.0,2,,6
576,050740,CEDAR-SINAI MARINA DEL REY HOSPITAL,CA,Acute Care Hospitals,Proprietary,true,false,4.0,4,,6
577,050744,ANAHEIM GLOBAL MEDICAL CENTER,CA,Acute Care Hospitals,Proprietary,true,false,2.0,2,,6
578,050745,CHAPMAN GLOBAL MEDICAL CENTER,CA,Acute Care Hospitals,Proprietary,true,false,2.0,2,,6
579,050746,ORANGE COUNTY GLOBAL MEDICAL CENTER,CA,Acute Care Hospitals,Proprietary,true,false,2.0,2,,6
580,050747,COASTAL COMMUNITIES HOSPITAL,CA,Acute Care Hospitals,Proprietary,true,false,1.0,1,,6
581,050748,KAISER FOUNDATION HOSPITAL MANTECA,CA,Acute Care Hospitals,Voluntary non-profit - Private,true,false,4.0,4,,6
582,050755,SHERMAN OAKS HOSPITAL,CA,Acute Care Hospitals,Voluntary non-profit - Private,true,false,2.0,2,,6
583,050758,MONTCLAIR HOSPITAL MEDICAL CENTER,CA,Acute Care Hospitals,Voluntary non-profit - Private,true,false,3.0,3,,6
584,050760,KAISER FOUNDATION HOSPITAL - ANTIOCH,CA,Acute Care Hospitals,Voluntary non-profit - Private,true,false,1.0,1,,6
585,050761,PROVIDENCE CEDARS SINAI TARZANA MEDICAL CENTER,CA,Acute Care Hospitals,Voluntary non-profit - Private,true,false,3.0,3,,6
586,050763,L A DOWNTOWN MEDICAL CENTER,CA,Acute Care Hospitals,Proprietary,true,false,3.0,3,,6
587,050764,SHASTA REGIONAL MEDICAL CENTER,CA,Acute Care Hospitals,Proprietary,true,false,2.0,2,,6
588,050765,KAISER FOUNDATION HOSPITAL-MORENO VALLEY,CA,Acute Care Hospitals,Voluntary non-profit - Private,true,false,4.0,4,,6
589,050766,SUTTER SURGICAL HOSPITAL - NORTH VALLEY,CA,Acute Care Hospitals,Physician,true,false,,Not Available,16,6
590,050767,KAISER FOUNDATION HOSPITAL - VACAVILLE,CA,Acute Care Hospitals,Voluntary non-profit - Private,true,false,4.0,4,,6
591,050769,HOAG ORTHOPEDIC INSTITUTE,CA,Acute Care Hospitals,Proprietary,true,false,,Not Available,"16, 23",6
592,050770,LOMA LINDA UNIVERSITY MEDICAL CENTER-MURRIETA,CA,Acute Care Hospitals,Voluntary non-profit - Private,true,false,2.0,2,,6
593,050771,COAST PLAZA HOSPITAL,CA,Acute Care Hospitals,Proprietary,true,false,1.0,1,,6
594,050772,KAISER FOUNDATION HOSPITAL - ROSEVILLE,CA,Acute Care Hospitals,Voluntary non-profit - Private,true,false,4.0,4,,6
595,050775,TEMECULA VALLEY HOSPITAL,CA,Acute Care Hospitals,Proprietary,true,false,4.0,4,,6
596,050776,COLLEGE MEDICAL CENTER,CA,Acute Care Hospitals,Proprietary,true,false,3.0,3,,6
597,050777,KAISER FOUNDATION HOSPITAL - SAN LEANDRO,CA,Acute Care Hospitals,Voluntary non-profit - Private,true,false,2.0,2,,6
598,050778,LOMA LINDA UNIVERSITY CHILDREN'S HOSPITAL,CA,Acute Care Hospitals,Voluntary non-profit - Church,true,false,3.0,3,,6
599,050779,"MARTIN LUTHER KING, JR. COMMUNITY HOSPITAL",CA,Acute Care Hospitals,Voluntary non-profit - Private,true,false,4.0,4,,6
600,050780,FOOTHILL REGIONAL MEDICAL CENTER,CA,Acute Care Hospitals,Proprietary,true,false,3.0,3,,6
601,050782,CASA COLINA HOSPITAL,CA,Acute Care Hospitals,Voluntary non-profit - Private,true,false,,Not Available,16,6
602,050783,COLUSA MEDICAL CENTER,CA,Acute Care Hospitals,Proprietary,true,false,1.0,1,,6
603,050784,ADVENTIST HEALTH TULARE,CA,Acute Care Hospitals,Voluntary non-profit - Private,true,false,3.0,3,,6
604,050785,DOCS SURGICAL HOSPITAL,CA,Acute Care Hospitals,Physician,true,false,,Not Available,16,6
605,050854,"ANAHEIM COMMUNITY HOSPITAL, LLC",CA,Acute Care Hospitals,Proprietary,true,false,,Not Available,16,6
606,050855,KAISER FOUNDATION HOSPITAL - SAN MARCOS,CA,Acute Care Hospitals,Voluntary non-profit - Private,true,false,4.0,4,,6
607,050856,MADERA COMMUNITY HOSPITAL,CA,Acute Care Hospitals,Voluntary non-profit - Private,true,false,,Not Available,19,6
608,05114F,VA SAN DIEGO HEALTHCARE SYSTEM,CA,Acute Care - Veterans Administration,Veterans Health Administration,true,true,5.0,5,,6
609,05127F,LOMA LINDA VA MEDICAL CENTER,CA,Acute Care - Veterans Administration,Veterans Health Administration,true,true,3.0,3,,6
610,05128F,VA GREATER LOS ANGELES HEALTHCARE SYSTEM,CA,Acute Care - Veterans Administration,Veterans Health Administration,true,true,3.0,3,,6
611,051300,EASTERN PLUMAS HOSPITAL - PORTOLA CAMPUS,CA,Critical Access Hospitals,Government - Hospital District or Authority,true,false,,Not Available,16,6
612,051301,ADVENTIST HEALTH TEHACHAPI VALLEY,CA,Critical Access Hospitals,Voluntary non-profit - Private,true,false,3.0,3,,6
613,051302,SOUTHERN INYO HOSPITAL,CA,Critical Access Hospitals,Government - Hospital District or Authority,true,false,,Not Available,16,6
614,051303,MAMMOTH HOSPITAL,CA,Critical Access Hospitals,Government - Hospital District or Authority,true,false,,Not Available,16,6
615,051304,JOHN C FREMONT HEALTHCARE DISTRICT,CA,Critical Access Hospitals,Government - Hospital District or Authority,true,false,,Not Available,16,6
616,051305,MAYERS MEMORIAL HOSPITAL,CA,Critical Access Hospitals,Government - Hospital District or Authority,true,false,,Not Available,16,6
617,051306,GLENN MEDICAL CENTER,CA,Critical Access Hospitals,Proprietary,true,false,,Not Available,16,6
618,051307,CATALINA ISLAND MEDICAL CENTER,CA,Critical Access Hospitals,Voluntary non-profit - Private,true,false,,Not Available,16,6
619,051308,SURPRISE VALLEY COMMUNITY HOSPITAL,CA,Critical Access Hospitals,Government - Hospital District or Authority,true,false,,Not Available,16,6
620,051309,JEROLD PHELPS COMMUNITY HOSPITAL,CA,Critical Access Hospitals,Government - Hospital District or Authority,true,false,,Not Available,16,6
621,05130F,SAN FRANCISCO VA MEDICAL CENTER,CA,Acute Care - Veterans Administration,Veterans Health Administration,true,true,4.0,4,,6
622,051310,ADVENTIST HEALTH HOWARD MEMORIAL,CA,Critical Access Hospitals,Voluntary non-profit - Private,true,false,5.0,5,,6
623,051311,ORCHARD HOSPITAL,CA,Critical Access Hospitals,Voluntary non-profit - Private,true,false,,Not Available,16,6
624,051312,MOUNTAINS COMMUNITY HOSPITAL,CA,Critical Access Hospitals,Government - Hospital District or Authority,true,false,,Not Available,16,6
625,051314,KERN VALLEY HEALTHCARE DISTRICT,CA,Critical Access Hospitals,Government - Hospital District or Authority,true,false,3.0,3,,6
626,051315,TRINITY HOSPITAL,CA,Critical Access Hospitals,Government - Hospital District or Authority,true,false,,Not Available,16,6
627,051316,FAIRCHILD MEDICAL CENTER,CA,Critical Access Hospitals,Voluntary non-profit - Other,true,false,2.0,2,,6
628,051317,ADVENTIST HEALTH CLEARLAKE,CA,Critical Access Hospitals,Voluntary non-profit - Private,true,false,2.0,2,,6
629,051318,PROVIDENCE REDWOOD MEMORIAL HOSPITAL,CA,Critical Access Hospitals,Voluntary non-profit - Private,true,false,4.0,4,,6
630,051319,MERCY MEDICAL CENTER OF MT SHASTA,CA,Critical Access Hospitals,Voluntary non-profit - Other,true,false,4.0,4,,6
631,051320,BANNER LASSEN MEDICAL CENTER,CA,Critical Access Hospitals,Voluntary non-profit - Private,true,false,3.0,3,,6
632,051321,HEALDSBURG HOSPITAL,CA,Critical Access Hospitals,Voluntary non-profit - Private,true,false,,Not Available,16,6
633,051323,COLORADO RIVER MEDICAL CENTER,CA,Critical Access Hospitals,Voluntary non-profit - Private,true,false,,Not Available,16,6
634,051324,NORTHERN INYO HOSPITAL,CA,Critical Access Hospitals,Government - Hospital District or Authority,true,false,3.0,3,,6
635,051325,ADVENTIST HEALTH MENDOCINO COAST,CA,Critical Access Hospitals,Voluntary non-profit - Private,true,false,3.0,3,,6
636,051326,PLUMAS DISTRICT HOSPITAL,CA,Critical Access Hospitals,Government - Hospital District or Authority,true,false,,Not Available,16,6
637,051327,SENECA DISTRICT HOSPITAL,CA,Critical Access Hospitals,Government - Hospital District or Authority,true,false,,Not Available,16,6
638,051328,TAHOE FOREST HOSPITAL,CA,Critical Access Hospitals,Government - Hospital District or Authority,true,false,3.0,3,,6
639,051329,SUTTER LAKESIDE HOSPITAL,CA,Critical Access Hospitals,Voluntary non-profit - Private,true,false,4.0,4,,6
640,051330,MODOC MEDICAL CENTER,CA,Critical Access Hospitals,Government - Hospital District or Authority,true,false,4.0,4,,6
641,051331,SANTA YNEZ VALLEY COTTAGE HOSPITAL,CA,Critical Access Hospitals,Voluntary non-profit - Private,true,false,,Not Available,16,6
642,051332,MARK TWAIN MEDICAL CENTER,CA,Critical Access Hospitals,Voluntary non-profit - Other,true,false,3.0,3,,6
643,051333,RIDGECREST REGIONAL HOSPITAL,CA,Critical Access Hospitals,Voluntary non-profit - Private,true,false,,Not Available,16,6
644,051334,COMMUNITY MEMORIAL HOSPITAL - OJAI,CA,Critical Access Hospitals,Voluntary non-profit - Private,true,false,,Not Available,16,6
645,051335,BEAR VALLEY COMMUNITY HOSPITAL,CA,Critical Access Hospitals,Government - Hospital District or Authority,true,false,,Not Available,16,6
646,051336,SOUTHERN MONTEREY COUNTY MEMORIAL HOSPITAL,CA,Critical Access Hospitals,Voluntary non-profit - Other,true,false,,Not Available,16,6
647,051337,HAZEL HAWKINS MEMORIAL HOSPITAL,CA,Critical Access Hospitals,Government - Hospital District or Authority,true,false,,Not Available,16,6
648,051338,COALINGA REGIONAL MEDICAL CENTER,CA,Critical Access Hospitals,Government - Hospital District or Authority,true,false,,Not Available,5,6
649,051339,PALO VERDE HOSPITAL,CA,Critical Access Hospitals,Government - Hospital District or Authority,true,false,,Not Available,5,6
650,053300,VALLEY CHILDREN'S HOSPITAL,CA,Childrens,Voluntary non-profit - Private,true,false,,Not Available,19,6
651,053301,UCSF BENIOFF CHILDREN'S HOSPITAL OAKLAND,CA,Childrens,Voluntary non-profit - Private,true,false,,Not Available,19,6
652,053302,CHILDREN'S HOSP OF LOS ANGELES,CA,Childrens,Voluntary non-profit - Private,true,false,,Not Available,19,6
653,053303,RADY CHILDREN'S HOSPITAL - SAN DIEGO,CA,Childrens,Voluntary non-profit - Other,true,false,,Not Available,19,6
654,053304,CHILDREN'S HOSPITAL OF ORANGE COUNTY,CA,Childrens,Voluntary non-profit - Other,true,false,,Not Available,19,6
655,053305,LUCILE SALTER PACKARD CHILDREN'S HSP AT STANFORD,CA,Childrens,Voluntary non-profit - Private,true,false,,Not Available,19,6
656,053306,CHILDREN'S HOSPITAL AT MISSION,CA,Childrens,Voluntary non-profit - Private,true,false,,Not Available,19,6
657,053308,HEALTHBRIDGE CHILDREN'S HOSPITAL - ORANGE,CA,Childrens,Proprietary,true,false,,Not Available,19,6
658,053309,MEMORIAL CARE MILLER CHILDREN'S &  WOMEN'S HOSP LB,CA,Childrens,Voluntary non-profit - Other,true,false,,Not Available,19,6
659,053311,SHRINERS HOSPITALS FOR CHILDREN NORTHERN CALIF,CA,Childrens,Voluntary non-profit - Private,true,false,,Not Available,19,6
660,054009,RESNICK NEUROPSYCHIATRIC HOSPITAL AT UCLA,CA,Psychiatric,Government - State,true,false,,Not Available,19,6
661,054028,GATEWAYS HOSP  MENTAL HEALTH CTR,CA,Psychiatric,Proprietary,true,false,,Not Available,19,6
662,054032,BHC ALHAMBRA HOSPITAL,CA,Psychiatric,Proprietary,true,false,,Not Available,19,6
663,054053,DEL AMO HOSPITAL,CA,Psychiatric,Proprietary,true,false,,Not Available,19,6
664,054055,COLLEGE HOSPITAL,CA,Psychiatric,Proprietary,true,false,,Not Available,19,6
665,054069,AURORA CHARTER OAK,CA,Psychiatric,Voluntary non-profit - Church,true,false,,Not Available,19,6
666,054074,ADVENTIST HEALTH VALLEJO,CA,Psychiatric,Voluntary non-profit - Private,true,false,,Not Available,19,6
667,054075,ALVARADO PARKWAY INSTITUTE BEHAVIORAL HEALTH SYSTE,CA,Psychiatric,Voluntary non-profit - Private,true,false,,Not Available,19,6
668,054077,AURORA VISTA DEL MAR HOSPITAL,CA,Psychiatric,Proprietary,true,false,,Not Available,19,6
669,054078,AURORA LAS ENCINAS,CA,Psychiatric,Proprietary,true,false,,Not Available,19,6
670,054087,"BHC SIERRA VISTA HOSPITAL, INC",CA,Psychiatric,Proprietary,true,false,,Not Available,19,6
671,054089,JEWISH HOME & REHAB CENTER,CA,Psychiatric,Voluntary non-profit - Private,true,false,,Not Available,19,6
672,054095,AURORA SAN DIEGO,CA,Psychiatric,Proprietary,true,false,,Not Available,19,6
673,054096,SUTTER CENTER FOR PSYCHIATRY,CA,Psychiatric,Voluntary non-profit - Private,true,false,,Not Available,19,6
674,054104,HERITAGE OAKS HOSPITAL,CA,Psychiatric,Proprietary,true,false,,Not Available,19,6
675,054110,BHC FREMONT HOSPITAL INC,CA,Psychiatric,Proprietary,true,false,,Not Available,19,6
676,054111,CANYON RIDGE HOSPITAL,CA,Psychiatric,Proprietary,true,false,,Not Available,19,6
677,054122,DEPT OF STATE HOSPITALS - NAPA,CA,Psychiatric,Government - State,true,false,,Not Available,19,6
678,054123,ST JOSEPH'S BEHAVIORAL HEALTH CENTER,CA,Psychiatric,Proprietary,true,false,,Not Available,19,6
679,054124,SEMPERVIRENS,CA,Psychiatric,Government - Local,true,false,,Not Available,19,6
680,054125,SANTA BARBARA COUNTY PSYCHIATRIC HEALTH FACILITY,CA,Psychiatric,Government - Local,true,false,,Not Available,19,6
681,054130,PACIFIC GROVE HOSPITAL,CA,Psychiatric,Proprietary,true,false,,Not Available,19,6
682,054131,JOHN MUIR BEHAVIORAL HEALTH CENTER,CA,Psychiatric,Voluntary non-profit - Private,true,false,,Not Available,19,6
683,054133,DEPT OF STATE HOSPITALS - METROPOLITAN - PSY,CA,Psychiatric,Government - State,true,false,,Not Available,19,6
684,054144,UCSF LANGLEY PORTER PSYCHIATRIC HOSPITAL AND CLINICS,CA,Psychiatric,Government - State,true,false,,Not Available,19,6
685,054145,SHARP MESA VISTA HOSPITAL,CA,Psychiatric,Voluntary non-profit - Private,true,false,,Not Available,19,6
686,054146,TELECARE HERITAGE PSYCHIATRIC HEALTH FACILITY,CA,Psychiatric,Proprietary,true,false,,Not Available,19,6
687,054147,JOYCE EISENBERG KEEFER MEDICAL CENTER,CA,Psychiatric,Voluntary non-profit - Private,true,false,,Not Available,19,6
688,054148,TARZANA TREATMENT CENTER,CA,Psychiatric,Voluntary non-profit - Private,true,false,,Not Available,19,6
689,054149,WILLOW ROCK CENTER,CA,Psychiatric,Proprietary,true,false,,Not Available,19,6
690,054150,KAISER PERMANENTE PSYCHIATRIC HEALTH FACILITY-SANT,CA,Psychiatric,Proprietary,true,false,,Not Available,19,6
691,054151,"AURORA BEHAVIORAL HEALTHCARE-SANTA ROSA, LLC",CA,Psychiatric,Proprietary,true,false,,Not Available,19,6
692,054152,SANTA CRUZ COUNTY PSYCHIATRIC HEALTH FACILITY,CA,Psychiatric,Proprietary,true,false,,Not Available,19,6
693,054153,OCEAN VIEW PSYCHIATRIC HEALTH FACILITY,CA,Psychiatric,Proprietary,true,false,,Not Available,19,6
694,054154,SAN JOSE BEHAVIORAL HEALTH,CA,Psychiatric,Proprietary,true,false,,Not Available,19,6
695,054155,"BAKERSFIELD BEHAVIORAL HEALTHCARE HOSPITAL, LLC",CA,Psychiatric,Proprietary,true,false,,Not Available,19,6
696,054157,GLENDORA  HOSPITAL,CA,Psychiatric,Voluntary non-profit - Private,true,false,,Not Available,19,6
697,054158,"ALISO RIDGE BEHAVIORAL HEALTH, LLC",CA,Psychiatric,Proprietary,true,false,,Not Available,19,6
698,054159,"SACRAMENTO BEHAVIORAL HEALTHCARE HOSPITAL, LLC",CA,Psychiatric,Proprietary,true,false,,Not Available,19,6
699,054160,RIVER VISTA BEHAVIORAL HEALTH,CA,Psychiatric,Proprietary,true,false,,Not Available,19,6
700,060001,BANNER NORTH COLORADO MEDICAL CENTER,CO,Acute Care Hospitals,Voluntary non-profit - Private,true,false,4.0,4,,7
701,060003,LONGMONT UNITED HOSPITAL,CO,Acute Care Hospitals,Voluntary non-profit - Private,true,false,3.0,3,,7
702,060004,INTERMOUNTAIN HEALTH PLATTE VALLEY HOSPITAL,CO,Acute Care Hospitals,Voluntary non-profit - Private,true,false,3.0,3,,7
703,060006,MONTROSE REGIONAL HEALTH,CO,Acute Care Hospitals,Voluntary non-profit - Private,true,false,4.0,4,,7
704,060008,SAN LUIS VALLEY REGIONAL  MEDICAL CENTER,CO,Acute Care Hospitals,Voluntary non-profit - Private,true,false,3.0,3,,7
705,060009,INTERMOUNTAIN HEALTH LUTHERAN HOSPITAL,CO,Acute Care Hospitals,Voluntary non-profit - Private,true,false,4.0,4,,7
706,060010,POUDRE VALLEY HOSPITAL,CO,Acute Care Hospitals,Voluntary non-profit - Private,true,false,5.0,5,,7
707,060011,DENVER HEALTH & HOSPITAL AUTHORITY,CO,Acute Care Hospitals,Government - State,true,false,3.0,3,,7
708,060012,ST MARY-CORWIN HOSPITAL,CO,Acute Care Hospitals,Voluntary non-profit - Church,true,false,4.0,4,,7
709,060013,MERCY REGIONAL MEDICAL CENTER,CO,Acute Care Hospitals,Voluntary non-profit - Church,true,false,5.0,5,,7
710,060014,HCA HealthOne Presbyterian St. Lukes,CO,Acute Care Hospitals,Government - State,true,false,2.0,2,,7
711,060015,CENTURA HEALTH-ST ANTHONY HOSPITAL,CO,Acute Care Hospitals,Voluntary non-profit - Church,true,false,4.0,4,,7
712,060020,"PARKVIEW MEDICAL CENTER, INC",CO,Acute Care Hospitals,Voluntary non-profit - Private,true,false,3.0,3,,7
713,060022,UCH-MEMORIAL HEALTH SYSTEM,CO,Acute Care Hospitals,Government - Local,true,false,4.0,4,,7
714,060023,INTERMOUNTAIN HEALTH ST. MARY'S REGIONAL HOSPITAL,CO,Acute Care Hospitals,Voluntary non-profit - Church,true,false,4.0,4,,7
715,060024,UNIVERSITY OF COLORADO HOSPITAL AUTHORITY,CO,Acute Care Hospitals,Government - Hospital District or Authority,true,false,5.0,5,,7
716,060027,BOULDER COMMUNITY HEALTH,CO,Acute Care Hospitals,Voluntary non-profit - Private,true,false,4.0,4,,7
717,060028,SAINT JOSEPH HOSPITAL,CO,Acute Care Hospitals,Voluntary non-profit - Private,true,false,5.0,5,,7
718,060030,BANNER NORTH CO MEDICAL CENTER - LOVELAND CAMPUS,CO,Acute Care Hospitals,Voluntary non-profit - Private,true,false,3.0,3,,7
719,060031,CENTURA HEALTH-PENROSE ST FRANCIS HEALTH SERVICES,CO,Acute Care Hospitals,Voluntary non-profit - Private,true,false,3.0,3,,7
720,060032,HCA HEALTHONE ROSE,CO,Acute Care Hospitals,Proprietary,true,false,4.0,4,,7
721,060034,HCA-HEALTHONE DBA SWEDISH MEDICAL CENTER,CO,Acute Care Hospitals,Proprietary,true,false,4.0,4,,7
722,06003F,Evans ACH (FT Carson),CO,Acute Care - Department of Defense,Department of Defense,true,true,,Not Available,22,7
723,060044,ST ELIZABETH HOSPITAL,CO,Acute Care Hospitals,Voluntary non-profit - Other,true,false,4.0,4,,7
724,060049,UCHEALTH YAMPA VALLEY MEDICAL CENTER,CO,Acute Care Hospitals,Voluntary non-profit - Private,true,false,,Not Available,16,7
725,060054,COMMUNITY HOSPITAL,CO,Acute Care Hospitals,Voluntary non-profit - Private,true,false,4.0,4,,7
726,06005F,VA EASTERN COLORADO HEALTHCARE SYSTEM,CO,Acute Care - Veterans Administration,Veterans Health Administration,true,true,5.0,5,,7
727,060064,AdventHealth Porter,CO,Acute Care Hospitals,Voluntary non-profit - Private,true,false,4.0,4,,7
728,060065,HCA HEALTHONE MOUNTAIN RIDGE,CO,Acute Care Hospitals,Voluntary non-profit - Private,true,false,3.0,3,,7
729,060071,DELTA COUNTY MEMORIAL HOSPITAL,CO,Acute Care Hospitals,Government - Local,true,false,3.0,3,,7
730,060075,VALLEY VIEW HOSPITAL ASSOCIATION,CO,Acute Care Hospitals,Voluntary non-profit - Private,true,false,4.0,4,,7
731,060076,STERLING REGIONAL MEDCENTER,CO,Acute Care Hospitals,Voluntary non-profit - Private,true,false,3.0,3,,7
732,06007F,GRAND JUNCTION VA MEDICAL CENTER,CO,Acute Care - Veterans Administration,Veterans Health Administration,true,true,5.0,5,,7
733,060096,VAIL HEALTH HOSPITAL,CO,Acute Care Hospitals,Voluntary non-profit - Other,true,false,5.0,5,,7
734,060100,THE MEDICAL CENTER OF AURORA & SOUTH HOSPITAL,CO,Acute Care Hospitals,Proprietary,true,false,4.0,4,,7
735,060103,ADVENTHEALTH AVISTA,CO,Acute Care Hospitals,Voluntary non-profit - Church,true,false,4.0,4,,7
736,060104,CENTURA HEALTH-ST ANTHONY NORTH HEALTH CAMPUS,CO,Acute Care Hospitals,Voluntary non-profit - Private,true,false,5.0,5,,7
737,060107,NATIONAL JEWISH HEALTH,CO,Acute Care Hospitals,Voluntary non-profit - Private,true,false,,Not Available,16,7
738,060112,SKY RIDGE MEDICAL CENTER,CO,Acute Care Hospitals,Voluntary non-profit - Other,true,false,3.0,3,,7
739,060113,AdventHealth Littleton,CO,Acute Care Hospitals,Voluntary non-profit - Church,true,false,4.0,4,,7
740,060114,AdventHealth Parker,CO,Acute Care Hospitals,Voluntary non-profit - Private,true,false,5.0,5,,7
741,060116,GOOD SAMARITAN MEDICAL CENTER LLC,CO,Acute Care Hospitals,Voluntary non-profit - Private,true,false,4.0,4,,7
742,060117,"ANIMAS SURGICAL HOSPITAL, LLC",CO,Acute Care Hospitals,Physician,true,false,,Not Available,16,7
743,060118,ST ANTHONY SUMMIT MEDICAL CENTER,CO,Acute Care Hospitals,Voluntary non-profit - Church,true,false,,Not Available,16,7
744,060119,MEDICAL CENTER OF THE ROCKIES,CO,Acute Care Hospitals,Voluntary non-profit - Private,true,false,5.0,5,,7
745,060124,ORTHOCOLORADO HOSP AT ST ANTHONY MED CAMPUS,CO,Acute Care Hospitals,Proprietary,true,false,,Not Available,16,7
746,060125,ADVENTHEALTH CASTLE ROCK,CO,Acute Care Hospitals,Voluntary non-profit - Private,true,false,5.0,5,,7
747,060126,BANNER FORT COLLINS MEDICAL CENTER,CO,Acute Care Hospitals,Voluntary non-profit - Other,true,false,,Not Available,16,7
748,060128,LONGS PEAK HOSPITAL,CO,Acute Care Hospitals,Voluntary non-profit - Private,true,false,5.0,5,,7
749,060129,UCHEALTH BROOMFIELD HOSPITAL,CO,Acute Care Hospitals,Proprietary,true,false,,Not Available,16,7
750,060130,UCHEALTH GRANDVIEW HOSPITAL,CO,Acute Care Hospitals,Voluntary non-profit - Private,true,false,,Not Available,16,7
751,060131,UCHEALTH GREELEY HOSPITAL,CO,Acute Care Hospitals,Voluntary non-profit - Private,true,false,4.0,4,,7
752,060132,UCHEALTH HIGHLANDS RANCH HOSPITAL,CO,Acute Care Hospitals,Voluntary non-profit - Private,true,false,5.0,5,,7
753,060133,ST FRANCIS HOSPITAL - INTERQUEST,CO,Acute Care Hospitals,Voluntary non-profit - Private,true,false,,Not Available,16,7
754,061300,WEISBROD MEMORIAL COUNTY HOSPITAL,CO,Critical Access Hospitals,Government - Hospital District or Authority,true,false,,Not Available,16,7
755,061301,RIO GRANDE HOSPITAL,CO,Critical Access Hospitals,Proprietary,true,false,4.0,4,,7
756,061302,FAMILY HEALTH WEST HOSPITAL,CO,Critical Access Hospitals,Voluntary non-profit - Private,true,false,,Not Available,16,7
757,061303,EAST MORGAN COUNTY HOSPITAL,CO,Critical Access Hospitals,Voluntary non-profit - Private,true,false,,Not Available,16,7
758,061304,HAXTUN HOSPITAL DISTRICT,CO,Critical Access Hospitals,Government - Hospital District or Authority,true,false,,Not Available,16,7
759,061305,MELISSA MEMORIAL HOSPITAL,CO,Critical Access Hospitals,Government - Hospital District or Authority,true,false,,Not Available,16,7
760,061306,LINCOLN HEALTH HOSPITAL,CO,Critical Access Hospitals,Voluntary non-profit - Other,true,false,,Not Available,16,7
761,061307,RANGELY DISTRICT HOSPITAL,CO,Critical Access Hospitals,Government - Hospital District or Authority,true,false,,Not Available,16,7
762,061308,SAN LUIS VALLEY HEALTH CONEJOS COUNTY HOSPITAL,CO,Critical Access Hospitals,Voluntary non-profit - Private,true,false,,Not Available,16,7
763,061309,WRAY COMMUNITY DISTRICT HOSPITAL,CO,Critical Access Hospitals,Government - Hospital District or Authority,true,false,,Not Available,16,7
764,061310,SEDGWICK COUNTY MEMORIAL HOSPITAL,CO,Critical Access Hospitals,Government - Local,true,false,,Not Available,16,7
765,061311,SOUTHEAST COLORADO HOSPITAL DISTRICT,CO,Critical Access Hospitals,Government - Hospital District or Authority,true,false,,Not Available,16,7
766,061312,ESTES PARK MEDICAL CENTER,CO,Critical Access Hospitals,Government - Hospital District or Authority,true,false,,Not Available,16,7
767,061313,KIT CARSON COUNTY MEMORIAL HOSPITAL,CO,Critical Access Hospitals,Government - Hospital District or Authority,true,false,,Not Available,16,7
768,061314,"MEMORIAL HOSPITAL, THE",CO,Critical Access Hospitals,Government - Local,true,false,,Not Available,16,7
769,061315,YUMA DISTRICT HOSPITAL,CO,Critical Access Hospitals,Government - Hospital District or Authority,true,false,,Not Available,16,7
770,061316,SPANISH PEAKS REGIONAL HEALTH CENTER,CO,Critical Access Hospitals,Government - Hospital District or Authority,true,false,,Not Available,16,7
771,061317,GRAND RIVER HOSPITAL DISTRICT,CO,Critical Access Hospitals,Government - Hospital District or Authority,true,false,,Not Available,16,7
772,061318,MIDDLE PARK MEDICAL CENTER,CO,Critical Access Hospitals,Government - Hospital District or Authority,true,false,,Not Available,16,7
773,061319,ST VINCENT GENERAL HOSPITAL DISTRICT,CO,Critical Access Hospitals,Government - Hospital District or Authority,true,false,,Not Available,16,7
774,061320,GUNNISON VALLEY HOSPITAL,CO,Critical Access Hospitals,Government - Local,true,false,,Not Available,16,7
775,061321,MT SAN RAFAEL HOSPITAL,CO,Critical Access Hospitals,Voluntary non-profit - Private,true,false,5.0,5,,7
776,061322,HEART OF THE ROCKIES REGIONAL MEDICAL CENTER,CO,Critical Access Hospitals,Government - Hospital District or Authority,true,false,1.0,1,,7
777,061323,PROWERS MEDICAL CENTER,CO,Critical Access Hospitals,Government - Hospital District or Authority,true,false,,Not Available,16,7
778,061324,ASPEN VALLEY HOSPITAL DISTRICT,CO,Critical Access Hospitals,Government - Hospital District or Authority,true,false,,Not Available,16,7
779,061325,EASTERN RIO BLANCO COUNTY HEALTH SERVICE DISTRICT,CO,Critical Access Hospitals,Government - Hospital District or Authority,true,false,,Not Available,16,7
780,061326,UCHEALTH PIKES PEAK REGIONAL HOSPITAL,CO,Critical Access Hospitals,Voluntary non-profit - Private,true,false,,Not Available,16,7
781,061327,SOUTHWEST MEMORIAL HOSPITAL,CO,Critical Access Hospitals,Voluntary non-profit - Private,true,false,4.0,4,,7
782,061328,PAGOSA SPRINGS MEDICAL CENTER,CO,Critical Access Hospitals,Government - Hospital District or Authority,true,false,,Not Available,16,7
783,061336,ARKANSAS VALLEY REGIONAL MEDICAL CENTER,CO,Critical Access Hospitals,Voluntary non-profit - Private,true,false,,Not Available,5,7
784,061343,KEEFE MEMORIAL HOSPITAL,CO,Critical Access Hospitals,Government - Hospital District or Authority,true,false,,Not Available,16,7
785,061344,ST THOMAS MORE HOSPITAL,CO,Critical Access Hospitals,Voluntary non-profit - Private,true,false,4.0,4,,7
786,063301,CHILDREN'S HOSPITAL COLORADO,CO,Childrens,Voluntary non-profit - Private,true,false,,Not Available,19,7
787,063303,CHILDREN'S HOSPITAL COLORADO - COLORADO SPRINGS,CO,Childrens,Voluntary non-profit - Private,true,false,,Not Available,19,7
788,064001,COLORADO MENTAL HEALTH HOSPITAL IN PUEBLO,CO,Psychiatric,Government - State,true,false,,Not Available,19,7
789,064003,COLORADO MENTAL HEALTH HOSPITAL IN FORT LOGAN,CO,Psychiatric,Voluntary non-profit - Other,true,false,,Not Available,19,7
790,064007,CENTENNIAL PEAKS HOSPITAL,CO,Psychiatric,Government - Hospital District or Authority,true,false,,Not Available,19,7
791,064009,CEDAR SPRINGS HOSPITAL,CO,Psychiatric,Proprietary,true,false,,Not Available,19,7
792,064024,HIGHLANDS BEHAVIORAL HEALTH SYSTEM,CO,Psychiatric,Proprietary,true,false,,Not Available,19,7
793,064026,PEAK VIEW BEHAVIORAL HEALTH,CO,Psychiatric,Proprietary,true,false,,Not Available,19,7
794,064028,DENVER SPRINGS,CO,Psychiatric,Proprietary,true,false,,Not Available,19,7
795,064030,WEST PINES BEHAVIORAL HOSPITAL,CO,Psychiatric,Proprietary,true,false,,Not Available,19,7
796,070002,ST FRANCIS HOSPITAL & MEDICAL CENTER,CT,Acute Care Hospitals,Voluntary non-profit - Church,true,false,2.0,2,,8
797,070003,DAY KIMBALL HOSPITAL,CT,Acute Care Hospitals,Voluntary non-profit - Private,true,false,2.0,2,,8
798,070004,SHARON HOSPITAL,CT,Acute Care Hospitals,Proprietary,true,false,5.0,5,,8
799,070005,WATERBURY HOSPITAL,CT,Acute Care Hospitals,Proprietary,true,false,2.0,2,,8
800,070006,STAMFORD HOSPITAL,CT,Acute Care Hospitals,Voluntary non-profit - Private,true,false,5.0,5,,8
801,070007,LAWRENCE & MEMORIAL HOSPITAL,CT,Acute Care Hospitals,Voluntary non-profit - Private,true,false,3.0,3,,8
802,070008,JOHNSON MEMORIAL HOSPITAL,CT,Acute Care Hospitals,Voluntary non-profit - Private,true,false,3.0,3,,8
803,070010,BRIDGEPORT HOSPITAL,CT,Acute Care Hospitals,Voluntary non-profit - Private,true,false,4.0,4,,8
804,070011,CHARLOTTE HUNGERFORD HOSPITAL,CT,Acute Care Hospitals,Voluntary non-profit - Private,true,false,3.0,3,,8
805,070016,SAINT MARY'S HOSPITAL,CT,Acute Care Hospitals,Voluntary non-profit - Church,true,false,3.0,3,,8
806,070017,MIDSTATE MEDICAL CENTER,CT,Acute Care Hospitals,Voluntary non-profit - Private,true,false,4.0,4,,8
807,070018,GREENWICH HOSPITAL ASSOCIATION -,CT,Acute Care Hospitals,Voluntary non-profit - Private,true,false,5.0,5,,8
808,070020,MIDDLESEX HOSPITAL,CT,Acute Care Hospitals,Voluntary non-profit - Private,true,false,3.0,3,,8
809,070021,WINDHAM COMMUNITY MEMORIAL HOSPITAL,CT,Acute Care Hospitals,Voluntary non-profit - Private,true,false,3.0,3,,8
810,070022,YALE-NEW HAVEN HOSPITAL,CT,Acute Care Hospitals,Voluntary non-profit - Private,true,false,5.0,5,,8
811,070024,WILLIAM W BACKUS HOSPITAL,CT,Acute Care Hospitals,Voluntary non-profit - Other,true,false,4.0,4,,8
812,070025,HARTFORD HOSPITAL,CT,Acute Care Hospitals,Voluntary non-profit - Private,true,false,4.0,4,,8
813,070027,MANCHESTER MEMORIAL HOSPITAL,CT,Acute Care Hospitals,Proprietary,true,false,4.0,4,,8
814,070028,ST VINCENT'S MEDICAL CENTER,CT,Acute Care Hospitals,Voluntary non-profit - Private,true,false,4.0,4,,8
815,070029,BRISTOL HOSPITAL,CT,Acute Care Hospitals,Voluntary non-profit - Private,true,false,2.0,2,,8
816,070031,GRIFFIN HOSPITAL,CT,Acute Care Hospitals,Voluntary non-profit - Other,true,false,4.0,4,,8
817,070033,DANBURY HOSPITAL,CT,Acute Care Hospitals,Voluntary non-profit - Private,true,false,4.0,4,,8
818,070034,NORWALK HOSPITAL,CT,Acute Care Hospitals,Voluntary non-profit - Private,true,false,3.0,3,,8
819,070035,THE HOSPITAL OF CENTRAL CONNECTICUT,CT,Acute Care Hospitals,Voluntary non-profit - Other,true,false,2.0,2,,8
820,070036,JOHN DEMPSEY HOSPITAL OF THE UNIVERSITY OF CONNECT,CT,Acute Care Hospitals,Government - Local,true,false,3.0,3,,8
821,070038,THE CONNECTICUT HOSPICE INC.,CT,Acute Care Hospitals,Voluntary non-profit - Private,true,false,,Not Available,16,8
822,07003F,WEST HAVEN VA MEDICAL CENTER,CT,Acute Care - Veterans Administration,Veterans Health Administration,true,true,3.0,3,,8
823,073300,CONNECTICUT CHILDRENS MEDICAL CENTER,CT,Childrens,Voluntary non-profit - Private,true,false,,Not Available,19,8
824,074003,CONNECTICUT VALLEY HOSP,CT,Psychiatric,Government - State,true,false,,Not Available,19,8
825,074008,NATCHAUG HOSPITAL,CT,Psychiatric,Voluntary non-profit - Private,true,false,,Not Available,19,8
826,074011,CONNECTICUT MENTAL HEALTH CENTER,CT,Psychiatric,Government - State,true,false,,Not Available,19,8
827,074012,SOUTHWEST CONNECTICUT MENTAL HEALTH SYSTEM,CT,Psychiatric,Government - State,true,false,,Not Available,19,8
828,074014,SILVER HILL HOSPITAL INC,CT,Psychiatric,Government - Federal,true,false,,Not Available,19,8
829,074015,ALBERT J SOLNIT CHILDREN'S CENTER - SOUTH CAMPUS,CT,Psychiatric,Government - State,true,false,,Not Available,19,8
830,074016,MASONICARE HEALTH CENTER,CT,Psychiatric,Voluntary non-profit - Private,true,false,,Not Available,19,8
831,074017,HEBREW HOME AND HOSPITAL,CT,Psychiatric,Voluntary non-profit - Private,true,false,,Not Available,19,8
832,080001,CHRISTIANA HOSPITAL,DE,Acute Care Hospitals,Voluntary non-profit - Private,true,false,4.0,4,,10
833,080003,ST FRANCIS HOSPITAL,DE,Acute Care Hospitals,Voluntary non-profit - Private,true,false,3.0,3,,10
834,080004,"BAYHEALTH MEDICAL CENTER, KENT CAMPUS",DE,Acute Care Hospitals,Voluntary non-profit - Private,true,false,2.0,2,,10
835,080006,"TIDALHEALTH NANTICOKE, INC.",DE,Acute Care Hospitals,Voluntary non-profit - Private,true,false,3.0,3,,10
836,080007,BEEBE MEDICAL CENTER,DE,Acute Care Hospitals,Voluntary non-profit - Private,true,false,3.0,3,,10
837,080009,"BAYHEALTH HOSPITAL, SUSSEX CAMPUS",DE,Acute Care Hospitals,Voluntary non-profit - Private,true,false,3.0,3,,10
838,08002F,WILMINGTON VA MEDICAL CENTER,DE,Acute Care - Veterans Administration,Veterans Health Administration,true,true,4.0,4,,10
839,083300,"NEMOURS CHILDREN'S HOSPITAL, DELAWARE",DE,Childrens,Voluntary non-profit - Private,true,false,,Not Available,19,10
840,084001,DELAWARE PSYCHIATRIC CENTER,DE,Psychiatric,Government - State,true,false,,Not Available,19,10
841,084002,ROCKFORD CENTER,DE,Psychiatric,Proprietary,true,false,,Not Available,19,10
842,084003,MEADOWWOOD BEHAVIORAL HEALTH SYSTEM,DE,Psychiatric,Proprietary,true,false,,Not Available,19,10
843,084004,DOVER BEHAVIORAL HEALTH SYSTEM,DE,Psychiatric,Proprietary,true,false,,Not Available,19,10
844,084005,SUN BEHAVIORAL DELAWARE LLC,DE,Psychiatric,Proprietary,true,false,,Not Available,19,10
845,090001,GEORGE WASHINGTON UNIV HOSPITAL,DC,Acute Care Hospitals,Proprietary,true,false,2.0,2,,9
846,090003,HOWARD UNIVERSITY HOSPITAL CORP,DC,Acute Care Hospitals,Voluntary non-profit - Other,true,false,1.0,1,,9
847,090004,MEDSTAR GEORGETOWN UNIVERSITY HOSPITAL,DC,Acute Care Hospitals,Proprietary,true,false,3.0,3,,9
848,090005,SIBLEY MEMORIAL HOSPITAL,DC,Acute Care Hospitals,Voluntary non-profit - Other,true,false,5.0,5,,9
849,090008,UNITED MEDICAL CENTER,DC,Acute Care Hospitals,Proprietary,true,false,3.0,3,,9
850,090011,MEDSTAR WASHINGTON HOSPITAL CENTER,DC,Acute Care Hospitals,Voluntary non-profit - Other,true,false,3.0,3,,9
851,09002F,WASHINGTON DC VA MEDICAL CENTER,DC,Acute Care - Veterans Administration,Veterans Health Administration,true,true,3.0,3,,9
852,093300,CHILDREN'S NATIONAL HOSPITAL,DC,Childrens,Voluntary non-profit - Private,true,false,,Not Available,19,9
853,094001,ST ELIZABETHS HOSPITAL,DC,Psychiatric,Government - State,true,false,,Not Available,19,9
854,094004,PSYCHIATRIC INSTITUTE OF WASHINGTON,DC,Psychiatric,Voluntary non-profit - Private,true,false,,Not Available,19,9
855,100001,SHANDS JACKSONVILLE,FL,Acute Care Hospitals,Voluntary non-profit - Private,true,false,4.0,4,,11
856,100002,BETHESDA HOSPITAL EAST,FL,Acute Care Hospitals,Voluntary non-profit - Private,true,false,2.0,2,,11
857,100006,ORLANDO HEALTH,FL,Acute Care Hospitals,Voluntary non-profit - Private,true,false,4.0,4,,11
858,100007,ADVENTHEALTH ORLANDO,FL,Acute Care Hospitals,Voluntary non-profit - Private,true,false,3.0,3,,11
859,100008,BAPTIST HOSPITAL OF MIAMI,FL,Acute Care Hospitals,Voluntary non-profit - Private,true,false,5.0,5,,11
860,100012,LEE MEMORIAL HOSPITAL,FL,Acute Care Hospitals,Government - Hospital District or Authority,true,false,5.0,5,,11
861,100014,ADVENTHEALTH NEW SMYRNA BEACH,FL,Acute Care Hospitals,Voluntary non-profit - Church,true,false,4.0,4,,11
862,100017,HALIFAX HEALTH MEDICAL CENTER,FL,Acute Care Hospitals,Government - Hospital District or Authority,true,false,2.0,2,,11
863,100018,NAPLES COMMUNITY HOSPITAL,FL,Acute Care Hospitals,Voluntary non-profit - Private,true,false,3.0,3,,11
864,100019,HOLMES REGIONAL MEDICAL CENTER,FL,Acute Care Hospitals,Voluntary non-profit - Private,true,false,4.0,4,,11
865,100022,JACKSON HEALTH SYSTEM,FL,Acute Care Hospitals,Government - Hospital District or Authority,true,false,1.0,1,,11
866,100023,HCA FLORIDA CITRUS HOSPITAL,FL,Acute Care Hospitals,Government - Hospital District or Authority,true,false,2.0,2,,11
867,100025,SACRED HEART HOSPITAL,FL,Acute Care Hospitals,Voluntary non-profit - Private,true,false,4.0,4,29,11
868,100026,ASCENSION SACRED HEART BAY,FL,Acute Care Hospitals,Voluntary non-profit - Private,true,false,3.0,3,29,11
869,100028,PARRISH MEDICAL CENTER,FL,Acute Care Hospitals,Government - Hospital District or Authority,true,false,2.0,2,,11
870,100029,NORTH SHORE MEDICAL CENTER,FL,Acute Care Hospitals,Proprietary,true,false,1.0,1,,11
871,100030,ORLANDO HEALTH-HEALTH CENTRAL HOSPITAL,FL,Acute Care Hospitals,Government - State,true,false,3.0,3,,11
872,100032,ORLANDO HEALTH BAYFRONT HOSPITAL,FL,Acute Care Hospitals,Voluntary non-profit - Private,true,false,2.0,2,,11
873,100034,"MOUNT SINAI MEDICAL CENTER OF FLORIDA, INC",FL,Acute Care Hospitals,Voluntary non-profit - Private,true,false,3.0,3,,11
874,100035,MANATEE MEMORIAL HOSPITAL,FL,Acute Care Hospitals,Proprietary,true,false,3.0,3,,11
875,100038,MEMORIAL REGIONAL HOSPITAL,FL,Acute Care Hospitals,Government - Hospital District or Authority,true,false,3.0,3,,11
876,100039,BROWARD HEALTH MEDICAL CENTER,FL,Acute Care Hospitals,Government - Hospital District or Authority,true,false,3.0,3,,11
877,100040,ASCENSION ST VINCENT'S RIVERSIDE,FL,Acute Care Hospitals,Voluntary non-profit - Private,true,false,3.0,3,29,11
878,100043,MEASE DUNEDIN HOSPITAL,FL,Acute Care Hospitals,Voluntary non-profit - Private,true,false,4.0,4,,11
879,100044,CLEVELAND CLINIC MARTIN NORTH HOSPITAL,FL,Acute Care Hospitals,Voluntary non-profit - Private,true,false,3.0,3,,11
880,100045,ADVENTHEALTH DELAND,FL,Acute Care Hospitals,Voluntary non-profit - Church,true,false,4.0,4,,11
881,100046,Adventhealth Zephyrhills,FL,Acute Care Hospitals,Voluntary non-profit - Church,true,false,4.0,4,,11
882,100049,HCA FLORIDA HIGHLANDS HOSPITAL,FL,Acute Care Hospitals,Proprietary,true,false,3.0,3,,11
883,100050,LARKIN COMMUNITY HOSPITAL PALM SPRINGS CAMPUS,FL,Acute Care Hospitals,Voluntary non-profit - Private,true,false,4.0,4,,11
884,100051,ORLANDO HEALTH SOUTH LAKE HOSPITAL,FL,Acute Care Hospitals,Government - Hospital District or Authority,true,false,3.0,3,,11
885,100052,WINTER HAVEN HOSPITAL,FL,Acute Care Hospitals,Voluntary non-profit - Private,true,false,3.0,3,,11
886,100053,HIALEAH HOSPITAL,FL,Acute Care Hospitals,Proprietary,true,false,3.0,3,,11
887,100054,HCA FLORIDA TWIN CITIES HOSPITAL,FL,Acute Care Hospitals,Proprietary,true,false,5.0,5,,11
888,100055,ADVENTHEALTH NORTH PINELLAS,FL,Acute Care Hospitals,Voluntary non-profit - Other,true,false,4.0,4,,11
889,100057,ADVENTHEALTH WATERMAN,FL,Acute Care Hospitals,Voluntary non-profit - Church,true,false,4.0,4,,11
890,100062,ADVENTHEALTH OCALA,FL,Acute Care Hospitals,Government - Hospital District or Authority,true,false,4.0,4,,11
891,100063,MORTON PLANT NORTH BAY HOSPITAL,FL,Acute Care Hospitals,Voluntary non-profit - Private,true,false,3.0,3,,11
892,100067,ST ANTHONYS HOSPITAL,FL,Acute Care Hospitals,Voluntary non-profit - Church,true,false,3.0,3,,11
893,100068,ADVENTHEALTH DAYTONA BEACH,FL,Acute Care Hospitals,Voluntary non-profit - Church,true,false,5.0,5,,11
894,100069,AdventHealth Carrollwood,FL,Acute Care Hospitals,Voluntary non-profit - Church,true,false,3.0,3,,11
895,100071,TAMPA GENERAL HOSPITAL BROOKSVILLE,FL,Acute Care Hospitals,Voluntary non-profit - Church,true,false,1.0,1,,11
896,100072,ADVENTHEALTH FISH MEMORIAL,FL,Acute Care Hospitals,Voluntary non-profit - Church,true,false,5.0,5,,11
897,100073,HOLY CROSS HOSPITAL,FL,Acute Care Hospitals,Voluntary non-profit - Church,true,false,4.0,4,,11
898,100075,ST JOSEPHS HOSPITAL,FL,Acute Care Hospitals,Voluntary non-profit - Church,true,false,4.0,4,,11
899,100077,Adventhealth Port Charlotte,FL,Acute Care Hospitals,Proprietary,true,false,1.0,1,,11
900,100080,HCA FLORIDA JFK HOSPITAL,FL,Acute Care Hospitals,Proprietary,true,false,2.0,2,,11
901,100084,UF HEALTH LEESBURG HOSPITAL,FL,Acute Care Hospitals,Voluntary non-profit - Private,true,false,3.0,3,,11
902,100086,BROWARD HEALTH NORTH,FL,Acute Care Hospitals,Government - Hospital District or Authority,true,false,3.0,3,,11
903,100087,SARASOTA MEMORIAL HOSPITAL,FL,Acute Care Hospitals,Government - Hospital District or Authority,true,false,5.0,5,,11
904,100088,BAPTIST HEALTH MEDICAL CENTER - JACKSONVILLE,FL,Acute Care Hospitals,Voluntary non-profit - Private,true,false,4.0,4,,11
905,100090,FLAGLER HOSPITAL,FL,Acute Care Hospitals,Voluntary non-profit - Private,true,false,3.0,3,,11
906,100093,BAPTIST HOSPITAL,FL,Acute Care Hospitals,Voluntary non-profit - Private,true,false,4.0,4,,11
907,100099,ADVENTHEALTH LAKE WALES,FL,Acute Care Hospitals,Proprietary,true,false,2.0,2,,11
908,10009F,BAY PINES VA MEDICAL CENTER,FL,Acute Care - Veterans Administration,Veterans Health Administration,true,true,3.0,3,,11
909,100105,CLEVELAND CLINIC INDIAN RIVER HOSPITAL,FL,Acute Care Hospitals,Voluntary non-profit - Private,true,false,4.0,4,,11
910,100107,HCA FLORIDA LEHIGH HOSPITAL,FL,Acute Care Hospitals,Proprietary,true,false,2.0,2,,11
911,100109,ADVENTHEALTH SEBRING,FL,Acute Care Hospitals,Voluntary non-profit - Private,true,false,3.0,3,,11
912,100110,HCA FLORIDA OSCEOLA HOSPITAL,FL,Acute Care Hospitals,Proprietary,true,false,2.0,2,,11
913,100113,UF HEALTH SHANDS HOSPITAL,FL,Acute Care Hospitals,Voluntary non-profit - Private,true,false,5.0,5,,11
914,100117,BAPTIST MEDICAL CENTER  BEACHES,FL,Acute Care Hospitals,Voluntary non-profit - Private,true,false,4.0,4,,11
915,100118,AdventHealth Palm Coast,FL,Acute Care Hospitals,Voluntary non-profit - Church,true,false,5.0,5,,11
916,100121,BARTOW REGIONAL MEDICAL CENTER,FL,Acute Care Hospitals,Proprietary,true,false,3.0,3,,11
917,100122,NORTH OKALOOSA MEDICAL CENTER,FL,Acute Care Hospitals,Voluntary non-profit - Private,true,false,3.0,3,,11
918,100124,SANTA ROSA MEDICAL CENTER,FL,Acute Care Hospitals,Proprietary,true,false,4.0,4,,11
919,100125,HOMESTEAD HOSPITAL,FL,Acute Care Hospitals,Voluntary non-profit - Private,true,false,4.0,4,,11
920,100126,HCA FLORIDA PASADENA HOSPITAL A PART OF HCA FLORID,FL,Acute Care Hospitals,Proprietary,true,false,,Not Available,19,11
921,100127,MORTON PLANT HOSPITAL,FL,Acute Care Hospitals,Voluntary non-profit - Private,true,false,4.0,4,,11
922,100128,TAMPA GENERAL HOSPITAL,FL,Acute Care Hospitals,Voluntary non-profit - Private,true,false,3.0,3,,11
923,100130,LAKESIDE MEDICAL CENTER,FL,Acute Care Hospitals,Government - Hospital District or Authority,true,false,,Not Available,16,11
924,100131,HCA FLORIDA AVENTURA HOSPITAL,FL,Acute Care Hospitals,Voluntary non-profit - Private,true,false,3.0,3,,11
925,100132,SOUTH FLORIDA BAPTIST HOSPITAL,FL,Acute Care Hospitals,Voluntary non-profit - Private,true,false,3.0,3,,11
926,100134,ED FRASER MEMORIAL HOSPITAL,FL,Acute Care Hospitals,Voluntary non-profit - Private,true,false,1.0,1,,11
927,100135,TALLAHASSEE MEMORIAL HEALTHCARE,FL,Acute Care Hospitals,Voluntary non-profit - Private,true,false,3.0,3,,11
928,100137,ADVENTHEALTH HEART OF FLORIDA,FL,Acute Care Hospitals,Proprietary,true,false,3.0,3,,11
929,10013F,NH Jacksonville,FL,Acute Care - Department of Defense,Department of Defense,true,true,,Not Available,22,11
930,100140,BAPTIST MEDICAL CENTER - NASSAU,FL,Acute Care Hospitals,Voluntary non-profit - Private,true,false,4.0,4,,11
931,100142,JACKSON HOSPITAL,FL,Acute Care Hospitals,Government - Hospital District or Authority,true,false,1.0,1,,11
932,100150,LOWER KEYS MEDICAL CENTER,FL,Acute Care Hospitals,Proprietary,true,false,4.0,4,,11
933,100151,MAYO CLINIC,FL,Acute Care Hospitals,Voluntary non-profit - Private,true,false,5.0,5,,11
934,100154,SOUTH MIAMI HOSPITAL,FL,Acute Care Hospitals,Voluntary non-profit - Private,true,false,4.0,4,,11
935,100156,HCA FLORIDA LAKE CITY HOSPITAL,FL,Acute Care Hospitals,Proprietary,true,false,3.0,3,,11
936,100157,LAKELAND REGIONAL MEDICAL CENTER,FL,Acute Care Hospitals,Voluntary non-profit - Private,true,false,1.0,1,,11
937,10015F,VA NORTH FLORIDA/SOUTH GEORGIA HEALTHCARE SYSTEM - LAKE CITY,FL,Acute Care - Veterans Administration,Veterans Health Administration,true,true,,Not Available,16,11
938,100161,CENTRAL FLORIDA LAKE MONROE HOSPITAL,FL,Acute Care Hospitals,Proprietary,true,false,2.0,2,,11
939,100166,HCA FLORIDA SARASOTA DOCTORS HOSPITAL,FL,Acute Care Hospitals,Proprietary,true,false,4.0,4,,11
940,100167,HCA FLORIDA MERCY HOSPITAL,FL,Acute Care Hospitals,Voluntary non-profit - Private,true,false,2.0,2,,11
941,100168,BOCA RATON REGIONAL HOSPITAL,FL,Acute Care Hospitals,Voluntary non-profit - Private,true,false,2.0,2,,11
942,100173,ADVENTHEALTH TAMPA,FL,Acute Care Hospitals,Voluntary non-profit - Private,true,false,3.0,3,,11
943,100175,DESOTO MEMORIAL HOSPITAL,FL,Acute Care Hospitals,Voluntary non-profit - Private,true,false,2.0,2,,11
944,100176,PALM BEACH GARDENS MEDICAL CENTER,FL,Acute Care Hospitals,Proprietary,true,false,2.0,2,,11
945,100177,CAPE CANAVERAL HOSPITAL,FL,Acute Care Hospitals,Voluntary non-profit - Private,true,false,3.0,3,,11
946,100179,HCA FLORIDA MEMORIAL HOSPITAL,FL,Acute Care Hospitals,Proprietary,true,false,2.0,2,,11
947,100180,HCA FLORIDA ST PETERSBURG HOSPITAL,FL,Acute Care Hospitals,Proprietary,true,false,2.0,2,,11
948,100181,LARKIN COMMUNITY HOSPITAL,FL,Acute Care Hospitals,Proprietary,true,false,1.0,1,,11
949,100183,CORAL GABLES HOSPITAL,FL,Acute Care Hospitals,Proprietary,true,false,3.0,3,,11
950,100187,PALMETTO GENERAL HOSPITAL,FL,Acute Care Hospitals,Proprietary,true,false,2.0,2,,11
951,100189,HCA FLORIDA NORTHWEST HOSPITAL,FL,Acute Care Hospitals,Proprietary,true,false,2.0,2,,11
952,100191,HCA FLORIDA TRINITY HOSPITAL,FL,Acute Care Hospitals,Proprietary,true,false,2.0,2,,11
953,100200,BROWARD HEALTH IMPERIAL POINT,FL,Acute Care Hospitals,Government - Hospital District or Authority,true,false,3.0,3,,11
954,100204,HCA FLORIDA NORTH FLORIDA HOSPITAL,FL,Acute Care Hospitals,Proprietary,true,false,3.0,3,,11
955,100206,HCA FLORIDA SOUTH TAMPA HOSPITAL,FL,Acute Care Hospitals,Proprietary,true,false,5.0,5,,11
956,100209,HCA FLORIDA KENDALL HOSPITAL,FL,Acute Care Hospitals,Proprietary,true,false,4.0,4,,11
957,100211,ADVENTHEALTH DADE CITY,FL,Acute Care Hospitals,Proprietary,true,false,4.0,4,,11
958,100212,MARION COMMUNTIY HOSPITAL,FL,Acute Care Hospitals,Proprietary,true,false,1.0,1,,11
959,100213,HCA FLORIDA BLAKE HOSPITAL,FL,Acute Care Hospitals,Proprietary,true,false,2.0,2,,11
960,100217,ORLANDO HEALTH SEBASTIAN RIVER HOSPITAL,FL,Acute Care Hospitals,Voluntary non-profit - Private,true,false,4.0,4,,11
961,10021F,96th Medical Group (Eglin AFB),FL,Acute Care - Department of Defense,Department of Defense,true,true,,Not Available,22,11
962,100220,GULF COAST MEDICAL CENTER LEE HEALTH,FL,Acute Care Hospitals,Government - Hospital District or Authority,true,false,4.0,4,,11
963,100223,HCA FLORIDA FORT WALTON-DESTIN HOSPITAL,FL,Acute Care Hospitals,Proprietary,true,false,3.0,3,,11
964,100224,UNIVERSITY HOSPITAL AND MEDICAL CENTER,FL,Acute Care Hospitals,Proprietary,true,false,2.0,2,,11
965,100226,HCA FLORIDA ORANGE PARK HOSPITAL,FL,Acute Care Hospitals,Voluntary non-profit - Other,true,false,3.0,3,,11
966,100228,WESTSIDE REGIONAL MEDICAL CENTER,FL,Acute Care Hospitals,Proprietary,true,false,2.0,2,,11
967,100230,MEMORIAL HOSPITAL PEMBROKE,FL,Acute Care Hospitals,Government - Hospital District or Authority,true,false,4.0,4,,11
968,100231,HCA FLORIDA WEST HOSPITAL,FL,Acute Care Hospitals,Proprietary,true,false,3.0,3,,11
969,100232,HCA FLORIDA PUTNAM HOSPITAL,FL,Acute Care Hospitals,Proprietary,true,false,2.0,2,,11
970,100236,HCA FLORIDA FAWCETT HOSPITAL,FL,Acute Care Hospitals,Proprietary,true,false,1.0,1,,11
971,100238,HCA FLORIDA NORTHSIDE HOSPITAL,FL,Acute Care Hospitals,Proprietary,true,false,1.0,1,,11
972,100242,HCA FLORIDA GULF COAST HOSPITAL,FL,Acute Care Hospitals,Proprietary,true,false,2.0,2,,11
973,100243,HCA FLORIDA BRANDON HOSPITAL,FL,Acute Care Hospitals,Proprietary,true,false,3.0,3,,11
974,100244,CAPE CORAL HOSPITAL,FL,Acute Care Hospitals,Government - Hospital District or Authority,true,false,3.0,3,,11
975,100246,HCA FLORIDA LAWNWOOD HOSPITAL,FL,Acute Care Hospitals,Proprietary,true,false,1.0,1,,11
976,100248,HCA FLORIDA LARGO HOSPITAL,FL,Acute Care Hospitals,Proprietary,true,false,2.0,2,,11
977,100249,TAMPA GENERAL HOSPITAL CRYSTAL RIVER,FL,Acute Care Hospitals,Voluntary non-profit - Private,true,false,2.0,2,,11
978,100252,HCA FLORIDA RAULERSON HOSPITAL,FL,Acute Care Hospitals,Proprietary,true,false,3.0,3,,11
979,100253,JUPITER MEDICAL CENTER,FL,Acute Care Hospitals,Voluntary non-profit - Private,true,false,4.0,4,,11
980,100254,HCA FLORIDA CAPITAL HOSPITAL,FL,Acute Care Hospitals,Proprietary,true,false,2.0,2,,11
981,100256,HCA FLORIDA BAYONET POINT HOSPITAL,FL,Acute Care Hospitals,Proprietary,true,false,2.0,2,,11
982,100258,DELRAY MEDICAL CENTER,FL,Acute Care Hospitals,Proprietary,true,false,1.0,1,,11
983,100259,HCA FLORIDA SOUTH SHORE HOSPITAL,FL,Acute Care Hospitals,Proprietary,true,false,2.0,2,,11
984,100260,ST LUCIE MEDICAL CENTER,FL,Acute Care Hospitals,Proprietary,true,false,1.0,1,,11
985,100264,HCA FLORIDA OAK HILL HOSPITAL,FL,Acute Care Hospitals,Proprietary,true,false,1.0,1,,11
986,100265,MEASE COUNTRYSIDE HOSPITAL,FL,Acute Care Hospitals,Voluntary non-profit - Private,true,false,4.0,4,,11
987,100266,GULF BREEZE HOSPITAL,FL,Acute Care Hospitals,Voluntary non-profit - Other,true,false,4.0,4,,11
988,100267,HCA FLORIDA ENGLEWOOD HOSPITAL,FL,Acute Care Hospitals,Proprietary,true,false,3.0,3,,11
989,100268,WEST BOCA MEDICAL CENTER,FL,Acute Care Hospitals,Proprietary,true,false,3.0,3,,11
990,100269,HCA FLORIDA PALMS WEST HOSPITAL,FL,Acute Care Hospitals,Proprietary,true,false,2.0,2,,11
991,100275,WELLINGTON REGIONAL MEDICAL CENTER,FL,Acute Care Hospitals,Proprietary,true,false,2.0,2,,11
992,100276,BROWARD HEALTH CORAL SPRINGS,FL,Acute Care Hospitals,Government - Hospital District or Authority,true,false,4.0,4,,11
993,100277,DOUGLAS GARDENS HOSPITAL,FL,Acute Care Hospitals,Voluntary non-profit - Private,true,false,,Not Available,16,11
994,100281,MEMORIAL HOSPITAL WEST,FL,Acute Care Hospitals,Government - Hospital District or Authority,true,false,3.0,3,,11
995,100284,KERALTY HOSPITAL,FL,Acute Care Hospitals,Proprietary,true,false,2.0,2,,11
996,100285,MEMORIAL HOSPITAL MIRAMAR,FL,Acute Care Hospitals,Government - Hospital District or Authority,true,false,5.0,5,,11
997,100286,PHYSICIANS REGIONAL MEDICAL CENTER - PINE RIDGE,FL,Acute Care Hospitals,Proprietary,true,false,2.0,2,,11
998,100287,GOOD SAMARITAN MEDICAL CENTER,FL,Acute Care Hospitals,Proprietary,true,false,2.0,2,,11
999,100288,ST MARY'S MEDICAL CENTER,FL,Acute Care Hospitals,Proprietary,true,false,1.0,1,,11
1000,100289,CLEVELAND CLINIC HOSPITAL,FL,Acute Care Hospitals,Voluntary non-profit - Private,true,false,5.0,5,,11
1001,100290,"VILLAGES REGIONAL HOSPITAL, THE",FL,Acute Care Hospitals,Voluntary non-profit - Private,true,false,4.0,4,,11
1002,100291,ORLANDO HEALTH MELBOURNE HOSPITAL,FL,Acute Care Hospitals,Voluntary non-profit - Private,true,false,3.0,3,,11
1003,100292,SACRED HEART HOSPITAL ON THE EMERALD COAST,FL,Acute Care Hospitals,Voluntary non-profit - Other,true,false,3.0,3,29,11
1004,100296,DOCTORS HOSPITAL,FL,Acute Care Hospitals,Voluntary non-profit - Other,true,false,5.0,5,,11
1005,100298,FLORIDA STATE HOSPITAL UNIT 31 MED,FL,Acute Care Hospitals,Government - State,true,false,,Not Available,19,11
1006,100299,LAKEWOOD RANCH MEDICAL CENTER,FL,Acute Care Hospitals,Proprietary,true,false,4.0,4,,11
1007,100302,ORLANDO HEALTH ST CLOUD HOSPITAL,FL,Acute Care Hospitals,Proprietary,true,false,2.0,2,,11
1008,100307,ASCENSION ST VINCENT'S SOUTHSIDE,FL,Acute Care Hospitals,Voluntary non-profit - Private,true,false,4.0,4,29,11
1009,100313,ASCENSION SACRED HEART GULF,FL,Acute Care Hospitals,Voluntary non-profit - Private,true,false,3.0,3,29,11
1010,100314,WEST KENDALL BAPTIST HOSPITAL,FL,Acute Care Hospitals,Voluntary non-profit - Private,true,false,5.0,5,,11
1011,100315,VIERA HOSPITAL,FL,Acute Care Hospitals,Voluntary non-profit - Private,true,false,5.0,5,,11
1012,100316,PALM BAY HOSPITAL,FL,Acute Care Hospitals,Proprietary,true,false,3.0,3,,11
1013,100319,ADVENTHEALTH WESLEY CHAPEL,FL,Acute Care Hospitals,Voluntary non-profit - Private,true,false,5.0,5,,11
1014,100320,HCA FLORIDA POINCIANA HOSPITAL,FL,Acute Care Hospitals,Proprietary,true,false,2.0,2,,11
1015,100321,ASCENSION ST VINCENT'S CLAY COUNTY,FL,Acute Care Hospitals,Voluntary non-profit - Private,true,false,3.0,3,29,11
1016,100329,OVIEDO MEDICAL CENTER,FL,Acute Care Hospitals,Proprietary,true,false,3.0,3,,11
1017,100330,HALIFAX HEALTH /UF HEALTH MEDICAL CENTER OF DELTON,FL,Acute Care Hospitals,Government - Local,true,false,,Not Available,16,11
1018,100350,UCF LAKE NONA HOSPITAL,FL,Acute Care Hospitals,Proprietary,true,false,3.0,3,,11
1019,100359,SARASOTA MEMORIAL HOSPITAL - VENICE,FL,Acute Care Hospitals,Government - Hospital District or Authority,true,false,5.0,5,,11
1020,100360,HCA FLORIDA UNIVERSITY HOSPITAL,FL,Acute Care Hospitals,Proprietary,true,false,3.0,3,,11
1021,100361,ASCENSION ST VINCENT'S ST JOHNS COUNTY,FL,Acute Care Hospitals,Voluntary non-profit - Private,true,false,4.0,4,29,11
1022,100362,BAYCARE HOSPITAL WESLEY CHAPEL,FL,Acute Care Hospitals,Proprietary,true,false,,Not Available,16,11
1023,100363,ADVENTHEALTH PALM COAST PARKWAY,FL,Acute Care Hospitals,Voluntary non-profit - Private,true,false,4.0,4,,11
1024,100364,ADVENTHEALTH RIVERVIEW,FL,Acute Care Hospitals,Voluntary non-profit - Private,true,false,,Not Available,5,11
1025,100365,NORTH WALTON DOCTORS HOSPITAL,FL,Acute Care Hospitals,Physician,true,false,,Not Available,19,11
1026,10057F,VA NORTH FLORIDA/SOUTH GEORGIA HEALTHCARE SYSTEM - GAINESVILLE,FL,Acute Care - Veterans Administration,Veterans Health Administration,true,true,4.0,4,,11
1027,10063F,TAMPA VA MEDICAL CENTER,FL,Acute Care - Veterans Administration,Veterans Health Administration,true,true,4.0,4,,11
1028,10064F,MIAMI VA MEDICAL CENTER,FL,Acute Care - Veterans Administration,Veterans Health Administration,true,true,4.0,4,,11
1029,10065F,W PALM BEACH VA MEDICAL CENTER,FL,Acute Care - Veterans Administration,Veterans Health Administration,true,true,3.0,3,,11
1030,10099F,ORLANDO VA MEDICAL CENTER,FL,Acute Care - Veterans Administration,Veterans Health Administration,true,true,5.0,5,,11
1031,101300,ADVENTHEALTH WAUCHULA,FL,Critical Access Hospitals,Voluntary non-profit - Private,true,false,,Not Available,16,11
1032,101303,LAKE BUTLER HOSPITAL,FL,Critical Access Hospitals,Proprietary,true,false,,Not Available,16,11
1033,101304,CALHOUN-LIBERTY HOSPITAL,FL,Critical Access Hospitals,Voluntary non-profit - Private,true,false,,Not Available,16,11
1034,101305,GEORGE E WEEMS MEMORIAL HOSPITAL,FL,Critical Access Hospitals,Government - Local,true,false,,Not Available,16,11
1035,101307,DOCTORS MEMORIAL HOSPITAL,FL,Critical Access Hospitals,Government - Hospital District or Authority,true,false,2.0,2,,11
1036,101308,NORTHWEST FLORIDA COMMUNITY HOSPITAL,FL,Critical Access Hospitals,Voluntary non-profit - Private,true,false,2.0,2,,11
1037,101309,HENDRY REGIONAL MEDICAL CENTER,FL,Critical Access Hospitals,Voluntary non-profit - Other,true,false,,Not Available,16,11
1038,101311,MADISON COUNTY MEMORIAL HOSPITAL,FL,Critical Access Hospitals,Government - Hospital District or Authority,true,false,,Not Available,16,11
1039,101312,FISHERMEN'S COMMUNITY HOSPITAL,FL,Critical Access Hospitals,Voluntary non-profit - Private,true,false,,Not Available,16,11
1040,101313,MARINERS HOSPITAL,FL,Critical Access Hospitals,Voluntary non-profit - Private,true,false,5.0,5,,11
1041,101314,DOCTORS MEMORIAL HOSPITAL INC,FL,Critical Access Hospitals,Voluntary non-profit - Private,true,false,,Not Available,16,11
1042,101315,JAY HOSPITAL,FL,Critical Access Hospitals,Voluntary non-profit - Private,true,false,,Not Available,16,11
1043,103300,JOHNS HOPKINS ALL CHILDREN'S HOSPITAL,FL,Childrens,Voluntary non-profit - Private,true,false,,Not Available,19,11
1044,103301,NICKLAUS CHILDREN'S HOSPITAL,FL,Childrens,Voluntary non-profit - Private,true,false,,Not Available,19,11
1045,103304,"NEMOURS CHILDRENS HOSPITAL, FLORIDA",FL,Childrens,Voluntary non-profit - Private,true,false,,Not Available,19,11
1046,104000,FLORIDA STATE HOSPITAL UNIT 14 PSYCH,FL,Psychiatric,Government - State,true,false,,Not Available,19,11
1047,104001,SOUTH FLORIDA STATE HOSPITAL,FL,Psychiatric,Government - Local,true,false,,Not Available,19,11
1048,104007,NORTHEAST FLORIDA STATE HOSPITAL,FL,Psychiatric,Government - State,true,false,,Not Available,19,11
1049,104016,RIVER POINT BEHAVIORAL HEALTH,FL,Psychiatric,Proprietary,true,false,,Not Available,19,11
1050,104017,WINDMOOR HEALTHCARE OF CLEARWATER,FL,Psychiatric,Proprietary,true,false,,Not Available,19,11
1051,104018,LIFESTREAM BEHAVIORAL CENTER,FL,Psychiatric,Proprietary,true,false,,Not Available,19,11
1052,104024,"CIRCLES OF CARE, INC",FL,Psychiatric,Voluntary non-profit - Private,true,false,,Not Available,19,11
1053,104026,FORT LAUDERDALE BEHAVIORAL HEALTH CENTER,FL,Psychiatric,Proprietary,true,false,,Not Available,19,11
1054,104040,CENTERSTONE OF FLORIDA,FL,Psychiatric,Voluntary non-profit - Private,true,false,,Not Available,19,11
1055,104049,SOUTHERN WINDS HOSPITAL,FL,Psychiatric,Proprietary,true,false,,Not Available,19,11
1056,104057,SPRINGBROOK HOSPITAL,FL,Psychiatric,Voluntary non-profit - Private,true,false,,Not Available,19,11
1057,104059,EASTSIDE PSYCHIATRIC HOSPITAL,FL,Psychiatric,Voluntary non-profit - Private,true,false,,Not Available,19,11
1058,104063,AXIOM BEHAVIORAL HEALTH AT NAPLES,FL,Psychiatric,Proprietary,true,false,,Not Available,19,11
1059,104067,ASPIRE HEALTH PARTNERS,FL,Psychiatric,Voluntary non-profit - Private,true,false,,Not Available,19,11
1060,104069,WEKIVA SPRINGS,FL,Psychiatric,Proprietary,true,false,,Not Available,19,11
1061,104070,PORT ST LUCIE HOSPITAL,FL,Psychiatric,Proprietary,true,false,,Not Available,19,11
1062,104071,THE VINES HOSPITAL,FL,Psychiatric,Proprietary,true,false,,Not Available,19,11
1063,104072,CENTRAL FLORIDA BEHAVIORAL HOSPITAL,FL,Psychiatric,Proprietary,true,false,,Not Available,19,11
1064,104073,EMERALD COAST BEHAVIORAL HOSPITAL,FL,Psychiatric,Proprietary,true,false,,Not Available,19,11
1065,104074,PARK ROYAL HOSPITAL,FL,Psychiatric,Proprietary,true,false,,Not Available,19,11
1066,104075,NORTH TAMPA BEHAVIORAL HEALTH,FL,Psychiatric,Proprietary,true,false,,Not Available,19,11
1067,104076,UNIVERSITY BEHAVIORAL CENTER,FL,Psychiatric,Voluntary non-profit - Private,true,false,,Not Available,19,11
1068,104078,SUNCOAST BEHAVIORAL HEALTH CENTER,FL,Psychiatric,Proprietary,true,false,,Not Available,19,11
1069,104079,LARKIN COMMUNITY HOSPITAL BEHAVIORAL HEALTH SRVS,FL,Psychiatric,Proprietary,true,false,,Not Available,19,11
1070,104080,CORAL SHORES BEHAVIORAL HEALTH,FL,Psychiatric,Voluntary non-profit - Other,true,false,,Not Available,19,11
1071,104081,BLACKBERRY CENTER - OGLETHORPE OF ORLANDO,FL,Psychiatric,Voluntary non-profit - Private,true,false,,Not Available,19,11
1072,104082,PALM POINT BEHAVIORAL HEALTH,FL,Psychiatric,Proprietary,true,false,,Not Available,19,11
1073,104084,NEUROBEHAVIORAL HOSPITAL OF THE PALM BEACHES-NORTH,FL,Psychiatric,Voluntary non-profit - Private,true,false,,Not Available,19,11
1074,104085,NEUROBEHAVIORAL HOSPITAL OF THE PALM BEACHES-SOUTH,FL,Psychiatric,Voluntary non-profit - Private,true,false,,Not Available,19,11
1075,104087,NORTH PORT BEHAVIORAL HEALTH,FL,Psychiatric,Proprietary,true,false,,Not Available,19,11
1076,110001,HAMILTON MEDICAL CENTER,GA,Acute Care Hospitals,Voluntary non-profit - Private,true,false,3.0,3,,12
1077,110002,UPSON REGIONAL MEDICAL CENTER,GA,Acute Care Hospitals,Voluntary non-profit - Other,true,false,1.0,1,,12
1078,110003,Memorial Satilla Health,GA,Acute Care Hospitals,Voluntary non-profit - Private,true,false,3.0,3,,12
1079,110005,NORTHSIDE HOSPITAL FORSYTH,GA,Acute Care Hospitals,Voluntary non-profit - Private,true,false,4.0,4,,12
1080,110006,ST MARY'S HOSPITAL,GA,Acute Care Hospitals,Voluntary non-profit - Private,true,false,1.0,1,,12
1081,110007,PHOEBE PUTNEY MEMORIAL HOSPITAL,GA,Acute Care Hospitals,Government - Hospital District or Authority,true,false,2.0,2,,12
1082,110008,NORTHSIDE HOSPITAL CHEROKEE,GA,Acute Care Hospitals,Voluntary non-profit - Other,true,false,4.0,4,,12
1083,110010,EMORY UNIVERSITY HOSPITAL,GA,Acute Care Hospitals,Voluntary non-profit - Private,true,false,4.0,4,,12
1084,110011,TANNER MEDICAL CENTER - CARROLLTON,GA,Acute Care Hospitals,Government - Hospital District or Authority,true,false,2.0,2,,12
1085,110015,TANNER MEDICAL CENTER VILLA RICA,GA,Acute Care Hospitals,Government - Hospital District or Authority,true,false,3.0,3,,12
1086,110016,WELLSTAR WEST GEORGIA MEDICAL CENTER,GA,Acute Care Hospitals,Voluntary non-profit - Private,true,false,5.0,5,,12
1087,110018,PIEDMONT NEWTON HOSPITAL,GA,Acute Care Hospitals,Voluntary non-profit - Private,true,false,3.0,3,,12
1088,110023,ADVENTHEALTH GORDON,GA,Acute Care Hospitals,Voluntary non-profit - Church,true,false,3.0,3,,12
1089,110024,CANDLER HOSPITAL,GA,Acute Care Hospitals,Voluntary non-profit - Private,true,false,2.0,2,,12
1090,110025,SOUTHEAST GEORGIA HEALTH SYSTEM- BRUNSWICK CAMPUS,GA,Acute Care Hospitals,Government - Hospital District or Authority,true,false,2.0,2,,12
1091,110027,"TY COBB REGIONAL MEDICAL CENTER, LLC",GA,Acute Care Hospitals,Voluntary non-profit - Private,true,false,3.0,3,,12
1092,110028,PIEDMONT AUGUSTA HOSPITAL,GA,Acute Care Hospitals,Government - Hospital District or Authority,true,false,2.0,2,,12
1093,110029,"NORTHEAST GEORGIA MEDICAL CENTER, INC",GA,Acute Care Hospitals,Government - Local,true,false,3.0,3,,12
1094,110030,PIEDMONT CARTERSVILLE MEDICAL CENTER,GA,Acute Care Hospitals,Voluntary non-profit - Private,true,false,3.0,3,,12
1095,110031,WELLSTAR SPALDING MEDICAL CENTER,GA,Acute Care Hospitals,Voluntary non-profit - Private,true,false,2.0,2,,12
1096,110032,STEPHENS COUNTY HOSPITAL,GA,Acute Care Hospitals,Government - Hospital District or Authority,true,false,2.0,2,,12
1097,110034,"WELLSTAR MCG HEALTH, AFFILIATED WITH MED COL",GA,Acute Care Hospitals,Voluntary non-profit - Private,true,false,1.0,1,,12
1098,110035,WELLSTAR KENNESTONE REGIONAL MEDICAL CENTER,GA,Acute Care Hospitals,Government - Hospital District or Authority,true,false,4.0,4,,12
1099,110036,SAVANNAH HEALTH SERVICES LLC DBA MEMORIAL HEALTH UNIVERSITY MEDICAL CENTER,GA,Acute Care Hospitals,Voluntary non-profit - Other,true,false,1.0,1,,12
1100,110038,ARCHBOLD MEMORIAL HOSPITAL,GA,Acute Care Hospitals,Voluntary non-profit - Private,true,false,2.0,2,,12
1101,110041,NORTHEAST GEORGIA MEDICAL CENTER HABERSHAM,GA,Acute Care Hospitals,Government - Hospital District or Authority,true,false,3.0,3,,12
1102,110042,WELLSTAR PAULDING MEDICAL CENTER,GA,Acute Care Hospitals,Voluntary non-profit - Other,true,false,4.0,4,,12
1103,110043,ST JOSEPH'S HOSPITAL - SAVANNAH,GA,Acute Care Hospitals,Voluntary non-profit - Private,true,false,2.0,2,,12
1104,110044,PHOEBE SUMTER MEDICAL CENTER,GA,Acute Care Hospitals,Government - Hospital District or Authority,true,false,3.0,3,,12
1105,110045,"NGMC BARROW, LLC",GA,Acute Care Hospitals,Proprietary,true,false,4.0,4,,12
1106,110046,PIEDMONT WALTON HOSPITAL,GA,Acute Care Hospitals,Proprietary,true,false,4.0,4,,12
1107,110050,ADVENTHEALTH MURRAY,GA,Acute Care Hospitals,Voluntary non-profit - Private,true,false,5.0,5,,12
1108,110051,UNION GENERAL HOSPITAL,GA,Acute Care Hospitals,Government - Local,true,false,3.0,3,,12
1109,110054,ATRIUM HEALTH FLOYD MEDICAL CENTER,GA,Acute Care Hospitals,Government - Hospital District or Authority,true,false,2.0,2,,12
1110,110064,PIEDMONT COLUMBUS REGIONAL MIDTOWN,GA,Acute Care Hospitals,Voluntary non-profit - Other,true,false,2.0,2,,12
1111,110069,EMORY HOUSTON HOSPITAL WARNER ROBINS,GA,Acute Care Hospitals,Voluntary non-profit - Private,true,false,2.0,2,,12
1112,110071,APPLING HEALTHCARE,GA,Acute Care Hospitals,Government - Hospital District or Authority,true,false,,Not Available,16,12
1113,110073,DORMINY MEDICAL CENTER,GA,Acute Care Hospitals,Government - Local,true,false,,Not Available,16,12
1114,110074,PIEDMONT ATHENS REGIONAL MEDICAL CENTER,GA,Acute Care Hospitals,Voluntary non-profit - Other,true,false,4.0,4,,12
1115,110075,EAST GEORGIA REGIONAL MEDICAL CENTER,GA,Acute Care Hospitals,Proprietary,true,false,3.0,3,,12
1116,110076,EMORY DECATUR HOSPITAL,GA,Acute Care Hospitals,Voluntary non-profit - Private,true,false,2.0,2,,12
1117,110078,EMORY UNIVERSITY HOSPITAL MIDTOWN,GA,Acute Care Hospitals,Voluntary non-profit - Private,true,false,2.0,2,,12
1118,110079,GRADY MEMORIAL HOSPITAL,GA,Acute Care Hospitals,Voluntary non-profit - Private,true,false,2.0,2,,12
1119,110082,"SAINT JOSEPH'S HOSPITAL OF ATLANTA, INC",GA,Acute Care Hospitals,Voluntary non-profit - Private,true,false,3.0,3,,12
1120,110083,"PIEDMONT HOSPITAL, INC",GA,Acute Care Hospitals,Government - Federal,true,false,4.0,4,,12
1121,110086,WASHINGTON COUNTY REGIONAL MEDICAL CENTER,GA,Acute Care Hospitals,Government - Hospital District or Authority,true,false,,Not Available,16,12
1122,110087,NORTHSIDE HOSPITAL GWINNETT,GA,Acute Care Hospitals,Government - Hospital District or Authority,true,false,3.0,3,,12
1123,110089,"COFFEE REGIONAL MEDICAL CENTER, INC",GA,Acute Care Hospitals,Government - Hospital District or Authority,true,false,3.0,3,,12
1124,110091,PIEDMONT ROCKDALE HOSPITAL,GA,Acute Care Hospitals,Proprietary,true,false,3.0,3,,12
1125,110092,DODGE COUNTY HOSPITAL,GA,Acute Care Hospitals,Government - Hospital District or Authority,true,false,,Not Available,16,12
1126,110095,TIFT REGIONAL MEDICAL CENTER,GA,Acute Care Hospitals,Government - Hospital District or Authority,true,false,3.0,3,,12
1127,110100,JEFFERSON HOSPITAL,GA,Acute Care Hospitals,Government - Hospital District or Authority,true,false,,Not Available,16,12
1128,110101,"SOUTHWELL MEDICAL, A CAMPUS OF TRMC",GA,Acute Care Hospitals,Proprietary,true,false,,Not Available,16,12
1129,110104,CRISP REGIONAL HOSPITAL,GA,Acute Care Hospitals,Proprietary,true,false,2.0,2,,12
1130,110105,COLQUITT REGIONAL MEDICAL CENTER,GA,Acute Care Hospitals,Government - Hospital District or Authority,true,false,4.0,4,,12
1131,110107,ATRIUM HEALTH NAVICENT THE MEDICAL CENTER,GA,Acute Care Hospitals,Government - Hospital District or Authority,true,false,2.0,2,,12
1132,110109,EMANUEL MEDICAL CENTER,GA,Acute Care Hospitals,Government - Hospital District or Authority,true,false,4.0,4,,12
1133,110111,UNIVERSITY MCDUFFIE COUNTY REGIONAL MEDICAL CENTER,GA,Acute Care Hospitals,Government - Hospital District or Authority,true,false,,Not Available,16,12
1134,110113,BURKE MEDICAL CENTER,GA,Acute Care Hospitals,Proprietary,true,false,,Not Available,16,12
1135,110121,GRADY GENERAL HOSPITAL,GA,Acute Care Hospitals,Voluntary non-profit - Private,true,false,,Not Available,16,12
1136,110122,SGMC HEALTH,GA,Acute Care Hospitals,Government - Hospital District or Authority,true,false,2.0,2,,12
1137,110124,WAYNE MEMORIAL HOSPITAL,GA,Acute Care Hospitals,Government - Hospital District or Authority,true,false,3.0,3,,12
1138,110125,FAIRVIEW PARK HOSPITAL,GA,Acute Care Hospitals,Proprietary,true,false,4.0,4,,12
1139,110128,MEMORIAL HEALTH MEADOWS HOSPITAL,GA,Acute Care Hospitals,Proprietary,true,false,5.0,5,,12
1140,110129,ST FRANCIS HOSPITAL- EMORY HEALTHCARE,GA,Acute Care Hospitals,Voluntary non-profit - Private,true,false,3.0,3,,12
1141,110132,MEMORIAL HOSPITAL AND MANOR,GA,Acute Care Hospitals,Government - Hospital District or Authority,true,false,1.0,1,,12
1142,110142,EVANS MEMORIAL HOSPITAL,GA,Acute Care Hospitals,Government - Hospital District or Authority,true,false,,Not Available,16,12
1143,110143,WELLSTAR COBB MEDICAL CENTER,GA,Acute Care Hospitals,Voluntary non-profit - Other,true,false,3.0,3,,12
1144,110146,SOUTHEAST GEORGIA HEALTH SYSTEM -- CAMDEN CAMPUS,GA,Acute Care Hospitals,Government - Hospital District or Authority,true,false,4.0,4,,12
1145,110150,NAVICENT HEALTH BALDWIN,GA,Acute Care Hospitals,Proprietary,true,false,2.0,2,,12
1146,110161,NORTHSIDE HOSPITAL,GA,Acute Care Hospitals,Voluntary non-profit - Private,true,false,3.0,3,,12
1147,110164,"COLISEUM MEDICAL CENTERS, LLC, DBA",GA,Acute Care Hospitals,Voluntary non-profit - Private,true,false,3.0,3,,12
1148,110165,SOUTHERN REGIONAL MEDICAL CENTER,GA,Acute Care Hospitals,Voluntary non-profit - Private,true,false,1.0,1,,12
1149,110168,ADVENTHEALTH REDMOND,GA,Acute Care Hospitals,Proprietary,true,false,4.0,4,,12
1150,110177,DOCTORS HOSPITAL,GA,Acute Care Hospitals,Proprietary,true,false,3.0,3,,12
1151,110184,WELLSTAR DOUGLAS MEDICAL CENTER,GA,Acute Care Hospitals,Voluntary non-profit - Private,true,false,3.0,3,,12
1152,110190,FLINT RIVER COMMUNITY HOSPITAL,GA,Acute Care Hospitals,Voluntary non-profit - Private,true,false,,Not Available,16,12
1153,110191,PIEDMONT HENRY HOSPITAL,GA,Acute Care Hospitals,Government - Hospital District or Authority,true,false,2.0,2,,12
1154,110192,PIEDMONT EASTSIDE MEDICAL CENTER,GA,Acute Care Hospitals,Proprietary,true,false,2.0,2,,12
1155,110194,DONALSONVILLE HOSPITAL INC,GA,Acute Care Hospitals,Voluntary non-profit - Private,true,false,,Not Available,16,12
1156,110198,WELLSTAR NORTH FULTON MEDICAL CENTER,GA,Acute Care Hospitals,Proprietary,true,false,2.0,2,,12
1157,110200,PIEDMONT COLUMBUS REGIONAL NORTHSIDE,GA,Acute Care Hospitals,Proprietary,true,false,5.0,5,,12
1158,110201,PIEDMONT MACON NORTH HOSPITAL,GA,Acute Care Hospitals,Proprietary,true,false,4.0,4,,12
1159,110209,TURNING POINT HOSPITAL,GA,Acute Care Hospitals,Proprietary,true,false,,Not Available,16,12
1160,110215,PIEDMONT FAYETTE HOSPITAL,GA,Acute Care Hospitals,Voluntary non-profit - Private,true,false,3.0,3,,12
1161,110225,PIEDMONT MOUNTAINSIDE HOSPITAL INC,GA,Acute Care Hospitals,Voluntary non-profit - Other,true,false,4.0,4,,12
1162,110226,EMORY HILLANDALE HOSPITAL,GA,Acute Care Hospitals,Government - Hospital District or Authority,true,false,1.0,1,,12
1163,110229,"PIEDMONT NEWNAN HOSPITAL, INC",GA,Acute Care Hospitals,Voluntary non-profit - Private,true,false,4.0,4,,12
1164,110230,EMORY JOHNS CREEK HOSPITAL,GA,Acute Care Hospitals,Proprietary,true,false,4.0,4,,12
1165,110233,"SOUTHEASTERN REGIONAL MEDICAL CENTER, INC",GA,Acute Care Hospitals,Proprietary,true,false,5.0,5,,12
1166,110234,SGMC BERRIEN CAMPUS,GA,Acute Care Hospitals,Voluntary non-profit - Other,true,false,,Not Available,16,12
1167,110236,COMMONSPIRIT-MEMORIAL HOSPITAL-NORTH GEORGIA,GA,Acute Care Hospitals,Voluntary non-profit - Private,true,false,3.0,3,,12
1168,110237,NORTHEAST GEORGIA MEDICAL CENTER LUMPKIN,GA,Acute Care Hospitals,Voluntary non-profit - Other,true,false,5.0,5,,12
1169,110252,NORTHSIDE HOSPITAL DULUTH,GA,Acute Care Hospitals,Voluntary non-profit - Private,true,false,4.0,4,,12
1170,110253,SOUTH GEORGIA SPECIALTY HOSPITAL,GA,Acute Care Hospitals,Proprietary,true,false,,Not Available,19,12
1171,110256,TAYLOR REGIONAL HOSPITAL,GA,Acute Care Hospitals,Voluntary non-profit - Private,true,false,,Not Available,5,12
1172,11029F,DECATUR (ATLANTA) VA MEDICAL CENTER,GA,Acute Care - Veterans Administration,Veterans Health Administration,true,true,3.0,3,,12
1173,11030F,AUGUSTA VA MEDICAL CENTER,GA,Acute Care - Veterans Administration,Veterans Health Administration,true,true,4.0,4,,12
1174,11031F,DUBLIN VA MEDICAL CENTER,GA,Acute Care - Veterans Administration,Veterans Health Administration,true,true,,Not Available,16,12
1175,11032F,Martin ACH (FT Benning),GA,Acute Care - Department of Defense,Department of Defense,true,true,,Not Available,22,12
1176,11033F,Dwight Eisenhower AMC (FT Gordon),GA,Acute Care - Department of Defense,Department of Defense,true,true,,Not Available,22,12
1177,11035F,Winn ACH (FT Stewart),GA,Acute Care - Department of Defense,Department of Defense,true,true,,Not Available,22,12
1178,110779,IRWIN COUNTY HOSPITAL,GA,Rural Emergency Hospital,Government - Hospital District or Authority,true,false,,Not Available,19,12
1179,111302,BLECKLEY MEMORIAL HOSPITAL,GA,Critical Access Hospitals,Government - Hospital District or Authority,true,false,,Not Available,16,12
1180,111303,JASPER MEMORIAL HOSPITAL,GA,Critical Access Hospitals,Government - Local,true,false,,Not Available,16,12
1181,111304,MORGAN MEDICAL CENTER,GA,Critical Access Hospitals,Government - Hospital District or Authority,true,false,,Not Available,16,12
1182,111305,MILLER COUNTY HOSPITAL,GA,Critical Access Hospitals,Government - Hospital District or Authority,true,false,,Not Available,16,12
1183,111306,EFFINGHAM HEALTH SYSTEM,GA,Critical Access Hospitals,Government - Hospital District or Authority,true,false,,Not Available,16,12
1184,111308,CLINCH MEMORIAL HOSPITAL,GA,Critical Access Hospitals,Government - Hospital District or Authority,true,false,,Not Available,16,12
1185,111310,ATRIUM HEALTH NAVICENT PEACH,GA,Critical Access Hospitals,Voluntary non-profit - Private,true,false,1.0,1,,12
1186,111311,JENKINS COUNTY MEDICAL CENTER,GA,Critical Access Hospitals,Proprietary,true,false,,Not Available,16,12
1187,111312,OPTIM MEDICAL CENTER - SCREVEN,GA,Critical Access Hospitals,Proprietary,true,false,,Not Available,16,12
1188,111313,PUTNAM GENERAL HOSPITAL,GA,Critical Access Hospitals,Government - Hospital District or Authority,true,false,,Not Available,16,12
1189,111314,LIFEBRITE COMMUNITY HOSPITAL OF EARLY,GA,Critical Access Hospitals,Voluntary non-profit - Private,true,false,,Not Available,16,12
1190,111316,WARM SPRINGS MEDICAL CENTER,GA,Critical Access Hospitals,Voluntary non-profit - Other,true,false,,Not Available,16,12
1191,111318,MONROE COUNTY HOSPITAL,GA,Critical Access Hospitals,Government - Hospital District or Authority,true,false,,Not Available,16,12
1192,111319,WELLSTAR SYLVAN GROVE MEDICAL CENTER,GA,Critical Access Hospitals,Voluntary non-profit - Private,true,false,,Not Available,16,12
1193,111320,HIGGINS GENERAL HOSPITAL,GA,Critical Access Hospitals,Government - Hospital District or Authority,true,false,,Not Available,16,12
1194,111323,OPTIM MEDICAL CENTER - TATTNALL,GA,Critical Access Hospitals,Proprietary,true,false,,Not Available,16,12
1195,111324,CHATUGE REGIONAL HOSPITAL,GA,Critical Access Hospitals,Government - Hospital District or Authority,true,false,,Not Available,16,12
1196,111325,WILLS MEMORIAL HOSPITAL,GA,Critical Access Hospitals,Government - Hospital District or Authority,true,false,,Not Available,16,12
1197,111326,SGMC HEALTH LANIER,GA,Critical Access Hospitals,Government - Hospital District or Authority,true,false,,Not Available,16,12
1198,111327,BACON COUNTY HOSPITAL,GA,Critical Access Hospitals,Voluntary non-profit - Other,true,false,,Not Available,16,12
1199,111328,PHOEBE WORTH MEDICAL CENTER,GA,Critical Access Hospitals,Voluntary non-profit - Private,true,false,,Not Available,16,12
1200,111329,ST MARYS GOOD SAMARITAN HOSPITAL,GA,Critical Access Hospitals,Proprietary,true,false,4.0,4,,12
1201,111330,ATRIUM HEALTH FLOYD POLK MEDICAL CENTER,GA,Critical Access Hospitals,Voluntary non-profit - Private,true,false,,Not Available,16,12
1202,111331,ARCHBOLD MITCHELL,GA,Critical Access Hospitals,Government - Hospital District or Authority,true,false,,Not Available,16,12
1203,111332,ARCHBOLD BROOKS,GA,Critical Access Hospitals,Government - Hospital District or Authority,true,false,,Not Available,16,12
1204,111333,JEFF DAVIS HOSPITAL,GA,Critical Access Hospitals,Government - Hospital District or Authority,true,false,,Not Available,16,12
1205,111334,CANDLER COUNTY HOSPITAL,GA,Critical Access Hospitals,Proprietary,true,false,,Not Available,16,12
1206,111335,LIBERTY REGIONAL MEDICAL CENTER,GA,Critical Access Hospitals,Government - Hospital District or Authority,true,false,,Not Available,16,12
1207,111336,MOUNTAIN LAKES MEDICAL CENTER,GA,Critical Access Hospitals,Proprietary,true,false,,Not Available,16,12
1208,111337,ELBERT MEMORIAL HOSPITAL,GA,Critical Access Hospitals,Government - Hospital District or Authority,true,false,,Not Available,16,12
1209,111338,BLUE RIDGE MEDICAL CENTER,GA,Critical Access Hospitals,Voluntary non-profit - Other,true,false,,Not Available,19,12
1210,113300,ATHUR M BLANK HOSPITAL,GA,Childrens,Voluntary non-profit - Private,true,false,,Not Available,19,12
1211,113301,CHILDREN'S HEALTHCARE OF ATLANTA AT SCOTTISH RITE,GA,Childrens,Voluntary non-profit - Other,true,false,,Not Available,19,12
1212,114004,SUMMITRIDGE CENTER- PSYCHIATRY & ADDICTIVE MED,GA,Psychiatric,Proprietary,true,false,,Not Available,19,12
1213,114008,COASTAL HARBOR TREATMENT CENTER,GA,Psychiatric,Proprietary,true,false,,Not Available,19,12
1214,114010,PEACHFORD BEHAVIORAL HEALTH SYSTEM OF ATLANTA,GA,Psychiatric,Proprietary,true,false,,Not Available,19,12
1215,114012,RIDGEVIEW INSTITUTE,GA,Psychiatric,Proprietary,true,false,,Not Available,19,12
1216,114013,WEST CENTRAL GEORGIA REGIONAL HOSPITAL,GA,Psychiatric,Government - State,true,false,,Not Available,19,12
1217,114016,ST SIMONS-BY-THE-SEA,GA,Psychiatric,Government - Federal,true,false,,Not Available,19,12
1218,114019,GEORGIA REGIONAL HOSPITAL ATLANTA,GA,Psychiatric,Government - State,true,false,,Not Available,19,12
1219,114028,GEORGIA REGIONAL HOSP SAVANNAH,GA,Psychiatric,Government - State,true,false,,Not Available,19,12
1220,114029,EAST CENTRAL REGIONAL HOSPITAL,GA,Psychiatric,Government - State,true,false,,Not Available,19,12
1221,114032,SO CRESCENT BEH HLTH SYS - ANCHOR HOSPITAL CAMPUS,GA,Psychiatric,Government - Hospital District or Authority,true,false,,Not Available,19,12
1222,114035,RIVERWOODS BEHAVIORAL HEALTH SYSTEM,GA,Psychiatric,Proprietary,true,false,,Not Available,19,12
1223,114036,GREENLEAF CENTER,GA,Psychiatric,Proprietary,true,false,,Not Available,19,12
1224,114037,RIDGEVIEW INSTITUTE MONROE,GA,Psychiatric,Proprietary,true,false,,Not Available,19,12
1225,120001,THE QUEENS MEDICAL CENTER,HI,Acute Care Hospitals,Voluntary non-profit - Private,true,false,3.0,3,,14
1226,120002,MAUI MEMORIAL MEDICAL CENTER,HI,Acute Care Hospitals,Government - State,true,false,2.0,2,,14
1227,120005,HILO BENIOFF MEDICAL CENTER,HI,Acute Care Hospitals,Government - State,true,false,3.0,3,,14
1228,120006,ADVENTIST HEALTH CASTLE,HI,Acute Care Hospitals,Voluntary non-profit - Church,true,false,4.0,4,,14
1229,120007,KUAKINI MEDICAL CENTER,HI,Acute Care Hospitals,Voluntary non-profit - Private,true,false,4.0,4,,14
1230,120011,KAISER FOUNDATION HOSPITAL,HI,Acute Care Hospitals,Voluntary non-profit - Private,true,false,4.0,4,,14
1231,120014,WILCOX MEMORIAL HOSPITAL,HI,Acute Care Hospitals,Government - Federal,true,false,2.0,2,,14
1232,120019,KONA COMMUNITY HOSPITAL,HI,Acute Care Hospitals,Government - State,true,false,2.0,2,,14
1233,12001F,Tripler AMC (FT Shafter),HI,Acute Care - Department of Defense,Department of Defense,true,true,,Not Available,22,14
1234,120022,STRAUB CLINIC AND HOSPITAL,HI,Acute Care Hospitals,Proprietary,true,false,4.0,4,,14
1235,120026,PALI MOMI MEDICAL CENTER,HI,Acute Care Hospitals,Proprietary,true,false,4.0,4,,14
1236,120028,"NORTH HAWAII COMMUNITY HOSPITAL, INC",HI,Acute Care Hospitals,Voluntary non-profit - Private,true,false,3.0,3,,14
1237,121300,KAUAI VETERANS MEMORIAL HOSPITAL,HI,Critical Access Hospitals,Government - State,true,false,,Not Available,16,14
1238,121301,KAU HOSPITAL,HI,Critical Access Hospitals,Government - State,true,false,,Not Available,16,14
1239,121302,KOHALA HOSPITAL,HI,Critical Access Hospitals,Government - State,true,false,,Not Available,16,14
1240,121303,MOLOKAI GENERAL HOSPITAL,HI,Critical Access Hospitals,Voluntary non-profit - Private,true,false,,Not Available,16,14
1241,121304,KAHUKU MEDICAL CENTER,HI,Critical Access Hospitals,Voluntary non-profit - Other,true,false,,Not Available,16,14
1242,121305,LANAI COMMUNITY HOSPITAL,HI,Critical Access Hospitals,Voluntary non-profit - Private,true,false,,Not Available,16,14
1243,121306,SAMUEL MAHELONA MEMORIAL HOSPITAL,HI,Critical Access Hospitals,Government - State,true,false,,Not Available,16,14
1244,121307,HONOKA'A HOSPITAL AND SKILLED NURSING,HI,Critical Access Hospitals,Government - State,true,false,,Not Available,16,14
1245,121308,KULA HOSPITAL,HI,Critical Access Hospitals,Voluntary non-profit - Private,true,false,,Not Available,16,14
1246,123300,KAPIOLANI MEDICAL CENTER FOR WOMEN & CHILDREN,HI,Childrens,Voluntary non-profit - Private,true,false,,Not Available,19,14
1247,123301,SHRINERS HOSPITAL FOR CHILDREN,HI,Childrens,Voluntary non-profit - Private,true,false,,Not Available,19,14
1248,130002,ST LUKES MAGIC VALLEY MEDICAL CENTER,ID,Acute Care Hospitals,Voluntary non-profit - Private,true,false,4.0,4,,16
1249,130003,ST JOSEPH REGIONAL MEDICAL CENTER,ID,Acute Care Hospitals,Voluntary non-profit - Private,true,false,2.0,2,,16
1250,130006,ST LUKE'S REGIONAL MEDICAL CENTER,ID,Acute Care Hospitals,Voluntary non-profit - Private,true,false,5.0,5,,16
1251,130007,SAINT ALPHONSUS REGIONAL MEDICAL CENTER,ID,Acute Care Hospitals,Voluntary non-profit - Church,true,false,3.0,3,,16
1252,130013,SAINT ALPHONSUS MEDICAL CENTER - NAMPA,ID,Acute Care Hospitals,Voluntary non-profit - Church,true,false,3.0,3,,16
1253,130014,WEST VALLEY MEDICAL CENTER,ID,Acute Care Hospitals,Proprietary,true,false,5.0,5,,16
1254,130018,EASTERN IDAHO REGIONAL MEDICAL CENTER,ID,Acute Care Hospitals,Proprietary,true,false,3.0,3,,16
1255,130025,MADISON MEMORIAL HOSPITAL,ID,Acute Care Hospitals,Government - Local,true,false,,Not Available,16,16
1256,130028,PORTNEUF MEDICAL CENTER,ID,Acute Care Hospitals,Proprietary,true,false,4.0,4,,16
1257,13003F,BOISE VA MEDICAL CENTER,ID,Acute Care - Veterans Administration,Veterans Health Administration,true,true,5.0,5,,16
1258,130049,KOOTENAI HEALTH,ID,Acute Care Hospitals,Government - Hospital District or Authority,true,false,4.0,4,,16
1259,130063,TREASURE VALLEY HOSPITAL,ID,Acute Care Hospitals,Proprietary,true,false,,Not Available,16,16
1260,130065,MOUNTAIN VIEW HOSPITAL,ID,Acute Care Hospitals,Physician,true,false,3.0,3,,16
1261,130066,NORTHWEST SPECIALTY HOSPITAL,ID,Acute Care Hospitals,Proprietary,true,false,,Not Available,16,16
1262,130071,ST LUKE'S NAMPA MEDICAL CENTER,ID,Acute Care Hospitals,Voluntary non-profit - Private,true,false,5.0,5,,16
1263,130073,GROVE CREEK MEDICAL CENTER,ID,Acute Care Hospitals,Voluntary non-profit - Private,true,false,,Not Available,16,16
1264,130074,"IDAHO FALLS COMMUNITY HOSPITAL, LLC",ID,Acute Care Hospitals,Proprietary,true,false,4.0,4,,16
1265,130779,CASCADE MEDICAL CENTER,ID,Rural Emergency Hospital,Government - Hospital District or Authority,true,false,,Not Available,19,16
1266,131301,BOUNDARY COMMUNITY HOSPITAL,ID,Critical Access Hospitals,Voluntary non-profit - Other,true,false,,Not Available,16,16
1267,131302,NORTH CANYON MEDICAL CENTER,ID,Critical Access Hospitals,Voluntary non-profit - Private,true,false,,Not Available,16,16
1268,131303,NELL J REDFIELD MEMORIAL HOSPITAL,ID,Critical Access Hospitals,Government - Local,true,false,,Not Available,16,16
1269,131304,POWER COUNTY HOSPITAL DISTRICT,ID,Critical Access Hospitals,Government - Hospital District or Authority,true,false,,Not Available,16,16
1270,131305,STEELE MEMORIAL MEDICAL CENTER,ID,Critical Access Hospitals,Government - Local,true,false,3.0,3,,16
1271,131307,WEISER MEMORIAL HOSPITAL,ID,Critical Access Hospitals,Government - Hospital District or Authority,true,false,,Not Available,16,16
1272,131309,CARIBOU MEDICAL CENTER,ID,Critical Access Hospitals,Government - Local,true,false,,Not Available,16,16
1273,131310,ST LUKE'S JEROME,ID,Critical Access Hospitals,Voluntary non-profit - Private,true,false,,Not Available,16,16
1274,131311,ST LUKE'S ELMORE MEDICAL CENTER,ID,Critical Access Hospitals,Voluntary non-profit - Private,true,false,5.0,5,,16
1275,131312,ST LUKE'S MCCALL,ID,Critical Access Hospitals,Proprietary,true,false,,Not Available,16,16
1276,131313,TETON VALLEY HOSPITAL,ID,Critical Access Hospitals,Voluntary non-profit - Private,true,false,,Not Available,16,16
1277,131314,SHOSHONE MEDICAL CENTER,ID,Critical Access Hospitals,Government - Hospital District or Authority,true,false,3.0,3,,16
1278,131315,SYRINGA GENERAL HOSPITAL,ID,Critical Access Hospitals,Voluntary non-profit - Private,true,false,,Not Available,16,16
1279,131316,BEAR LAKE MEMORIAL HOSPITAL,ID,Critical Access Hospitals,Government - Local,true,false,,Not Available,16,16
1280,131317,BENEWAH COMMUNITY HOSPITAL,ID,Critical Access Hospitals,Government - Local,true,false,,Not Available,16,16
1281,131318,VALOR HEALTH,ID,Critical Access Hospitals,Government - Local,true,false,,Not Available,16,16
1282,131319,MINIDOKA MEMORIAL HOSPITAL,ID,Critical Access Hospitals,Government - Local,true,false,,Not Available,16,16
1283,131320,CLEARWATER VALLEY HOSPITAL & CLINICS,ID,Critical Access Hospitals,Voluntary non-profit - Private,true,false,2.0,2,,16
1284,131321,ST MARY'S HOSPITAL,ID,Critical Access Hospitals,Voluntary non-profit - Private,true,false,,Not Available,16,16
1285,131322,FRANKLIN COUNTY MEDICAL CENTER,ID,Critical Access Hospitals,Voluntary non-profit - Other,true,false,3.0,3,,16
1286,131323,ST LUKE'S WOOD RIVER MEDICAL CENTER,ID,Critical Access Hospitals,Voluntary non-profit - Private,true,false,4.0,4,,16
1287,131324,LOST RIVERS MEDICAL CENTER,ID,Critical Access Hospitals,Government - Hospital District or Authority,true,false,,Not Available,16,16
1288,131325,BINGHAM MEMORIAL HOSPITAL,ID,Critical Access Hospitals,Voluntary non-profit - Private,true,false,,Not Available,16,16
1289,131326,CASSIA REGIONAL HOSPITAL,ID,Critical Access Hospitals,Voluntary non-profit - Private,true,false,3.0,3,,16
1290,131327,GRITMAN MEDICAL CENTER,ID,Critical Access Hospitals,Voluntary non-profit - Private,true,false,3.0,3,,16
1291,131328,BONNER GENERAL HOSPITAL,ID,Critical Access Hospitals,Voluntary non-profit - Private,true,false,2.0,2,,16
1292,134002,INTERMOUNTAIN HOSPITAL,ID,Psychiatric,Proprietary,true,false,,Not Available,19,16
1293,134009,LIFEWAYS HOSPITAL,ID,Psychiatric,Voluntary non-profit - Private,true,false,,Not Available,19,16
1294,134010,STATE HOSPITAL SOUTH,ID,Psychiatric,Government - State,true,false,,Not Available,19,16
1295,134017,COTTONWOOD CREEK BEHAVIORAL HOSPITAL,ID,Psychiatric,Proprietary,true,false,,Not Available,19,16
1296,140001,GRAHAM HOSPITAL ASSOCIATION,IL,Acute Care Hospitals,Voluntary non-profit - Private,true,false,3.0,3,,17
1297,140002,ALTON MEMORIAL HOSPITAL,IL,Acute Care Hospitals,Voluntary non-profit - Private,true,false,4.0,4,,17
1298,140007,SAINT JOSEPH MEDICAL CENTER,IL,Acute Care Hospitals,Voluntary non-profit - Church,true,false,1.0,1,29,17
1299,140008,LOYOLA GOTTLIEB MEMORIAL HOSPITAL,IL,Acute Care Hospitals,Voluntary non-profit - Private,true,false,3.0,3,,17
1300,140010,NORTHSHORE UNIVERSITY HEALTHSYSTEM - EVANSTON HOSPITAL,IL,Acute Care Hospitals,Voluntary non-profit - Other,true,false,5.0,5,,17
1301,140011,HERRIN HOSPITAL,IL,Acute Care Hospitals,Voluntary non-profit - Private,true,false,1.0,1,,17
1302,140012,OSF SAINT KATHARINE MEDICAL CENTER,IL,Acute Care Hospitals,Voluntary non-profit - Private,true,false,2.0,2,,17
1303,140013,CARLE HEALTH PROCTOR HOSPITAL,IL,Acute Care Hospitals,Voluntary non-profit - Private,true,false,3.0,3,,17
1304,140015,BLESSING HOSPITAL,IL,Acute Care Hospitals,Voluntary non-profit - Private,true,false,4.0,4,,17
1305,140018,MT SINAI HOSPITAL MEDICAL CENTER,IL,Acute Care Hospitals,Voluntary non-profit - Private,true,false,1.0,1,,17
1306,140029,COPLEY MEMORIAL HOSPITAL,IL,Acute Care Hospitals,Voluntary non-profit - Private,true,false,4.0,4,,17
1307,140030,ADVOCATE SHERMAN HOSPITAL,IL,Acute Care Hospitals,Voluntary non-profit - Private,true,false,4.0,4,,17
1308,140032,ST ANTHONYS MEMORIAL HOSPITAL,IL,Acute Care Hospitals,Voluntary non-profit - Church,true,false,3.0,3,,17
1309,140034,SSM HEALTH ST MARY'S HOSPITAL -CENTRALIA,IL,Acute Care Hospitals,Voluntary non-profit - Church,true,false,3.0,3,,17
1310,14003F,JESSE BROWN VA MEDICAL CENTER - VA CHICAGO HEALTHCARE SYSTEM,IL,Acute Care - Veterans Administration,Veterans Health Administration,true,true,4.0,4,,17
1311,140043,CGH MEDICAL CENTER,IL,Acute Care Hospitals,Government - Local,true,false,1.0,1,,17
1312,140046,GOOD SAMARITAN REGIONAL HLTH CENTER,IL,Acute Care Hospitals,Voluntary non-profit - Private,true,false,4.0,4,,17
1313,140048,ADVOCATE TRINITY HOSPITAL,IL,Acute Care Hospitals,Voluntary non-profit - Church,true,false,2.0,2,,17
1314,140049,WEST SUBURBAN MEDICAL CENTER,IL,Acute Care Hospitals,Voluntary non-profit - Other,true,false,1.0,1,,17
1315,14004F,VA ILLIANA HEALTHCARE SYSTEM - DANVILLE,IL,Acute Care - Veterans Administration,Veterans Health Administration,true,true,,Not Available,16,17
1316,140052,OSF SAINT ANTHONY'S HEALTH CENTER,IL,Acute Care Hospitals,Voluntary non-profit - Church,true,false,4.0,4,,17
1317,140053,ST JOHNS HOSPITAL,IL,Acute Care Hospitals,Voluntary non-profit - Church,true,false,2.0,2,,17
1318,140054,MACNEAL  HOSPITAL,IL,Acute Care Hospitals,Proprietary,true,false,3.0,3,,17
1319,140059,JERSEY COMMUNITY HOSPITAL,IL,Acute Care Hospitals,Government - Local,true,false,3.0,3,,17
1320,140062,PALOS COMMUNITY HOSPITAL,IL,Acute Care Hospitals,Voluntary non-profit - Private,true,false,4.0,4,,17
1321,140063,RUSH OAK PARK HOSPITAL,IL,Acute Care Hospitals,Voluntary non-profit - Private,true,false,4.0,4,,17
1322,140064,ST MARY MEDICAL CENTER,IL,Acute Care Hospitals,Voluntary non-profit - Church,true,false,2.0,2,,17
1323,140065,UCHICAGO MEDICINE ADVENTHEALTH LA GRANGE,IL,Acute Care Hospitals,Voluntary non-profit - Church,true,false,5.0,5,,17
1324,140067,SAINT FRANCIS MEDICAL CENTER,IL,Acute Care Hospitals,Voluntary non-profit - Private,true,false,2.0,2,,17
1325,140068,ROSELAND COMMUNITY HOSPITAL,IL,Acute Care Hospitals,Voluntary non-profit - Private,true,false,1.0,1,,17
1326,140077,TOUCHETTE REGIONAL HOSPITAL INC,IL,Acute Care Hospitals,Voluntary non-profit - Private,true,false,,Not Available,16,17
1327,14007F,HINES VA MEDICAL CENTER,IL,Acute Care - Veterans Administration,Veterans Health Administration,true,true,3.0,3,,17
1328,140080,SAINT FRANCIS HOSPITAL-EVANSTON,IL,Acute Care Hospitals,Voluntary non-profit - Church,true,false,2.0,2,29,17
1329,140082,LOUIS A WEISS MEMORIAL HOSPITAL,IL,Acute Care Hospitals,Proprietary,true,false,1.0,1,,17
1330,140083,LORETTO HOSPITAL,IL,Acute Care Hospitals,Voluntary non-profit - Other,true,false,,Not Available,16,17
1331,140084,VISTA MEDICAL CENTER EAST,IL,Acute Care Hospitals,Proprietary,true,false,2.0,2,,17
1332,140088,THE UNIVERSITY OF CHICAGO MEDICAL CENTER,IL,Acute Care Hospitals,Voluntary non-profit - Private,true,false,4.0,4,,17
1333,140089,MC DONOUGH DISTRICT HOSPITAL,IL,Acute Care Hospitals,Government - Hospital District or Authority,true,false,3.0,3,,17
1334,14008F,MARION IL VA MEDICAL CENTER,IL,Acute Care - Veterans Administration,Veterans Health Administration,true,true,3.0,3,,17
1335,140091,CARLE FOUNDATION HOSPITAL,IL,Acute Care Hospitals,Voluntary non-profit - Private,true,false,2.0,2,,17
1336,140093,OSF SACRED HEART MEDICAL CENTER,IL,Acute Care Hospitals,Voluntary non-profit - Church,true,false,2.0,2,,17
1337,140095,SAINT ANTHONY HOSPITAL,IL,Acute Care Hospitals,Voluntary non-profit - Private,true,false,2.0,2,,17
1338,140100,"MIDWESTERN REGION MED CENTER, INC",IL,Acute Care Hospitals,Proprietary,true,false,4.0,4,,17
1339,140101,MORRIS HOSPITAL & HEALTHCARE CENTERS,IL,Acute Care Hospitals,Voluntary non-profit - Private,true,false,4.0,4,,17
1340,140103,ST BERNARD HOSPITAL,IL,Acute Care Hospitals,Voluntary non-profit - Church,true,false,1.0,1,,17
1341,140110,OSF SAINT ELIZABETH MDL CTR,IL,Acute Care Hospitals,Voluntary non-profit - Private,true,false,3.0,3,,17
1342,140113,OSF HEART OF MARY MEDICAL CENTER,IL,Acute Care Hospitals,Voluntary non-profit - Church,true,false,3.0,3,,17
1343,140114,SWEDISH HOSPITAL,IL,Acute Care Hospitals,Voluntary non-profit - Church,true,false,3.0,3,,17
1344,140115,THOREK MEMORIAL HOSPITAL,IL,Acute Care Hospitals,Voluntary non-profit - Private,true,false,,Not Available,16,17
1345,140116,NORTHWESTERN MEDICINE MCHENRY,IL,Acute Care Hospitals,Voluntary non-profit - Other,true,false,5.0,5,,17
1346,140117,AMITA HEALTH RESURRECTION MEDICAL CENTER,IL,Acute Care Hospitals,Voluntary non-profit - Church,true,false,3.0,3,29,17
1347,140119,RUSH UNIVERSITY MEDICAL CENTER,IL,Acute Care Hospitals,Voluntary non-profit - Private,true,false,5.0,5,,17
1348,140120,CARLE HEALTH PEKIN HOSPITAL,IL,Acute Care Hospitals,Voluntary non-profit - Private,true,false,3.0,3,,17
1349,140122,UCHICAGO MEDICINE ADVENTHEALTH HINSDALE,IL,Acute Care Hospitals,Voluntary non-profit - Private,true,false,5.0,5,,17
1350,140124,JOHN H STROGER JR HOSPITAL,IL,Acute Care Hospitals,Government - Local,true,false,2.0,2,,17
1351,140125,GATEWAY REGIONAL MEDICAL CENTER,IL,Acute Care Hospitals,Voluntary non-profit - Other,true,false,2.0,2,,17
1352,140127,CARLE BROMENN MEDICAL CENTER,IL,Acute Care Hospitals,Voluntary non-profit - Church,true,false,3.0,3,,17
1353,140130,NORTHWESTERN LAKE FOREST HOSPITAL,IL,Acute Care Hospitals,Voluntary non-profit - Other,true,false,5.0,5,,17
1354,140133,HOLY CROSS HOSPITAL,IL,Acute Care Hospitals,Voluntary non-profit - Private,true,false,2.0,2,,17
1355,140135,DECATUR MEMORIAL HOSPITAL,IL,Acute Care Hospitals,Voluntary non-profit - Other,true,false,3.0,3,,17
1356,140137,HSHS HOLY FAMILY HOSPITAL INC,IL,Acute Care Hospitals,Voluntary non-profit - Church,true,false,3.0,3,,17
1357,140145,ST JOSEPHS HOSPITAL,IL,Acute Care Hospitals,Voluntary non-profit - Church,true,false,4.0,4,,17
1358,140148,MEMORIAL MEDICAL CENTER,IL,Acute Care Hospitals,Voluntary non-profit - Private,true,false,3.0,3,,17
1359,140150,UNIVERSITY OF ILLINOIS HOSPITAL AND CLINICS,IL,Acute Care Hospitals,Government - State,true,false,4.0,4,,17
1360,140155,PRESENCE ST MARYS HOSPITAL,IL,Acute Care Hospitals,Voluntary non-profit - Church,true,false,4.0,4,29,17
1361,140158,INSIGHT HOSPITAL AND MEDICAL CENTER CHICAGO,IL,Acute Care Hospitals,Voluntary non-profit - Private,true,false,1.0,1,,17
1362,140160,FHN MEMORIAL HOSPITAL,IL,Acute Care Hospitals,Voluntary non-profit - Private,true,false,3.0,3,,17
1363,140161,SAINT JAMES HOSPITAL,IL,Acute Care Hospitals,Voluntary non-profit - Church,true,false,4.0,4,,17
1364,140162,ST JOSEPH MEDICAL CENTER,IL,Acute Care Hospitals,Voluntary non-profit - Church,true,false,2.0,2,,17
1365,140164,MEMORIAL HOSPITAL OF CARBONDALE,IL,Acute Care Hospitals,Voluntary non-profit - Private,true,false,1.0,1,,17
1366,140166,ST MARYS HOSPITAL,IL,Acute Care Hospitals,Voluntary non-profit - Private,true,false,1.0,1,,17
1367,140172,FRANCISCAN HEALTH OLYMPIA & CHICAGO HEIGHTS,IL,Acute Care Hospitals,Voluntary non-profit - Church,true,false,3.0,3,,17
1368,140174,PRESENCE MERCY MEDICAL CENTER,IL,Acute Care Hospitals,Voluntary non-profit - Private,true,false,3.0,3,29,17
1369,140177,JACKSON PARK HOSPITAL,IL,Acute Care Hospitals,Voluntary non-profit - Private,true,false,1.0,1,,17
1370,140179,OSF LITTLE COMPANY OF MARY MEDICAL CENTER,IL,Acute Care Hospitals,Voluntary non-profit - Other,true,false,2.0,2,,17
1371,140180,PRESENCE SAINTS MARY AND ELIZABETH MEDICAL CENTER,IL,Acute Care Hospitals,Voluntary non-profit - Church,true,false,3.0,3,29,17
1372,140181,SOUTH SHORE HOSPITAL,IL,Acute Care Hospitals,Voluntary non-profit - Private,true,false,,Not Available,16,17
1373,140182,ADVOCATE ILLINOIS MASONIC MEDICAL CENTER,IL,Acute Care Hospitals,Voluntary non-profit - Private,true,false,3.0,3,,17
1374,140184,HEARTLAND REGIONAL MEDICAL CENTER,IL,Acute Care Hospitals,Proprietary,true,false,2.0,2,,17
1375,140185,MEMORIAL HOSPITAL,IL,Acute Care Hospitals,Voluntary non-profit - Private,true,false,5.0,5,,17
1376,140186,RIVERSIDE MEDICAL CENTER,IL,Acute Care Hospitals,Voluntary non-profit - Private,true,false,4.0,4,,17
1377,140187,HSHS ST ELIZABETH'S HOSPITAL,IL,Acute Care Hospitals,Voluntary non-profit - Church,true,false,4.0,4,,17
1378,140189,SARAH BUSH LINCOLN HEALTH CENTER,IL,Acute Care Hospitals,Voluntary non-profit - Private,true,false,3.0,3,,17
1379,140191,INGALLS MEMORIAL HOSPITAL,IL,Acute Care Hospitals,Physician,true,false,2.0,2,,17
1380,140197,METHODIST HOSPITAL OF CHICAGO,IL,Acute Care Hospitals,Voluntary non-profit - Private,true,false,,Not Available,16,17
1381,140200,ELMHURST MEMORIAL HOSPITAL,IL,Acute Care Hospitals,Proprietary,true,false,3.0,3,,17
1382,140202,ADVOCATE CONDELL MEDICAL CENTER,IL,Acute Care Hospitals,Voluntary non-profit - Private,true,false,4.0,4,,17
1383,140206,HUMBOLDT PARK HEALTH,IL,Acute Care Hospitals,Voluntary non-profit - Private,true,false,1.0,1,,17
1384,140208,ADVOCATE CHRIST HOSPITAL & MEDICAL CENTER,IL,Acute Care Hospitals,Voluntary non-profit - Church,true,false,3.0,3,,17
1385,140209,CARLE HEALTH METHODIST HOSPITAL,IL,Acute Care Hospitals,Voluntary non-profit - Private,true,false,2.0,2,,17
1386,140210,HARRISBURG MEDICAL CENTER,IL,Acute Care Hospitals,Voluntary non-profit - Other,true,false,2.0,2,,17
1387,140211,NORTHWESTERN MEDICINE DELNOR COMMUNITY HOSPITAL,IL,Acute Care Hospitals,Voluntary non-profit - Private,true,false,5.0,5,,17
1388,140213,SILVER CROSS HOSPITAL  AND MEDICAL CENTERS,IL,Acute Care Hospitals,Voluntary non-profit - Private,true,false,5.0,5,,17
1389,140217,SAINT JOSEPH HOSPITAL-ELGIN,IL,Acute Care Hospitals,Voluntary non-profit - Church,true,false,4.0,4,29,17
1390,140223,ADVOCATE LUTHERAN GENERAL HOSPITAL,IL,Acute Care Hospitals,Voluntary non-profit - Church,true,false,4.0,4,,17
1391,140224,PRESENCE SAINT JOSEPH HOSPITAL - CHICAGO,IL,Acute Care Hospitals,Voluntary non-profit - Church,true,false,4.0,4,29,17
1392,140228,UW HEALTH,IL,Acute Care Hospitals,Voluntary non-profit - Private,true,false,3.0,3,,17
1393,140231,EDWARD HOSPITAL,IL,Acute Care Hospitals,Voluntary non-profit - Private,true,false,3.0,3,,17
1394,140233,SAINT ANTHONY MEDICAL CENTER,IL,Acute Care Hospitals,Voluntary non-profit - Church,true,false,2.0,2,,17
1395,140239,JAVON BEA HOSPITAL,IL,Acute Care Hospitals,Voluntary non-profit - Private,true,false,3.0,3,,17
1396,140242,NORTHWESTERN MEDICINE CENTRAL DUPAGE HOSPITAL,IL,Acute Care Hospitals,Voluntary non-profit - Private,true,false,5.0,5,,17
1397,140251,COMMUNITY FIRST MEDICAL CENTER,IL,Acute Care Hospitals,Proprietary,true,false,2.0,2,,17
1398,140252,NORTHWEST COMMUNITY HOSPITAL 1,IL,Acute Care Hospitals,Voluntary non-profit - Private,true,false,4.0,4,,17
1399,140258,ALEXIAN BROTHERS MEDICAL CENTER 1,IL,Acute Care Hospitals,Voluntary non-profit - Private,true,false,3.0,3,29,17
1400,140275,GENESIS HLTH SYSTEM DBA GENESIS MDL CTR-ILLINI,IL,Acute Care Hospitals,Government - Local,true,false,2.0,2,,17
1401,140276,LOYOLA UNIVERSITY MEDICAL CENTER,IL,Acute Care Hospitals,Voluntary non-profit - Private,true,false,2.0,2,,17
1402,140280,TRINITY ROCK ISLAND,IL,Acute Care Hospitals,Voluntary non-profit - Private,true,false,3.0,3,,17
1403,140281,NORTHWESTERN MEMORIAL HOSPITAL,IL,Acute Care Hospitals,Voluntary non-profit - Private,true,false,5.0,5,,17
1404,140286,NORTHWESTERN MEDICINE KISHWAUKEE HOSPITAL,IL,Acute Care Hospitals,Voluntary non-profit - Private,true,false,5.0,5,,17
1405,140288,ADVOCATE GOOD SAMARITAN HOSPITAL,IL,Acute Care Hospitals,Voluntary non-profit - Private,true,false,4.0,4,,17
1406,140289,ANDERSON HOSPITAL,IL,Acute Care Hospitals,Voluntary non-profit - Private,true,false,3.0,3,,17
1407,140290,ST ALEXIUS MEDICAL CENTER,IL,Acute Care Hospitals,Voluntary non-profit - Church,true,false,5.0,5,29,17
1408,140291,ADVOCATE GOOD SHEPHERD HOSPITAL,IL,Acute Care Hospitals,Voluntary non-profit - Private,true,false,5.0,5,,17
1409,140292,UCHICAGO MEDICINE ADVENTHEALTH GLENOAKS,IL,Acute Care Hospitals,Voluntary non-profit - Other,true,false,3.0,3,,17
1410,140294,DEACONESS ILLINOIS CROSSROADS,IL,Acute Care Hospitals,Proprietary,true,false,,Not Available,16,17
1411,140300,PROVIDENT HOSPITAL OF CHICAGO,IL,Acute Care Hospitals,Government - Local,true,false,,Not Available,16,17
1412,140304,UCHICAGO MEDICINE ADVENTHEALTH BOLINGBROOK,IL,Acute Care Hospitals,Voluntary non-profit - Private,true,false,3.0,3,,17
1413,140308,MERCYHEALTH HOSPITAL & PHYSICIAN CLINIC-CRYSTAL LA,IL,Acute Care Hospitals,Voluntary non-profit - Private,true,false,,Not Available,16,17
1414,14034F,NORTH CHICAGO VA MEDICAL CENTER,IL,Acute Care - Veterans Administration,Veterans Health Administration,true,true,4.0,4,,17
1415,141300,THOMAS H BOYD MEMORIAL HOSPITAL,IL,Critical Access Hospitals,Government - Local,true,false,,Not Available,16,17
1416,141301,KIRBY MEDICAL CENTER,IL,Critical Access Hospitals,Voluntary non-profit - Private,true,false,,Not Available,16,17
1417,141302,MIDWEST MEDICAL CENTER,IL,Critical Access Hospitals,Voluntary non-profit - Private,true,false,,Not Available,16,17
1418,141303,WARNER HOSPITAL AND HEALTH SERVICES,IL,Critical Access Hospitals,Government - Local,true,false,,Not Available,16,17
1419,141304,"GENESIS MEDICAL CENTER, ALEDO",IL,Critical Access Hospitals,Voluntary non-profit - Private,true,false,,Not Available,16,17
1420,141305,MEMORIAL HOSPITAL,IL,Critical Access Hospitals,Voluntary non-profit - Private,true,false,4.0,4,,17
1421,141306,COMMUNITY HOSPITAL OF STAUNTON,IL,Critical Access Hospitals,Voluntary non-profit - Private,true,false,,Not Available,16,17
1422,141307,PINCKNEYVILLE COMMUNITY HOSPITAL,IL,Critical Access Hospitals,Government - Hospital District or Authority,true,false,,Not Available,16,17
1423,141308,WASHINGTON COUNTY HOSPITAL,IL,Critical Access Hospitals,Government - Hospital District or Authority,true,false,,Not Available,16,17
1424,141309,CARLE EUREKA  HOSPITAL,IL,Critical Access Hospitals,Voluntary non-profit - Private,true,false,,Not Available,16,17
1425,141310,OSF SAINT PAUL MEDICAL CENTER,IL,Critical Access Hospitals,Voluntary non-profit - Church,true,false,3.0,3,,17
1426,141311,FAIRFIELD MEMORIAL HOSPITAL 1,IL,Critical Access Hospitals,Voluntary non-profit - Private,true,false,3.0,3,,17
1427,141312,ROCHELLE COMMUNITY HOSPITAL,IL,Critical Access Hospitals,Voluntary non-profit - Private,true,false,,Not Available,16,17
1428,141313,MASON DISTRICT HOSPITAL,IL,Critical Access Hospitals,Government - Hospital District or Authority,true,false,,Not Available,16,17
1429,141315,ILLINI COMMUNITY HOSPITAL,IL,Critical Access Hospitals,Voluntary non-profit - Private,true,false,3.0,3,,17
1430,141316,CARLE HOOPESTON REGIONAL HEALTH CENTER,IL,Critical Access Hospitals,Voluntary non-profit - Private,true,false,,Not Available,16,17
1431,141317,GIBSON COMMUNITY HOSPITAL,IL,Critical Access Hospitals,Voluntary non-profit - Private,true,false,4.0,4,,17
1432,141318,OSF HOLY FAMILY MEDICAL CENTER,IL,Critical Access Hospitals,Voluntary non-profit - Church,true,false,4.0,4,,17
1433,141319,HAMMOND HENRY HOSPITAL,IL,Critical Access Hospitals,Government - Hospital District or Authority,true,false,,Not Available,16,17
1434,141320,PARIS COMMUNITY HOSPITAL,IL,Critical Access Hospitals,Voluntary non-profit - Private,true,false,3.0,3,,17
1435,141321,FRANKLIN HOSPITAL,IL,Critical Access Hospitals,Government - Hospital District or Authority,true,false,,Not Available,16,17
1436,141322,ABRAHAM LINCOLN MEMORIAL HOSPITAL,IL,Critical Access Hospitals,Voluntary non-profit - Private,true,false,4.0,4,,17
1437,141323,MASSAC MEMORIAL HOSPITAL,IL,Critical Access Hospitals,Government - Hospital District or Authority,true,false,2.0,2,,17
1438,141324,FERRELL HOSPITAL COMMUNITY FOUNDATIONS,IL,Critical Access Hospitals,Voluntary non-profit - Private,true,false,1.0,1,,17
1439,141325,OSF SAINT LUKE MEDICAL CENTER,IL,Critical Access Hospitals,Voluntary non-profit - Private,true,false,4.0,4,,17
1440,141326,HAMILTON MEMORIAL HOSPITAL,IL,Critical Access Hospitals,Government - Hospital District or Authority,true,false,3.0,3,,17
1441,141327,WABASH GENERAL HOSPITAL 1,IL,Critical Access Hospitals,Government - Hospital District or Authority,true,false,,Not Available,5,17
1442,141328,HARDIN COUNTY GENERAL HOSPITAL & CLINIC,IL,Critical Access Hospitals,Voluntary non-profit - Private,true,false,1.0,1,,17
1443,141329,MORRISON COMMUNITY HOSPITAL,IL,Critical Access Hospitals,Government - Hospital District or Authority,true,false,,Not Available,16,17
1444,141330,HOPEDALE HOSPITAL,IL,Critical Access Hospitals,Voluntary non-profit - Private,true,false,,Not Available,16,17
1445,141331,MARSHALL BROWNING HOSPITAL,IL,Critical Access Hospitals,Voluntary non-profit - Private,true,false,,Not Available,16,17
1446,141332,HILLSBORO AREA HOSPITAL,IL,Critical Access Hospitals,Voluntary non-profit - Private,true,false,,Not Available,16,17
1447,141333,SARAH D CULBERTSON MEMORIAL HOSPITAL,IL,Critical Access Hospitals,Government - Hospital District or Authority,true,false,,Not Available,16,17
1448,141334,ST JOSEPH MEMORIAL HOSPITAL,IL,Critical Access Hospitals,Voluntary non-profit - Private,true,false,,Not Available,16,17
1449,141335,MERCY HARVARD HOSPITAL,IL,Critical Access Hospitals,Voluntary non-profit - Private,true,false,,Not Available,16,17
1450,141336,ST JOSEPH'S HOSPITAL,IL,Critical Access Hospitals,Voluntary non-profit - Church,true,false,3.0,3,,17
1451,141337,OSF SAINT CLARE MEDICAL CENTER,IL,Critical Access Hospitals,Voluntary non-profit - Church,true,false,2.0,2,,17
1452,141338,MEMORIAL HOSPITAL,IL,Critical Access Hospitals,Government - Hospital District or Authority,true,false,,Not Available,16,17
1453,141339,TAYLORVILLE MEMORIAL HOSPITAL,IL,Critical Access Hospitals,Voluntary non-profit - Private,true,false,2.0,2,,17
1454,141340,VALLEY WEST COMMUNITY HOSPITAL,IL,Critical Access Hospitals,Voluntary non-profit - Private,true,false,4.0,4,,17
1455,141341,PANA COMMUNITY HOSPITAL,IL,Critical Access Hospitals,Voluntary non-profit - Private,true,false,4.0,4,,17
1456,141342,DEACONESS ILLINOIS UNION COUNTY,IL,Critical Access Hospitals,Proprietary,true,false,,Not Available,16,17
1457,141343,CRAWFORD MEMORIAL HOSPITAL,IL,Critical Access Hospitals,Government - Hospital District or Authority,true,false,4.0,4,,17
1458,141344,LAWRENCE COUNTY MEMORIAL HOSPITAL,IL,Critical Access Hospitals,Voluntary non-profit - Private,true,false,,Not Available,16,17
1459,141345,SALEM TOWNSHIP HOSPITAL,IL,Critical Access Hospitals,Government - Local,true,false,4.0,4,,17
1460,141346,FAYETTE COUNTY HOSPITAL,IL,Critical Access Hospitals,Voluntary non-profit - Other,true,false,,Not Available,16,17
1461,141347,CARLINVILLE AREA HOSPITAL,IL,Critical Access Hospitals,Voluntary non-profit - Private,true,false,2.0,2,,17
1462,141348,RED BUD REGIONAL HOSPITAL,IL,Critical Access Hospitals,Proprietary,true,false,4.0,4,,17
1463,141349,SPARTA COMMUNITY HOSPITAL,IL,Critical Access Hospitals,Government - Hospital District or Authority,true,false,3.0,3,,17
1464,141350,ST FRANCIS HOSPITAL,IL,Critical Access Hospitals,Voluntary non-profit - Church,true,false,2.0,2,,17
1465,141351,CLAY COUNTY HOSPITAL,IL,Critical Access Hospitals,Government - Local,true,false,3.0,3,,17
1466,141352,JACKSONVILLE MEMORIAL HOSPITAL,IL,Critical Access Hospitals,Voluntary non-profit - Private,true,false,,Not Available,16,17
1467,141353,IROQUOIS MEMORIAL HOSPITAL,IL,Critical Access Hospitals,Voluntary non-profit - Private,true,false,,Not Available,16,17
1468,141354,HSHS GOOD SHEPHERD HOSPITAL INC,IL,Critical Access Hospitals,Voluntary non-profit - Private,true,false,,Not Available,16,17
1469,141355,CARLE RICHLAND MEMORIAL HOSPITAL,IL,Critical Access Hospitals,Voluntary non-profit - Private,true,false,2.0,2,,17
1470,143300,ANN & ROBERT H LURIE CHILDRENS HOSPITAL OF CHICAGO,IL,Childrens,Voluntary non-profit - Private,true,false,,Not Available,19,17
1471,143301,LARABIDA CHILDRENS HOSPITAL I,IL,Childrens,Voluntary non-profit - Private,true,false,,Not Available,19,17
1472,143302,SHRINERS HOSPITAL FOR CHILDREN,IL,Childrens,Voluntary non-profit - Private,true,false,,Not Available,19,17
1473,144009,"AERIES HEALTHCARE OF ILLINOIS, INC., DBA RIVEREDGE HOSPITAL",IL,Psychiatric,Proprietary,true,false,,Not Available,19,17
1474,144010,CHICAGO READ MENTAL HEALTH CENTER,IL,Psychiatric,Government - State,true,false,,Not Available,19,17
1475,144016,ALTON MENTAL HEALTH CENTER,IL,Psychiatric,Government - State,true,false,,Not Available,19,17
1476,144021,ANDREW MCFARLAND MENTAL HLTH CTR,IL,Psychiatric,Government - State,true,false,,Not Available,19,17
1477,144026,HARTGROVE HOSPITAL,IL,Psychiatric,Proprietary,true,false,,Not Available,19,17
1478,144028,MADDEN MENTAL HEALTH CENTER,IL,Psychiatric,Government - State,true,false,,Not Available,19,17
1479,144029,THE PAVILION,IL,Psychiatric,Voluntary non-profit - Private,true,false,,Not Available,19,17
1480,144031,ALEXIAN BROTHERS BEHAVIORAL HLTH HOSP,IL,Psychiatric,Voluntary non-profit - Church,true,false,,Not Available,19,17
1481,144034,BHC STREAMWOOD HOSPITAL INC,IL,Psychiatric,Proprietary,true,false,,Not Available,19,17
1482,144035,LINDEN OAKS AT EDWARD,IL,Psychiatric,Voluntary non-profit - Private,true,false,,Not Available,19,17
1483,144037,ELGIN MENTAL HEALTH CENTER,IL,Psychiatric,Government - State,true,false,,Not Available,19,17
1484,144038,CHOATE MENTAL HEALTH & DEVELOPMENT CTR,IL,Psychiatric,Government - State,true,false,,Not Available,19,17
1485,144040,CHICAGO BEHAVIORAL HOSPITAL,IL,Psychiatric,Proprietary,true,false,,Not Available,19,17
1486,144041,SILVER OAKS BEHAVIORAL HOSPITAL,IL,Psychiatric,Proprietary,true,false,,Not Available,19,17
1487,144042,LAKE BEHAVIORAL HOSPITAL,IL,Psychiatric,Proprietary,true,false,,Not Available,19,17
1488,144043,MONTROSE BEHAVIORAL HEALTH HOSPITAL,IL,Psychiatric,Proprietary,true,false,,Not Available,19,17
1489,150001,JOHNSON MEMORIAL HOSPITAL,IN,Acute Care Hospitals,Government - Local,true,false,5.0,5,,18
1490,150002,METHODIST HOSPITALS INC,IN,Acute Care Hospitals,Voluntary non-profit - Private,true,false,1.0,1,,18
1491,150005,HENDRICKS REGIONAL HEALTH,IN,Acute Care Hospitals,Government - Local,true,false,5.0,5,,18
1492,150006,NORTHWEST HEALTH-LA PORTE,IN,Acute Care Hospitals,Voluntary non-profit - Private,true,false,3.0,3,,18
1493,150007,COMMUNITY HOWARD REGIONAL HEALTH INC.,IN,Acute Care Hospitals,Voluntary non-profit - Private,true,false,4.0,4,,18
1494,150008,ST CATHERINE HOSPITAL INC,IN,Acute Care Hospitals,Voluntary non-profit - Private,true,false,4.0,4,,18
1495,150009,NORTON CLARK HOSPITAL,IN,Acute Care Hospitals,Voluntary non-profit - Other,true,false,3.0,3,,18
1496,150010,ASCENSION ST VINCENT KOKOMO,IN,Acute Care Hospitals,Voluntary non-profit - Church,true,false,4.0,4,29,18
1497,150011,MARION GENERAL HOSPITAL,IN,Acute Care Hospitals,Voluntary non-profit - Private,true,false,3.0,3,,18
1498,150012,SAINT JOSEPH REGIONAL MEDICAL CENTER,IN,Acute Care Hospitals,Voluntary non-profit - Private,true,false,2.0,2,,18
1499,150015,FRANCISCAN HEALTH MICHIGAN CITY,IN,Acute Care Hospitals,Voluntary non-profit - Church,true,false,3.0,3,,18
1500,150017,LUTHERAN HOSPITAL OF INDIANA,IN,Acute Care Hospitals,Proprietary,true,false,3.0,3,,18
1501,150018,ELKHART GENERAL HOSPITAL,IN,Acute Care Hospitals,Government - Local,true,false,4.0,4,,18
1502,150021,PARKVIEW REGIONAL MEDICAL CENTER,IN,Acute Care Hospitals,Voluntary non-profit - Private,true,false,3.0,3,,18
1503,150022,FRANCISCAN HEALTH CRAWFORDSVILLE,IN,Acute Care Hospitals,Voluntary non-profit - Church,true,false,5.0,5,,18
1504,150023,UNION HOSPITAL INC,IN,Acute Care Hospitals,Voluntary non-profit - Private,true,false,3.0,3,,18
1505,150024,ESKENAZI HEALTH,IN,Acute Care Hospitals,Government - Local,true,false,3.0,3,,18
1506,150026,GOSHEN HOSPITAL,IN,Acute Care Hospitals,Voluntary non-profit - Private,true,false,3.0,3,,18
1507,150030,HENRY COUNTY MEMORIAL HOSPITAL,IN,Acute Care Hospitals,Government - Local,true,false,4.0,4,,18
1508,150034,ST MARY MEDICAL CENTER INC,IN,Acute Care Hospitals,Voluntary non-profit - Private,true,false,3.0,3,,18
1509,150035,NORTHWEST HEALTH - PORTER,IN,Acute Care Hospitals,Proprietary,true,false,2.0,2,,18
1510,150037,HANCOCK REGIONAL HOSPITAL,IN,Acute Care Hospitals,Government - Local,true,false,4.0,4,,18
1511,15003F,INDIANAPOLIS VA MEDICAL CENTER,IN,Acute Care - Veterans Administration,Veterans Health Administration,true,true,3.0,3,,18
1512,150042,GOOD SAMARITAN HOSPITAL,IN,Acute Care Hospitals,Voluntary non-profit - Other,true,false,2.0,2,,18
1513,150044,BAPTIST HEALTH FLOYD,IN,Acute Care Hospitals,Voluntary non-profit - Private,true,false,3.0,3,,18
1514,150045,PARKVIEW DEKALB HOSPITAL,IN,Acute Care Hospitals,Voluntary non-profit - Private,true,false,3.0,3,,18
1515,150046,TERRE HAUTE REGIONAL HOSPITAL,IN,Acute Care Hospitals,Proprietary,true,false,2.0,2,,18
1516,150047,"ST JOSEPH HEALTH SYSTEM, LLC",IN,Acute Care Hospitals,Proprietary,true,false,4.0,4,,18
1517,150048,REID HEALTH,IN,Acute Care Hospitals,Voluntary non-profit - Private,true,false,2.0,2,,18
1518,15004F,VA N. INDIANA HEALTHCARE SYSTEM,IN,Acute Care - Veterans Administration,Veterans Health Administration,true,true,5.0,5,,18
1519,150051,INDIANA UNIVERSITY HEALTH BLOOMINGTON HOSPITAL,IN,Acute Care Hospitals,Voluntary non-profit - Private,true,false,3.0,3,,18
1520,150056,INDIANA UNIVERSITY HEALTH,IN,Acute Care Hospitals,Voluntary non-profit - Private,true,false,3.0,3,,18
1521,150057,FRANCISCAN HEALTH MOORESVILLE,IN,Acute Care Hospitals,Voluntary non-profit - Church,true,false,5.0,5,,18
1522,150058,MEMORIAL HOSPITAL OF SOUTH BEND,IN,Acute Care Hospitals,Voluntary non-profit - Private,true,false,2.0,2,,18
1523,150059,RIVERVIEW HEALTH,IN,Acute Care Hospitals,Government - Local,true,false,4.0,4,,18
1524,150061,DAVIESS COMMUNITY HOSPITAL,IN,Acute Care Hospitals,Government - Local,true,false,3.0,3,,18
1525,150065,SCHNECK MEDICAL CENTER,IN,Acute Care Hospitals,Government - Local,true,false,4.0,4,,18
1526,150069,NORTON-KING'S DAUGHTERS' HEALTH,IN,Acute Care Hospitals,Voluntary non-profit - Private,true,false,2.0,2,,18
1527,150072,MEMORIAL HOSPITAL,IN,Acute Care Hospitals,Government - Local,true,false,4.0,4,,18
1528,150074,COMMUNITY HOSPITAL EAST,IN,Acute Care Hospitals,Voluntary non-profit - Private,true,false,3.0,3,,18
1529,150075,BLUFFTON REGIONAL MEDICAL CENTER,IN,Acute Care Hospitals,Proprietary,true,false,4.0,4,,18
1530,150076,SAINT JOSEPH REGIONAL MEDICAL CENTER - PLYMOUTH,IN,Acute Care Hospitals,Voluntary non-profit - Church,true,false,4.0,4,,18
1531,150082,DEACONESS HOSPITAL INC,IN,Acute Care Hospitals,Voluntary non-profit - Private,true,false,2.0,2,,18
1532,150084,ASCENSION ST VINCENT HOSPITAL,IN,Acute Care Hospitals,Voluntary non-profit - Church,true,false,2.0,2,29,18
1533,150086,ST ELIZABETH DEARBORN HOSPITAL,IN,Acute Care Hospitals,Government - Local,true,false,5.0,5,,18
1534,150088,ASCENSION ST VINCENT ANDERSON,IN,Acute Care Hospitals,Voluntary non-profit - Private,true,false,2.0,2,29,18
1535,150089,INDIANA UNIVERSITY HEALTH BALL MEMORIAL HOSPITAL,IN,Acute Care Hospitals,Voluntary non-profit - Private,true,false,3.0,3,,18
1536,150090,FRANCISCAN HEALTH DYER,IN,Acute Care Hospitals,Voluntary non-profit - Church,true,false,2.0,2,,18
1537,150091,PARKVIEW HUNTINGTON HOSPITAL,IN,Acute Care Hospitals,Voluntary non-profit - Private,true,false,4.0,4,,18
1538,150097,MAJOR HOSPITAL,IN,Acute Care Hospitals,Government - Local,true,false,4.0,4,,18
1539,150100,ASCENSION ST VINCENT EVANSVILLE,IN,Acute Care Hospitals,Voluntary non-profit - Private,true,false,4.0,4,29,18
1540,150101,PARKVIEW WHITLEY HOSPITAL,IN,Acute Care Hospitals,Voluntary non-profit - Private,true,false,4.0,4,,18
1541,150102,NORTHWEST HEALTH - STARKE,IN,Acute Care Hospitals,Proprietary,true,false,1.0,1,,18
1542,150104,WITHAM HEALTH SERVICES,IN,Acute Care Hospitals,Government - Local,true,false,4.0,4,,18
1543,150109,FRANCISCAN HEALTH LAFAYETTE,IN,Acute Care Hospitals,Voluntary non-profit - Church,true,false,3.0,3,,18
1544,150112,COLUMBUS REGIONAL HOSPITAL,IN,Acute Care Hospitals,Government - Local,true,false,4.0,4,,18
1545,150113,COMMUNITY HOSPITAL OF ANDERSON AND MADISON COUNTY,IN,Acute Care Hospitals,Voluntary non-profit - Private,true,false,3.0,3,,18
1546,150115,MEMORIAL HOSPITAL AND HEALTH CARE CENTER,IN,Acute Care Hospitals,Voluntary non-profit - Private,true,false,4.0,4,,18
1547,150125,COMMUNITY HOSPITAL,IN,Acute Care Hospitals,Voluntary non-profit - Private,true,false,3.0,3,,18
1548,150126,FRANCISCAN HEALTH CROWN POINT,IN,Acute Care Hospitals,Voluntary non-profit - Church,true,false,3.0,3,,18
1549,150128,"COMMUNITY HOSPITAL SOUTH, INC.",IN,Acute Care Hospitals,Voluntary non-profit - Private,true,false,3.0,3,,18
1550,150133,KOSCIUSKO COMMUNITY HOSPITAL,IN,Acute Care Hospitals,Proprietary,true,false,4.0,4,,18
1551,150146,PARKVIEW NOBLE HOSPITAL,IN,Acute Care Hospitals,Voluntary non-profit - Private,true,false,3.0,3,,18
1552,150149,THE WOMEN'S HOSPITAL,IN,Acute Care Hospitals,Proprietary,true,false,5.0,5,,18
1553,150150,DUPONT HOSPITAL LLC,IN,Acute Care Hospitals,Proprietary,true,false,4.0,4,,18
1554,150153,ST VINCENT HEART CENTER,IN,Acute Care Hospitals,Proprietary,true,false,5.0,5,29,18
1555,150157,ASCENSION ST VINCENT CARMEL,IN,Acute Care Hospitals,Voluntary non-profit - Private,true,false,3.0,3,29,18
1556,150158,IU HEALTH WEST HOSPITAL,IN,Acute Care Hospitals,Proprietary,true,false,4.0,4,,18
1557,150160,ORTHOINDY HOSPITAL,IN,Acute Care Hospitals,Physician,true,false,,Not Available,16,18
1558,150161,INDIANA UNIVERSITY HEALTH NORTH HOSPITAL,IN,Acute Care Hospitals,Voluntary non-profit - Private,true,false,4.0,4,,18
1559,150162,FRANCISCAN HEALTH INDIANAPOLIS,IN,Acute Care Hospitals,Voluntary non-profit - Church,true,false,4.0,4,,18
1560,150165,FRANCISCAN HEALTH MUNSTER,IN,Acute Care Hospitals,Voluntary non-profit - Private,true,false,3.0,3,,18
1561,150166,PINNACLE HOSPITAL,IN,Acute Care Hospitals,Physician,true,false,,Not Available,16,18
1562,150167,ORTHOPAEDIC HOSPITAL AT PARKVIEW NORTH,IN,Acute Care Hospitals,Voluntary non-profit - Private,true,false,,Not Available,16,18
1563,150168,THE ORTHOPAEDIC HOSPITAL OF LUTHERAN HEALTH NETWOR,IN,Acute Care Hospitals,Proprietary,true,false,,Not Available,16,18
1564,150169,COMMUNITY HOSPITAL NORTH,IN,Acute Care Hospitals,Voluntary non-profit - Private,true,false,3.0,3,,18
1565,150172,PHYSICIANS' MEDICAL CENTER LLC,IN,Acute Care Hospitals,Physician,true,false,,Not Available,16,18
1566,150173,INDIANA UNIVERSITY HEALTH ARNETT HOSPITAL,IN,Acute Care Hospitals,Voluntary non-profit - Private,true,false,4.0,4,,18
1567,150177,UNITY PHYSICIANS HOSPITAL,IN,Acute Care Hospitals,Physician,true,false,,Not Available,16,18
1568,150179,FAIRBANKS,IN,Acute Care Hospitals,Voluntary non-profit - Private,true,false,,Not Available,16,18
1569,150181,ASCENSION ST VINCENT FISHERS,IN,Acute Care Hospitals,Voluntary non-profit - Private,true,false,4.0,4,29,18
1570,150183,MONROE HOSPITAL,IN,Acute Care Hospitals,Proprietary,true,false,4.0,4,,18
1571,150193,FRANCISCAN HEALTH ORTHOPEDIC HOSPITAL CARMEL,IN,Acute Care Hospitals,Voluntary non-profit - Church,true,false,,Not Available,16,18
1572,150195,UCHICAGO MEDICINE NORTHWEST INDIANA,IN,Acute Care Hospitals,Voluntary non-profit - Private,true,false,,Not Available,5,18
1573,151300,COMMUNITY HOSPITAL OF BREMEN INC,IN,Critical Access Hospitals,Voluntary non-profit - Private,true,false,,Not Available,16,18
1574,151301,ASCENSION ST VINCENT RANDOLPH,IN,Critical Access Hospitals,Voluntary non-profit - Private,true,false,,Not Available,16,18
1575,151303,ASCENSION ST VINCENT JENNINGS,IN,Critical Access Hospitals,Voluntary non-profit - Church,true,false,,Not Available,16,18
1576,151304,RUSH MEMORIAL HOSPITAL,IN,Critical Access Hospitals,Government - Local,true,false,,Not Available,16,18
1577,151305,PULASKI MEMORIAL HOSPITAL,IN,Critical Access Hospitals,Voluntary non-profit - Other,true,false,,Not Available,16,18
1578,151306,INDIANA UNIVERSITY HEALTH PAOLI HOSPITAL,IN,Critical Access Hospitals,Voluntary non-profit - Private,true,false,,Not Available,16,18
1579,151307,ASCENSION ST VINCENT WILLIAMSPORT,IN,Critical Access Hospitals,Voluntary non-profit - Church,true,false,,Not Available,5,18
1580,151308,ASCENSION ST VINCENT MERCY,IN,Critical Access Hospitals,Voluntary non-profit - Church,true,false,,Not Available,16,18
1581,151309,ASCENSION ST VINCENT CLAY,IN,Critical Access Hospitals,Voluntary non-profit - Private,true,false,,Not Available,16,18
1582,151310,"PARKVIEW WABASH HOSPITAL, INC",IN,Critical Access Hospitals,Voluntary non-profit - Private,true,false,3.0,3,,18
1583,151311,INDIANA UNIVERSITY HEALTH TIPTON HOSPITAL INC,IN,Critical Access Hospitals,Voluntary non-profit - Other,true,false,3.0,3,,18
1584,151312,INDIANA UNIVERSITY HEALTH WHITE MEMORIAL HOSPITAL,IN,Critical Access Hospitals,Voluntary non-profit - Private,true,false,5.0,5,,18
1585,151313,WOODLAWN HOSPITAL,IN,Critical Access Hospitals,Government - Local,true,false,3.0,3,,18
1586,151314,ASCENSION ST VINCENT SALEM,IN,Critical Access Hospitals,Voluntary non-profit - Private,true,false,,Not Available,16,18
1587,151315,CAMERON HEALTH,IN,Critical Access Hospitals,Voluntary non-profit - Private,true,false,3.0,3,,18
1588,151316,INDIANA UNIVERSITY HEALTH FRANKFORT INC,IN,Critical Access Hospitals,Voluntary non-profit - Private,true,false,,Not Available,16,18
1589,151317,GREENE COUNTY GENERAL HOSPITAL,IN,Critical Access Hospitals,Government - Local,true,false,4.0,4,,18
1590,151318,DUKES MEMORIAL HOSPITAL,IN,Critical Access Hospitals,Proprietary,true,false,2.0,2,,18
1591,151319,GIBSON GENERAL HOSPITAL,IN,Critical Access Hospitals,Voluntary non-profit - Private,true,false,,Not Available,16,18
1592,151320,"INDIANA UNIVERSITY HEALTH JAY, INC.",IN,Critical Access Hospitals,Government - Local,true,false,5.0,5,,18
1593,151322,PERRY COUNTY MEMORIAL HOSPITAL,IN,Critical Access Hospitals,Voluntary non-profit - Other,true,false,2.0,2,,18
1594,151323,PARKVIEW LAGRANGE HOSPITAL,IN,Critical Access Hospitals,Voluntary non-profit - Private,true,false,5.0,5,,18
1595,151324,"FRANCISCAN HEALTH RENSSELAER, INC",IN,Critical Access Hospitals,Voluntary non-profit - Private,true,false,,Not Available,16,18
1596,151325,ASCENSION ST VINCENT WARRICK,IN,Critical Access Hospitals,Voluntary non-profit - Private,true,false,,Not Available,16,18
1597,151326,UNION HOSPITAL CLINTON,IN,Critical Access Hospitals,Voluntary non-profit - Private,true,false,2.0,2,,18
1598,151327,SULLIVAN COUNTY COMMUNITY HOSPITAL,IN,Critical Access Hospitals,Government - Local,true,false,,Not Available,16,18
1599,151328,INDIANA UNIVERSITY HEALTH BEDFORD HOSPITAL,IN,Critical Access Hospitals,Voluntary non-profit - Private,true,false,3.0,3,,18
1600,151329,MARGARET MARY COMMUNITY HOSPITAL INC,IN,Critical Access Hospitals,Voluntary non-profit - Private,true,false,,Not Available,5,18
1601,151330,ADAMS MEMORIAL HOSPITAL,IN,Critical Access Hospitals,Government - Local,true,false,,Not Available,5,18
1602,151331,HARRISON COUNTY HOSPITAL,IN,Critical Access Hospitals,Government - Local,true,false,3.0,3,,18
1603,151332,DECATUR COUNTY MEMORIAL HOSPITAL,IN,Critical Access Hospitals,Government - Local,true,false,3.0,3,,18
1604,151333,PUTNAM COUNTY HOSPITAL,IN,Critical Access Hospitals,Government - Local,true,false,5.0,5,,18
1605,151334,NORTON SCOTT HOSPITAL,IN,Critical Access Hospitals,Proprietary,true,false,2.0,2,,18
1606,154005,"WABASH VALLEY ALLIANCE, INC. / RIVER BEND HOSPITAL",IN,Psychiatric,Voluntary non-profit - Private,true,false,,Not Available,19,18
1607,154008,NEURODIAGNOSTIC INSTITUTE,IN,Psychiatric,Government - State,true,false,,Not Available,19,18
1608,154009,HAMILTON CENTER INC,IN,Psychiatric,Voluntary non-profit - Private,true,false,,Not Available,19,18
1609,154011,INCOMPASS HEALTHCARE,IN,Psychiatric,Voluntary non-profit - Private,true,false,,Not Available,19,18
1610,154014,OTIS R BOWEN CENTER FOR HUMAN SERVICES INC,IN,Psychiatric,Voluntary non-profit - Private,true,false,,Not Available,19,18
1611,154018,RICHMOND STATE HOSPITAL,IN,Psychiatric,Proprietary,true,false,,Not Available,19,18
1612,154019,MADISON STATE HOSPITAL,IN,Psychiatric,Government - State,true,false,,Not Available,19,18
1613,154020,REGIONAL MENTAL HEALTH CENTER,IN,Psychiatric,Voluntary non-profit - Private,true,false,,Not Available,19,18
1614,154024,VALLE VISTA HEALTH SYSTEM,IN,Psychiatric,Proprietary,true,false,,Not Available,19,18
1615,154031,OAKLAWN PSYCHIATRIC CENTER INC,IN,Psychiatric,Voluntary non-profit - Private,true,false,,Not Available,19,18
1616,154041,BLOOMINGTON MEADOWS HOSPITAL,IN,Psychiatric,Proprietary,true,false,,Not Available,19,18
1617,154047,MICHIANA BEHAVIORAL HEALTH CENTER,IN,Psychiatric,Voluntary non-profit - Other,true,false,,Not Available,19,18
1618,154050,NORTHEASTERN CENTER,IN,Psychiatric,Voluntary non-profit - Private,true,false,,Not Available,19,18
1619,154051,WELLSTONE REGIONAL HOSPITAL,IN,Psychiatric,Proprietary,true,false,,Not Available,19,18
1620,154052,PORTER-STARKE SERVICES INC,IN,Psychiatric,Voluntary non-profit - Private,true,false,,Not Available,19,18
1621,154054,HARSHA BEHAVIORAL CENTER INC,IN,Psychiatric,Voluntary non-profit - Other,true,false,,Not Available,19,18
1622,154055,BRENTWOOD MEADOWS LLC,IN,Psychiatric,Voluntary non-profit - Private,true,false,,Not Available,19,18
1623,154056,EVANSVILLE STATE HOSPITAL,IN,Psychiatric,Government - State,true,false,,Not Available,19,18
1624,154058,DOCTORS NEUROPSYCHIATRIC HOSPITAL,IN,Psychiatric,Proprietary,true,false,,Not Available,19,18
1625,154059,SYCAMORE SPRINGS,IN,Psychiatric,Proprietary,true,false,,Not Available,19,18
1626,154060,"PARK CENTER, INC",IN,Psychiatric,Voluntary non-profit - Private,true,false,,Not Available,19,18
1627,154061,MEDICAL BEHAVIORAL HOSPITAL - MISHAWAKA,IN,Psychiatric,Proprietary,true,false,,Not Available,19,18
1628,154063,"NEUROPSYCHIATRIC HOSPITAL OF INDIANAPOLIS, LLC",IN,Psychiatric,Proprietary,true,false,,Not Available,19,18
1629,154064,ASSURANCE HEALTH PSYCHIATRIC HOSPITAL,IN,Psychiatric,Proprietary,true,false,,Not Available,19,18
1630,154065,NEURO BEHAVIORAL HOSPITAL,IN,Psychiatric,Proprietary,true,false,,Not Available,19,18
1631,154066,BRIGHTWELL BEHAVIORAL HEALTH,IN,Psychiatric,Proprietary,true,false,,Not Available,19,18
1632,154067,HENDRICKS BEHAVIORAL HOSPITAL,IN,Psychiatric,Proprietary,true,false,,Not Available,19,18
1633,154068,MEDICAL BEHAVIORAL HOSPITAL OF INDIANAPOLIS,IN,Psychiatric,Proprietary,true,false,,Not Available,19,18
1634,154070,MAPLE HEIGHTS BEHAVIORAL HEALTH,IN,Psychiatric,Proprietary,true,false,,Not Available,19,18
1635,154071,ETHAN CROSSING ADDICTION CAMPUS OF INDIANAPOLIS,IN,Psychiatric,Proprietary,true,false,,Not Available,19,18
1636,154072,MISSION BEHAVIORAL HEALTH HOSPITAL,IN,Psychiatric,Proprietary,true,false,,Not Available,19,18
1637,160001,UNITYPOINT HEALTH - MARSHALLTOWN,IA,Acute Care Hospitals,Voluntary non-profit - Private,true,false,3.0,3,,15
1638,160013,TRINITY MUSCATINE,IA,Acute Care Hospitals,Voluntary non-profit - Private,true,false,4.0,4,,15
1639,160016,TRINITY REGIONAL MEDICAL CENTER,IA,Acute Care Hospitals,Voluntary non-profit - Private,true,false,2.0,2,,15
1640,160028,CHI HEALTH MERCY COUNCIL BLUFFS,IA,Acute Care Hospitals,Voluntary non-profit - Private,true,false,5.0,5,,15
1641,160029,UNIVERSITY OF IOWA HEALTH CARE MEDICAL CENTER DOWN,IA,Acute Care Hospitals,Voluntary non-profit - Church,true,false,4.0,4,,15
1642,160030,MARY GREELEY MEDICAL CENTER,IA,Acute Care Hospitals,Government - Local,true,false,4.0,4,,15
1643,160032,MERCYONE NEWTON MEDICAL CENTER,IA,Acute Care Hospitals,Voluntary non-profit - Private,true,false,4.0,4,,15
1644,160033,GENESIS MEDICAL CENTER-DAVENPORT,IA,Acute Care Hospitals,Voluntary non-profit - Private,true,false,2.0,2,,15
1645,16003F,VA CENTRAL IOWA HEALTHCARE SYSTEM,IA,Acute Care - Veterans Administration,Veterans Health Administration,true,true,4.0,4,,15
1646,160040,"SARTORI MEMORIAL HOSPITAL, INC",IA,Acute Care Hospitals,Voluntary non-profit - Church,true,false,,Not Available,16,15
1647,160045,ST LUKES HOSPITAL,IA,Acute Care Hospitals,Voluntary non-profit - Private,true,false,4.0,4,,15
1648,160047,METHODIST JENNIE EDMUNDSON,IA,Acute Care Hospitals,Voluntary non-profit - Private,true,false,3.0,3,,15
1649,16004F,IOWA CITY VA MEDICAL CENTER,IA,Acute Care - Veterans Administration,Veterans Health Administration,true,true,5.0,5,,15
1650,160057,SOUTHEAST IOWA REGIONAL MEDICAL CENTER,IA,Acute Care Hospitals,Voluntary non-profit - Private,true,false,4.0,4,,15
1651,160058,UNIVERSITY OF IOWA HOSPITAL & CLINICS,IA,Acute Care Hospitals,Government - State,true,false,2.0,2,,15
1652,160064,MERCYONE NORTH IOWA MEDICAL CENTER,IA,Acute Care Hospitals,Voluntary non-profit - Private,true,false,2.0,2,,15
1653,160067,MERCYONE WATERLOO MEDICAL CENTER,IA,Acute Care Hospitals,Voluntary non-profit - Church,true,false,4.0,4,,15
1654,160069,MERCYONE DUBUQUE MEDICAL CENTER,IA,Acute Care Hospitals,Voluntary non-profit - Church,true,false,3.0,3,,15
1655,160079,MERCY MEDICAL CENTER - CEDAR RAPIDS,IA,Acute Care Hospitals,Voluntary non-profit - Church,true,false,4.0,4,,15
1656,160080,MERCYONE CLINTON MEDICAL CENTER,IA,Acute Care Hospitals,Voluntary non-profit - Private,true,false,4.0,4,,15
1657,160082,UNITYPOINT HEALTH - DES MOINES IOWA METHODIST MEDI,IA,Acute Care Hospitals,Voluntary non-profit - Private,true,false,3.0,3,,15
1658,160083,MERCYONE DES MOINES MEDICAL CENTER,IA,Acute Care Hospitals,Voluntary non-profit - Private,true,false,1.0,1,,15
1659,160089,OTTUMWA REGIONAL HEALTH CENTER,IA,Acute Care Hospitals,Proprietary,true,false,2.0,2,,15
1660,160101,BROADLAWNS MEDICAL CENTER,IA,Acute Care Hospitals,Government - Local,true,false,3.0,3,,15
1661,160104,TRINITY - BETTENDORF,IA,Acute Care Hospitals,Voluntary non-profit - Private,true,false,3.0,3,,15
1662,160110,ALLEN HOSPITAL,IA,Acute Care Hospitals,Voluntary non-profit - Private,true,false,3.0,3,,15
1663,160112,SPENCER MUNICIPAL HOSPITAL,IA,Acute Care Hospitals,Government - Local,true,false,4.0,4,,15
1664,160117,FINLEY HOSPITAL,IA,Acute Care Hospitals,Voluntary non-profit - Private,true,false,3.0,3,,15
1665,160124,LAKES REGIONAL HEALTHCARE,IA,Acute Care Hospitals,Government - Local,true,false,2.0,2,,15
1666,160146,ST LUKES REGIONAL MEDICAL CENTER,IA,Acute Care Hospitals,Voluntary non-profit - Private,true,false,2.0,2,,15
1667,160147,GRINNELL REGIONAL MEDICAL CENTER,IA,Acute Care Hospitals,Voluntary non-profit - Private,true,false,2.0,2,,15
1668,160153,MERCYONE SIOUXLAND MEDICAL CENTER,IA,Acute Care Hospitals,Voluntary non-profit - Private,true,false,2.0,2,,15
1669,161301,IOWA SPECIALTY HOSPITAL - BELMOND,IA,Critical Access Hospitals,Government - Local,true,false,,Not Available,16,15
1670,161302,IOWA SPECIALTY HOSPITAL - CLARION,IA,Critical Access Hospitals,Government - Local,true,false,,Not Available,16,15
1671,161303,GRUNDY COUNTY MEMORIAL HOSPITAL,IA,Critical Access Hospitals,Voluntary non-profit - Other,true,false,,Not Available,16,15
1672,161304,CHI HEALTH - MERCY CORNING,IA,Critical Access Hospitals,Voluntary non-profit - Church,true,false,3.0,3,,15
1673,161305,POCAHONTAS COMMUNITY HOSPITAL,IA,Critical Access Hospitals,Government - Local,true,false,,Not Available,16,15
1674,161306,JONES REGIONAL MEDICAL CENTER,IA,Critical Access Hospitals,Voluntary non-profit - Private,true,false,4.0,4,,15
1675,161307,HANCOCK COUNTY HEALTH SYSTEM,IA,Critical Access Hospitals,Government - Local,true,false,,Not Available,16,15
1676,161308,FRANKLIN GENERAL HOSPITAL,IA,Critical Access Hospitals,Government - Local,true,false,,Not Available,16,15
1677,161309,CHI HEALTH MISSOURI VALLEY,IA,Critical Access Hospitals,Voluntary non-profit - Private,true,false,4.0,4,,15
1678,161310,ADAIR COUNTY MEMORIAL HOSPITAL,IA,Critical Access Hospitals,Government - Local,true,false,,Not Available,16,15
1679,161311,HAWARDEN REGIONAL HEALTHCARE,IA,Critical Access Hospitals,Government - Local,true,false,,Not Available,16,15
1680,161312,GUTTENBERG MUNICIPAL HOSPITAL,IA,Critical Access Hospitals,Government - Local,true,false,,Not Available,16,15
1681,161313,MERCYONE GENESIS DEWITT MEDICAL CENTER,IA,Critical Access Hospitals,Voluntary non-profit - Private,true,false,,Not Available,16,15
1682,161314,GUTHRIE COUNTY HOSPITAL,IA,Critical Access Hospitals,Voluntary non-profit - Other,true,false,,Not Available,16,15
1683,161315,KEOKUK COUNTY HEALTH CENTER,IA,Critical Access Hospitals,Government - Hospital District or Authority,true,false,,Not Available,16,15
1684,161316,GUNDERSEN PALMER LUTHERAN HOSPITAL AND CLINICS,IA,Critical Access Hospitals,Voluntary non-profit - Private,true,false,5.0,5,,15
1685,161317,COMPASS MEMORIAL HEALTHCARE,IA,Critical Access Hospitals,Voluntary non-profit - Private,true,false,4.0,4,,15
1686,161318,VETERANS MEMORIAL HOSPITAL,IA,Critical Access Hospitals,Government - Local,true,false,,Not Available,16,15
1687,161319,MERCYONE ELKADER MEDICAL CENTER,IA,Critical Access Hospitals,Voluntary non-profit - Private,true,false,,Not Available,16,15
1688,161320,COMMUNITY MEMORIAL HOSPITAL MEDICAL CENTER,IA,Critical Access Hospitals,Voluntary non-profit - Private,true,false,,Not Available,16,15
1689,161321,AVERA MERRILL PIONEER HOSPITAL,IA,Critical Access Hospitals,Voluntary non-profit - Private,true,false,,Not Available,16,15
1690,161322,DALLAS COUNTY HOSPITAL,IA,Critical Access Hospitals,Government - Local,true,false,,Not Available,16,15
1691,161323,MITCHELL COUNTY REGIONAL HEALTH,IA,Critical Access Hospitals,Government - Federal,true,false,3.0,3,,15
1692,161324,GEORGE C GRAPE COMMUNITY HOSPITAL,IA,Critical Access Hospitals,Voluntary non-profit - Private,true,false,,Not Available,16,15
1693,161325,GREENE COUNTY MEDICAL CENTER,IA,Critical Access Hospitals,Government - Local,true,false,,Not Available,16,15
1694,161326,MADISON COUNTY HEALTH CARE SYSTEM,IA,Critical Access Hospitals,Government - Local,true,false,,Not Available,16,15
1695,161327,DAVIS COUNTY HOSPITAL,IA,Critical Access Hospitals,Government - Local,true,false,,Not Available,16,15
1696,161328,REGIONAL HEALTH SERVICES OF HOWARD COUNTY,IA,Critical Access Hospitals,Government - Local,true,false,4.0,4,,15
1697,161329,JACKSON COUNTY REGIONAL HEALTH CENTER,IA,Critical Access Hospitals,Government - Local,true,false,,Not Available,16,15
1698,161330,AUDUBON COUNTY MEMORIAL HOSPITAL,IA,Critical Access Hospitals,Government - Local,true,false,,Not Available,16,15
1699,161331,MERCY MEDICAL CENTER-NEW HAMPTON,IA,Critical Access Hospitals,Voluntary non-profit - Church,true,false,,Not Available,16,15
1700,161332,MANNING REGIONAL HEALTHCARE CENTER,IA,Critical Access Hospitals,Voluntary non-profit - Private,true,false,,Not Available,16,15
1701,161333,STORY COUNTY HOSPITAL,IA,Critical Access Hospitals,Government - Local,true,false,,Not Available,16,15
1702,161334,HUMBOLDT COUNTY MEMORIAL HOSPITAL,IA,Critical Access Hospitals,Voluntary non-profit - Other,true,false,,Not Available,16,15
1703,161335,BUCHANAN COUNTY HEALTH CENTER,IA,Critical Access Hospitals,Voluntary non-profit - Other,true,false,,Not Available,16,15
1704,161336,HEGG MEMORIAL HEALTH CENTER,IA,Critical Access Hospitals,Voluntary non-profit - Private,true,false,,Not Available,16,15
1705,161337,VAN BUREN COUNTY HOSPITAL,IA,Critical Access Hospitals,Government - Local,true,false,,Not Available,16,15
1706,161338,MERCYONE OELWEIN MEDICAL CENTER,IA,Critical Access Hospitals,Voluntary non-profit - Private,true,false,,Not Available,16,15
1707,161339,WAVERLY HEALTH CENTER,IA,Critical Access Hospitals,Government - Local,true,false,5.0,5,,15
1708,161340,DECATUR COUNTY HOSPITAL,IA,Critical Access Hospitals,Government - Local,true,false,,Not Available,16,15
1709,161341,LUCAS COUNTY HEALTH CENTER,IA,Critical Access Hospitals,Voluntary non-profit - Other,true,false,,Not Available,16,15
1710,161342,MONROE COUNTY HOSPITAL,IA,Critical Access Hospitals,Government - Local,true,false,,Not Available,16,15
1711,161343,REGIONAL MEDICAL CENTER,IA,Critical Access Hospitals,Voluntary non-profit - Other,true,false,4.0,4,,15
1712,161344,WASHINGTON COUNTY HOSPITAL AND CLINICS,IA,Critical Access Hospitals,Voluntary non-profit - Other,true,false,,Not Available,16,15
1713,161345,OSCEOLA COMMUNITY HOSPITAL,IA,Critical Access Hospitals,Voluntary non-profit - Private,true,false,,Not Available,16,15
1714,161346,SIOUX CENTER HEALTH,IA,Critical Access Hospitals,Voluntary non-profit - Private,true,false,,Not Available,16,15
1715,161347,FLOYD COUNTY MEDICAL CENTER,IA,Critical Access Hospitals,Government - Local,true,false,3.0,3,,15
1716,161348,CLARKE COUNTY HOSPITAL,IA,Critical Access Hospitals,Voluntary non-profit - Other,true,false,5.0,5,,15
1717,161349,VIRGINIA GAY HOSPITAL,IA,Critical Access Hospitals,Voluntary non-profit - Private,true,false,4.0,4,,15
1718,161350,STEWART MEMORIAL COMMUNITY HOSPITAL,IA,Critical Access Hospitals,Voluntary non-profit - Private,true,false,,Not Available,16,15
1719,161351,AVERA HOLY FAMILY HOSPITAL,IA,Critical Access Hospitals,Voluntary non-profit - Private,true,false,2.0,2,,15
1720,161352,CLARINDA REGIONAL HEALTH CENTER,IA,Critical Access Hospitals,Government - Local,true,false,4.0,4,,15
1721,161353,KOSSUTH REGIONAL HEALTH CENTER,IA,Critical Access Hospitals,Government - Local,true,false,1.0,1,,15
1722,161354,HORN MEMORIAL HOSPITAL,IA,Critical Access Hospitals,Voluntary non-profit - Private,true,false,,Not Available,16,15
1723,161355,KNOXVILLE HOSPITAL & CLINICS,IA,Critical Access Hospitals,Voluntary non-profit - Private,true,false,2.0,2,,15
1724,161356,HENRY COUNTY HEALTH CENTER,IA,Critical Access Hospitals,Physician,true,false,,Not Available,16,15
1725,161357,PALO ALTO COUNTY HOSPITAL,IA,Critical Access Hospitals,Government - Local,true,false,,Not Available,16,15
1726,161358,WAYNE COUNTY HOSPITAL,IA,Critical Access Hospitals,Government - Local,true,false,,Not Available,16,15
1727,161359,BURGESS HEALTH CENTER,IA,Critical Access Hospitals,Voluntary non-profit - Private,true,false,3.0,3,,15
1728,161360,ORANGE CITY AREA HEALTH SYSTEM,IA,Critical Access Hospitals,Voluntary non-profit - Other,true,false,3.0,3,,15
1729,161361,VAN DIEST MEDICAL CENTER,IA,Critical Access Hospitals,Voluntary non-profit - Other,true,false,5.0,5,,15
1730,161362,CHEROKEE REGIONAL MEDICAL CENTER,IA,Critical Access Hospitals,Voluntary non-profit - Private,true,false,2.0,2,,15
1731,161363,MONTGOMERY COUNTY MEMORIAL HOSPITAL,IA,Critical Access Hospitals,Government - Local,true,false,,Not Available,16,15
1732,161364,JEFFERSON COUNTY HEALTH CENTER,IA,Critical Access Hospitals,Government - Local,true,false,2.0,2,,15
1733,161365,GREATER REGIONAL MEDICAL CENTER,IA,Critical Access Hospitals,Government - Local,true,false,3.0,3,,15
1734,161366,SHENANDOAH MEDICAL CENTER,IA,Critical Access Hospitals,Voluntary non-profit - Private,true,false,,Not Available,16,15
1735,161367,PELLA REGIONAL HEALTH CENTER,IA,Critical Access Hospitals,Voluntary non-profit - Private,true,false,4.0,4,,15
1736,161368,FLOYD VALLEY HEALTHCARE,IA,Critical Access Hospitals,Government - Local,true,false,3.0,3,,15
1737,161369,CRAWFORD COUNTY MEMORIAL HOSPITAL,IA,Critical Access Hospitals,Government - Local,true,false,2.0,2,,15
1738,161370,LORING HOSPITAL,IA,Critical Access Hospitals,Voluntary non-profit - Private,true,false,,Not Available,16,15
1739,161371,WINNMED,IA,Critical Access Hospitals,Government - Local,true,false,4.0,4,,15
1740,161372,BOONE COUNTY HOSPITAL,IA,Critical Access Hospitals,Voluntary non-profit - Other,true,false,,Not Available,16,15
1741,161373,RINGGOLD COUNTY HOSPITAL,IA,Critical Access Hospitals,Government - State,true,false,,Not Available,16,15
1742,161374,MYRTUE MEDICAL CENTER,IA,Critical Access Hospitals,Voluntary non-profit - Other,true,false,3.0,3,,15
1743,161375,BUENA VISTA REGIONAL MEDICAL CENTER,IA,Critical Access Hospitals,Government - Local,true,false,2.0,2,,15
1744,161376,CASS COUNTY MEMORIAL HOSPITAL,IA,Critical Access Hospitals,Government - Local,true,false,5.0,5,,15
1745,161377,MERCYONE CENTERVILLE MEDICAL CENTER,IA,Critical Access Hospitals,Voluntary non-profit - Private,true,false,,Not Available,16,15
1746,161378,MERCYONE DYERSVILLE MEDICAL CENTER,IA,Critical Access Hospitals,Voluntary non-profit - Private,true,false,,Not Available,16,15
1747,161379,MAHASKA  HEALTH PARTNERSHIP,IA,Critical Access Hospitals,Government - Local,true,false,4.0,4,,15
1748,161380,HANSEN FAMILY HOSPITAL,IA,Critical Access Hospitals,Government - Local,true,false,,Not Available,16,15
1749,161381,SANFORD SHELDON MEDICAL CENTER,IA,Critical Access Hospitals,Voluntary non-profit - Private,true,false,,Not Available,16,15
1750,161382,ST ANTHONY REGIONAL HOSPITAL & NURSING HOME,IA,Critical Access Hospitals,Voluntary non-profit - Private,true,false,2.0,2,,15
1751,164002,MENTAL HEALTH INSTITUTE,IA,Psychiatric,Government - State,true,false,,Not Available,19,15
1752,164003,MENTAL HEALTH INSTITUTE,IA,Psychiatric,Government - State,true,false,,Not Available,19,15
1753,164006,EAGLE VIEW BEHAVIORAL HEALTH,IA,Psychiatric,Proprietary,true,false,,Not Available,19,15
1754,164007,CLIVE BEHAVIORAL HEALTH,IA,Psychiatric,Proprietary,true,false,,Not Available,19,15
1755,170006,"MERCY HOSPITAL PITTSBURG, INC",KS,Acute Care Hospitals,Voluntary non-profit - Church,true,false,3.0,3,29,19
1756,170009,SAINT JOHN HOSPITAL,KS,Acute Care Hospitals,Voluntary non-profit - Other,true,false,3.0,3,,19
1757,170012,SALINA REGIONAL HEALTH CENTER,KS,Acute Care Hospitals,Voluntary non-profit - Private,true,false,3.0,3,,19
1758,170013,HAYS MEDICAL CENTER,KS,Acute Care Hospitals,Voluntary non-profit - Other,true,false,3.0,3,,19
1759,170014,ADVENTHEALTH OTTAWA,KS,Acute Care Hospitals,Government - Local,true,false,3.0,3,,19
1760,170016,UNIVERSITY OF KANSAS HEALTH SYSTEM - ST FRANCIS CAMPUS,KS,Acute Care Hospitals,Voluntary non-profit - Church,true,false,3.0,3,,19
1761,170017,SUSAN B ALLEN MEMORIAL HOSPITAL,KS,Acute Care Hospitals,Voluntary non-profit - Private,true,false,,Not Available,16,19
1762,170020,HUTCHINSON REGIONAL MEDICAL CENTER INC,KS,Acute Care Hospitals,Voluntary non-profit - Private,true,false,2.0,2,,19
1763,170023,ST. CATHERINE HOSPITAL - GARDEN CITY,KS,Acute Care Hospitals,Voluntary non-profit - Church,true,false,2.0,2,,19
1764,170027,PRATT REGIONAL MEDICAL CENTER,KS,Acute Care Hospitals,Proprietary,true,false,4.0,4,,19
1765,17002F,Irwin ACH (FT Riley),KS,Acute Care - Department of Defense,Department of Defense,true,true,,Not Available,22,19
1766,170040,UNIVERSITY OF KANSAS HOSPITAL,KS,Acute Care Hospitals,Government - Hospital District or Authority,true,false,5.0,5,,19
1767,170049,UNIVERSITY OF KANSAS HEALTH SYSTEM OLATHE HOSPITAL,KS,Acute Care Hospitals,Voluntary non-profit - Private,true,false,4.0,4,,19
1768,17005F,VA EASTERN KANSAS HEALTHCARE SYSTEM,KS,Acute Care - Veterans Administration,Veterans Health Administration,true,true,4.0,4,,19
1769,170068,SOUTHWEST MEDICAL CENTER,KS,Acute Care Hospitals,Government - Local,true,false,1.0,1,,19
1770,170074,"STORMONT VAIL HEALTH FLINT HILLS, LLC",KS,Acute Care Hospitals,Voluntary non-profit - Private,true,false,4.0,4,,19
1771,170086,STORMONT VAIL HOSPITAL,KS,Acute Care Hospitals,Voluntary non-profit - Private,true,false,4.0,4,,19
1772,17008F,WICHITA VA MEDICAL CENTER,KS,Acute Care - Veterans Administration,Veterans Health Administration,true,true,5.0,5,,19
1773,170103,NMC HEALTH,KS,Acute Care Hospitals,Voluntary non-profit - Private,true,false,5.0,5,,19
1774,170104,ADVENTHEALTH SHAWNEE MISSION,KS,Acute Care Hospitals,Voluntary non-profit - Private,true,false,3.0,3,,19
1775,170105,MCPHERSON HOSPITAL,KS,Acute Care Hospitals,Voluntary non-profit - Private,true,false,2.0,2,,19
1776,170109,MIAMI COUNTY MEDICAL CENTER,KS,Acute Care Hospitals,Voluntary non-profit - Private,true,false,,Not Available,16,19
1777,170120,LABETTE HEALTH,KS,Acute Care Hospitals,Government - Local,true,false,3.0,3,,19
1778,170122,"ASCENSION VIA CHRISTI HOSPITALS WICHITA, INC.",KS,Acute Care Hospitals,Voluntary non-profit - Private,true,false,2.0,2,29,19
1779,170123,WESLEY MEDICAL CENTER,KS,Acute Care Hospitals,Proprietary,true,false,4.0,4,,19
1780,170137,LMH,KS,Acute Care Hospitals,Government - Local,true,false,4.0,4,,19
1781,170142,"ASCENSION VIA CHRISTI HOSPITAL MANHATTAN, INC",KS,Acute Care Hospitals,Voluntary non-profit - Private,true,false,4.0,4,29,19
1782,170146,PROVIDENCE MEDICAL CENTER,KS,Acute Care Hospitals,Voluntary non-profit - Church,true,false,3.0,3,,19
1783,170175,CENTURA ST. CATHERINE-DODGE CITY,KS,Acute Care Hospitals,Proprietary,true,false,3.0,3,,19
1784,170176,OVERLAND PARK REG MED CTR,KS,Acute Care Hospitals,Proprietary,true,false,4.0,4,,19
1785,170182,MENORAH MEDICAL CENTER,KS,Acute Care Hospitals,Proprietary,true,false,3.0,3,,19
1786,170183,KANSAS SURGERY & RECOVERY CENTER,KS,Acute Care Hospitals,Voluntary non-profit - Private,true,false,,Not Available,16,19
1787,170185,SAINT LUKE'S SOUTH HOSPITAL,KS,Acute Care Hospitals,Voluntary non-profit - Other,true,false,4.0,4,,19
1788,170186,KANSAS HEART HOSPITAL,KS,Acute Care Hospitals,Proprietary,true,false,4.0,4,,19
1789,170187,SALINA SURGICAL HOSPITAL,KS,Acute Care Hospitals,Physician,true,false,,Not Available,16,19
1790,170188,KANSAS CITY ORTHOPAEDIC INSTITUTE,KS,Acute Care Hospitals,Physician,true,false,,Not Available,16,19
1791,170190,MANHATTAN SURGICAL HOSPITAL LLC,KS,Acute Care Hospitals,Physician,true,false,,Not Available,16,19
1792,170191,UNIVERSITY  OF KS HLTH SYSTEM GREAT BEND CAMPUS,KS,Acute Care Hospitals,Government - Hospital District or Authority,true,false,4.0,4,,19
1793,170194,ASCENTIST HOSPITAL LLC,KS,Acute Care Hospitals,Proprietary,true,false,,Not Available,16,19
1794,170196,"KANSAS SPINE & SPECIALTY HOSPITAL, LLC",KS,Acute Care Hospitals,Physician,true,false,,Not Available,16,19
1795,170197,KANSAS MEDICAL CENTER LLC,KS,Acute Care Hospitals,Proprietary,true,false,2.0,2,,19
1796,170198,"SUMMIT SURGICAL, LLC",KS,Acute Care Hospitals,Physician,true,false,,Not Available,16,19
1797,170199,MINIMALLY INVASIVE SURGERY HOSPITAL,KS,Acute Care Hospitals,Proprietary,true,false,,Not Available,16,19
1798,170200,"VIA CHRISTI HOSPITAL WICHITA ST TERESA, INC",KS,Acute Care Hospitals,Voluntary non-profit - Church,true,false,4.0,4,29,19
1799,170203,MERCY SPECIALTY HOSPITAL SOUTHEAST KANSAS,KS,Acute Care Hospitals,Voluntary non-profit - Private,true,false,,Not Available,16,19
1800,170204,"ROCK REGIONAL HOSPITAL, LLC",KS,Acute Care Hospitals,Proprietary,true,false,4.0,4,,19
1801,170208,"ADVENTHEALTH SOUTH OVERLAND PARK, INC",KS,Acute Care Hospitals,Voluntary non-profit - Private,true,false,4.0,4,,19
1802,170779,SCK HEALTH,KS,Rural Emergency Hospital,Government - Local,true,false,,Not Available,19,19
1803,170780,"MERCY HOSPITAL, INC",KS,Rural Emergency Hospital,Voluntary non-profit - Church,true,false,,Not Available,19,19
1804,170781,RUSH COUNTY MEMORIAL HOSPITAL,KS,Rural Emergency Hospital,Government - Local,true,false,,Not Available,19,19
1805,171300,GRISELL MEMORIAL HOSPITAL,KS,Critical Access Hospitals,Government - Hospital District or Authority,true,false,,Not Available,16,19
1806,171301,ELLINWOOD DISTRICT HOSPITAL,KS,Critical Access Hospitals,Government - Hospital District or Authority,true,false,,Not Available,16,19
1807,171303,LANE COUNTY HOSPITAL,KS,Critical Access Hospitals,Government - Hospital District or Authority,true,false,,Not Available,16,19
1808,171304,ASHLAND HEALTH CENTER,KS,Critical Access Hospitals,Voluntary non-profit - Other,true,false,,Not Available,16,19
1809,171306,WICHITA COUNTY HEALTH CENTER,KS,Critical Access Hospitals,Government - Local,true,false,,Not Available,16,19
1810,171307,RAWLINS COUNTY HEALTH CENTER,KS,Critical Access Hospitals,Voluntary non-profit - Other,true,false,,Not Available,16,19
1811,171308,MERCY HOSPITAL COLUMBUS,KS,Critical Access Hospitals,Voluntary non-profit - Church,true,false,,Not Available,16,19
1812,171309,JEWELL COUNTY HOSPITAL,KS,Critical Access Hospitals,Government - Local,true,false,,Not Available,16,19
1813,171310,CHEYENNE COUNTY HOSPITAL,KS,Critical Access Hospitals,Voluntary non-profit - Private,true,false,,Not Available,16,19
1814,171311,ROOKS COUNTY HEALTH CENTER,KS,Critical Access Hospitals,Government - Hospital District or Authority,true,false,,Not Available,16,19
1815,171312,COMANCHE COUNTY HOSPITAL,KS,Critical Access Hospitals,Government - Local,true,false,,Not Available,16,19
1816,171313,KEARNY COUNTY HOSPITAL,KS,Critical Access Hospitals,Government - Local,true,false,,Not Available,16,19
1817,171314,F W HUSTON MEDICAL CENTER,KS,Critical Access Hospitals,Voluntary non-profit - Private,true,false,,Not Available,16,19
1818,171315,NEMAHA VALLEY COMMUNITY HOSPITAL,KS,Critical Access Hospitals,Voluntary non-profit - Private,true,false,,Not Available,16,19
1819,171316,ANDERSON COUNTY HOSPITAL,KS,Critical Access Hospitals,Voluntary non-profit - Private,true,false,,Not Available,16,19
1820,171317,EDWARDS COUNTY MEDICAL CENTER,KS,Critical Access Hospitals,Government - Local,true,false,,Not Available,16,19
1821,171318,SEDAN CITY HOSPITAL,KS,Critical Access Hospitals,Government - Local,true,false,,Not Available,16,19
1822,171319,HOLTON COMMUNITY HOSPITAL,KS,Critical Access Hospitals,Voluntary non-profit - Private,true,false,,Not Available,16,19
1823,171321,MEADE DISTRICT HOSPITAL,KS,Critical Access Hospitals,Government - Hospital District or Authority,true,false,,Not Available,16,19
1824,171322,HAMILTON COUNTY HOSPITAL,KS,Critical Access Hospitals,Government - Local,true,false,,Not Available,16,19
1825,171323,STAFFORD COUNTY HOSPITAL,KS,Critical Access Hospitals,Government - Local,true,false,,Not Available,16,19
1826,171324,"SATANTA DISTRICT HOSPITAL, CLINICS, & LTCU",KS,Critical Access Hospitals,Government - Hospital District or Authority,true,false,,Not Available,16,19
1827,171325,GRAHAM COUNTY HOSPITAL,KS,Critical Access Hospitals,Government - Local,true,false,,Not Available,16,19
1828,171326,LOGAN COUNTY HOSPITAL,KS,Critical Access Hospitals,Government - Local,true,false,,Not Available,16,19
1829,171327,ELLSWORTH COUNTY MEDICAL CENTER,KS,Critical Access Hospitals,Proprietary,true,false,2.0,2,,19
1830,171328,OTTAWA COUNTY HEALTH CENTER,KS,Critical Access Hospitals,Voluntary non-profit - Other,true,false,,Not Available,16,19
1831,171329,CALDWELL REGIONAL MEDICAL CENTER,KS,Critical Access Hospitals,Government - Hospital District or Authority,true,false,,Not Available,16,19
1832,171330,HOSPITAL DISTRICT #1 OF RICE COUNTY,KS,Critical Access Hospitals,Government - Hospital District or Authority,true,false,,Not Available,16,19
1833,171331,KIOWA DISTRICT HOSPITAL,KS,Critical Access Hospitals,Government - Hospital District or Authority,true,false,,Not Available,16,19
1834,171332,KIOWA COUNTY MEMORIAL HOSPITAL,KS,Critical Access Hospitals,Government - Local,true,false,,Not Available,16,19
1835,171333,CLARA BARTON HOSPITAL,KS,Critical Access Hospitals,Voluntary non-profit - Private,true,false,2.0,2,,19
1836,171334,MEDICINE LODGE MEMORIAL HOSPITAL,KS,Critical Access Hospitals,Government - Hospital District or Authority,true,false,,Not Available,16,19
1837,171335,STEVENS COUNTY HOSPITAL,KS,Critical Access Hospitals,Government - Local,true,false,4.0,4,,19
1838,171336,NESS COUNTY HOSPITAL DISTRICT #2,KS,Critical Access Hospitals,Government - Hospital District or Authority,true,false,,Not Available,16,19
1839,171337,WAMEGO HEALTH CENTER,KS,Critical Access Hospitals,Voluntary non-profit - Other,true,false,,Not Available,16,19
1840,171338,GREAT PLAINS OF SABETHA,KS,Critical Access Hospitals,Voluntary non-profit - Private,true,false,,Not Available,16,19
1841,171339,GREENWOOD COUNTY HOSPITAL,KS,Critical Access Hospitals,Government - Local,true,false,,Not Available,16,19
1842,171341,HIAWATHA COMMUNITY HOSPITAL,KS,Critical Access Hospitals,Voluntary non-profit - Private,true,false,3.0,3,,19
1843,171343,STANTON COUNTY HOSPITAL,KS,Critical Access Hospitals,Government - Local,true,false,,Not Available,16,19
1844,171344,WILSON MEDICAL CENTER,KS,Critical Access Hospitals,Government - Local,true,false,,Not Available,16,19
1845,171345,PAWNEE VALLEY COMMUNITY HOSPITAL,KS,Critical Access Hospitals,Voluntary non-profit - Private,true,false,,Not Available,16,19
1846,171346,HOSPITAL DISTRICT #6 PATTERSON HEALTH CENTER,KS,Critical Access Hospitals,Government - Hospital District or Authority,true,false,,Not Available,16,19
1847,171347,SHERIDAN COUNTY HOSPITAL,KS,Critical Access Hospitals,Government - Local,true,false,,Not Available,16,19
1848,171348,NORTON COUNTY HOSPITAL,KS,Critical Access Hospitals,Government - Local,true,false,,Not Available,16,19
1849,171349,CLOUD COUNTY HEALTH CENTER,KS,Critical Access Hospitals,Voluntary non-profit - Private,true,false,,Not Available,16,19
1850,171350,RUSSELL REGIONAL HOSPITAL,KS,Critical Access Hospitals,Voluntary non-profit - Private,true,false,3.0,3,,19
1851,171351,WASHINGTON COUNTY HOSPITAL,KS,Critical Access Hospitals,Government - Local,true,false,,Not Available,16,19
1852,171352,DECATUR HEALTH,KS,Critical Access Hospitals,Voluntary non-profit - Private,true,false,,Not Available,16,19
1853,171353,PHILLIPS COUNTY HOSPITAL,KS,Critical Access Hospitals,Government - Local,true,false,,Not Available,16,19
1854,171354,"COMMUNITY HOSPITAL, ONAGA AND ST MARYS CAMPUS",KS,Critical Access Hospitals,Government - Hospital District or Authority,true,false,,Not Available,16,19
1855,171355,TREGO COUNTY LEMKE MEMORIAL HOSPITAL,KS,Critical Access Hospitals,Government - Local,true,false,,Not Available,16,19
1856,171356,ST LUKE HOSPITAL & LIVING CENTER,KS,Critical Access Hospitals,Government - Hospital District or Authority,true,false,,Not Available,16,19
1857,171357,HILLSBORO COMMUNITY HOSPITAL,KS,Critical Access Hospitals,Proprietary,true,false,,Not Available,16,19
1858,171358,LINDSBORG COMMUNITY HOSPITAL,KS,Critical Access Hospitals,Voluntary non-profit - Private,true,false,,Not Available,16,19
1859,171359,GREELEY COUNTY HEALTH SERVICES,KS,Critical Access Hospitals,Government - Local,true,false,,Not Available,16,19
1860,171360,LINCOLN COUNTY HOSPITAL,KS,Critical Access Hospitals,Government - Local,true,false,,Not Available,16,19
1861,171361,REPUBLIC COUNTY HOSPITAL,KS,Critical Access Hospitals,Voluntary non-profit - Private,true,false,3.0,3,,19
1862,171362,CITIZENS MEDICAL CENTER,KS,Critical Access Hospitals,Voluntary non-profit - Private,true,false,3.0,3,,19
1863,171363,"COMMUNITY MEMORIAL HEALTHCARE, INC.",KS,Critical Access Hospitals,Voluntary non-profit - Private,true,false,4.0,4,,19
1864,171364,OSBORNE COUNTY MEMORIAL HOSPITAL,KS,Critical Access Hospitals,Government - Local,true,false,,Not Available,16,19
1865,171365,HANOVER HOSPITAL,KS,Critical Access Hospitals,Government - Hospital District or Authority,true,false,,Not Available,16,19
1866,171367,GOVE COUNTY MEDICAL CENTER,KS,Critical Access Hospitals,Voluntary non-profit - Other,true,false,,Not Available,16,19
1867,171368,MINNEOLA DISTRICT HOSPITAL,KS,Critical Access Hospitals,Government - Hospital District or Authority,true,false,,Not Available,16,19
1868,171369,HODGEMAN COUNTY HEALTH CENTER,KS,Critical Access Hospitals,Government - Local,true,false,,Not Available,16,19
1869,171370,GOODLAND REGIONAL MEDICAL CENTER,KS,Critical Access Hospitals,Government - Local,true,false,2.0,2,,19
1870,171371,CLAY COUNTY MEDICAL CENTER,KS,Critical Access Hospitals,Government - Local,true,false,3.0,3,,19
1871,171372,SCOTT COUNTY HOSPITAL,KS,Critical Access Hospitals,Voluntary non-profit - Private,true,false,2.0,2,,19
1872,171373,ALLEN COUNTY REGIONAL HOSPITAL,KS,Critical Access Hospitals,Government - Local,true,false,4.0,4,,19
1873,171374,FREDONIA REGIONAL HOSPITAL,KS,Critical Access Hospitals,Government - Local,true,false,,Not Available,16,19
1874,171375,MITCHELL COUNTY HOSPITAL HEALTH SYSTEMS,KS,Critical Access Hospitals,Government - Local,true,false,3.0,3,,19
1875,171376,GIRARD MEDICAL CENTER,KS,Critical Access Hospitals,Government - Hospital District or Authority,true,false,2.0,2,,19
1876,171377,SMITH COUNTY MEMORIAL HOSPITAL,KS,Critical Access Hospitals,Government - Local,true,false,,Not Available,16,19
1877,171378,KINGMAN HEALTHCARE CENTER,KS,Critical Access Hospitals,Voluntary non-profit - Private,true,false,,Not Available,16,19
1878,171379,MORRIS COUNTY HOSPITAL,KS,Critical Access Hospitals,Government - Local,true,false,3.0,3,,19
1879,171380,NEOSHO MEMORIAL REGIONAL MEDICAL CENTER,KS,Critical Access Hospitals,Government - Local,true,false,1.0,1,,19
1880,171381,MEMORIAL HOSPITAL,KS,Critical Access Hospitals,Government - Hospital District or Authority,true,false,2.0,2,,19
1881,171382,AMBERWELL ATCHISON ASSOCIATION,KS,Critical Access Hospitals,Voluntary non-profit - Private,true,false,,Not Available,16,19
1882,171383,WILLIAM NEWTON HOSPITAL,KS,Critical Access Hospitals,Government - Local,true,false,4.0,4,,19
1883,171384,NEWMAN REGIONAL HEALTH,KS,Critical Access Hospitals,Government - Local,true,false,2.0,2,,19
1884,171385,COFFEY COUNTY HOSPITAL,KS,Critical Access Hospitals,Government - Local,true,false,4.0,4,,19
1885,171386,MORTON COUNTY HOSPITAL,KS,Critical Access Hospitals,Government - Local,true,false,,Not Available,16,19
1886,171387,"COFFEYVILLE REGIONAL MEDICAL CENTER, INC",KS,Critical Access Hospitals,Voluntary non-profit - Private,true,false,,Not Available,5,19
1887,171388,BOB WILSON MEMORIAL HOSPITAL,KS,Critical Access Hospitals,Voluntary non-profit - Church,true,false,,Not Available,5,19
1888,173300,CHILDREN'S MERCY SOUTH,KS,Childrens,Voluntary non-profit - Private,true,false,,Not Available,19,19
1889,174006,LARNED STATE HOSPITAL,KS,Psychiatric,Government - State,true,false,,Not Available,19,19
1890,174020,COTTONWOOD SPRINGS LLC,KS,Psychiatric,Proprietary,true,false,,Not Available,19,19
1891,174022,ADAIR ACUTE CARE AT OSAWATOMIE STATE HOSPITAL,KS,Psychiatric,Government - State,true,false,,Not Available,19,19
1892,174026,CORTERRA OF WICHITA LLC,KS,Psychiatric,Proprietary,true,false,,Not Available,19,19
1893,174027,ST VERONICA,KS,Psychiatric,Voluntary non-profit - Church,true,false,,Not Available,19,19
1894,180001,ST ELIZABETH FT THOMAS,KY,Acute Care Hospitals,Voluntary non-profit - Private,true,false,5.0,5,,20
1895,180002,WHITESBURG ARH HOSPITAL,KY,Acute Care Hospitals,Voluntary non-profit - Other,true,false,3.0,3,,20
1896,180004,OWENSBORO HEALTH MUHLENBERG COMMUNITY HOSPITAL,KY,Acute Care Hospitals,Voluntary non-profit - Private,true,false,4.0,4,,20
1897,180005,HIGHLANDS ARH REGIONAL MEDICAL CENTER,KY,Acute Care Hospitals,Proprietary,true,false,2.0,2,,20
1898,180009,KING'S DAUGHTERS' MEDICAL CENTER,KY,Acute Care Hospitals,Voluntary non-profit - Private,true,false,3.0,3,,20
1899,180010,SAINT JOSEPH HOSPITAL,KY,Acute Care Hospitals,Voluntary non-profit - Church,true,false,3.0,3,,20
1900,180011,SAINT JOSEPH LONDON,KY,Acute Care Hospitals,Voluntary non-profit - Private,true,false,3.0,3,,20
1901,180012,BAPTIST HEALTH HARDIN,KY,Acute Care Hospitals,Government - Local,true,false,3.0,3,,20
1902,180013,THE MEDICAL CENTER (BOWLING GREEN),KY,Acute Care Hospitals,Voluntary non-profit - Private,true,false,2.0,2,,20
1903,180016,UOFL HEALTH - SHELBYVILLE HOSPITAL,KY,Acute Care Hospitals,Voluntary non-profit - Private,true,false,3.0,3,,20
1904,180017,T J SAMSON COMMUNITY HOSPITAL,KY,Acute Care Hospitals,Voluntary non-profit - Other,true,false,3.0,3,,20
1905,180018,ST CLAIRE REGIONAL MEDICAL CENTER,KY,Acute Care Hospitals,Government - Federal,true,false,2.0,2,,20
1906,180019,MEADOWVIEW REGIONAL MEDICAL CENTER,KY,Acute Care Hospitals,Proprietary,true,false,4.0,4,,20
1907,180020,MIDDLESBORO ARH HOSPITAL,KY,Acute Care Hospitals,Voluntary non-profit - Private,true,false,1.0,1,,20
1908,180024,SPRING VIEW HOSPITAL,KY,Acute Care Hospitals,Proprietary,true,false,5.0,5,,20
1909,180025,CHI SAINT JOSEPH FLAGET MEMORIAL HOSPITAL,KY,Acute Care Hospitals,Voluntary non-profit - Private,true,false,3.0,3,,20
1910,180027,MURRAY-CALLOWAY COUNTY HOSPITAL,KY,Acute Care Hospitals,Voluntary non-profit - Other,true,false,3.0,3,,20
1911,180029,HAZARD ARH REGIONAL MEDICAL CENTER,KY,Acute Care Hospitals,Voluntary non-profit - Private,true,false,2.0,2,,20
1912,180035,ST ELIZABETH EDGEWOOD,KY,Acute Care Hospitals,Voluntary non-profit - Church,true,false,5.0,5,,20
1913,180038,OWENSBORO HEALTH REGIONAL HOSPITAL,KY,Acute Care Hospitals,Voluntary non-profit - Private,true,false,2.0,2,,20
1914,18003F,Blanchfield ACH (FT Campbell),KY,Acute Care - Department of Defense,Department of Defense,true,true,,Not Available,22,20
1915,180040,UOFL HEALTH - JEWISH HOSPITAL and Mary & Elizabeth Hospital,KY,Acute Care Hospitals,Voluntary non-profit - Private,true,false,2.0,2,,20
1916,180043,AdventHealthManchester,KY,Acute Care Hospitals,Voluntary non-profit - Church,true,false,3.0,3,,20
1917,180044,PIKEVILLE MEDICAL CENTER,KY,Acute Care Hospitals,Voluntary non-profit - Private,true,false,1.0,1,,20
1918,180045,ST ELIZABETH FLORENCE,KY,Acute Care Hospitals,Voluntary non-profit - Private,true,false,3.0,3,,20
1919,180046,BOURBON COMMUNITY HOSPITAL,KY,Acute Care Hospitals,Proprietary,true,false,2.0,2,,20
1920,180048,EPHRAIM MCDOWELL REGIONAL MEDICAL CENTER,KY,Acute Care Hospitals,Voluntary non-profit - Private,true,false,3.0,3,,20
1921,180049,BAPTIST HEALTH RICHMOND,KY,Acute Care Hospitals,Voluntary non-profit - Private,true,false,4.0,4,,20
1922,180050,HARLAN ARH HOSPITAL,KY,Acute Care Hospitals,Voluntary non-profit - Other,true,false,2.0,2,,20
1923,180051,JENNIE STUART MEDICAL CENTER,KY,Acute Care Hospitals,Voluntary non-profit - Private,true,false,1.0,1,,20
1924,180056,DEACONESS HENDERSON HOSPITAL,KY,Acute Care Hospitals,Voluntary non-profit - Church,true,false,2.0,2,,20
1925,180064,SAINT JOSEPH MOUNT STERLING,KY,Acute Care Hospitals,Voluntary non-profit - Private,true,false,4.0,4,,20
1926,180066,The Medical Center at Russellville,KY,Acute Care Hospitals,Proprietary,true,false,2.0,2,,20
1927,180067,UNIVERSITY OF KENTUCKY HOSPITAL,KY,Acute Care Hospitals,Government - State,true,false,4.0,4,,20
1928,180069,TUG VALLEY ARH REGIONAL MEDICAL CENTER,KY,Acute Care Hospitals,Proprietary,true,false,2.0,2,,20
1929,18006F,LOUISVILLE VA MEDICAL CENTER,KY,Acute Care - Veterans Administration,Veterans Health Administration,true,true,5.0,5,,20
1930,180070,OWENSBORO HEALTH TWIN LAKES MEDICAL CENTER,KY,Acute Care Hospitals,Voluntary non-profit - Other,true,false,3.0,3,,20
1931,180078,PAINTSVILLE ARH HOSPITAL,KY,Acute Care Hospitals,Proprietary,true,false,2.0,2,,20
1932,180079,HARRISON MEMORIAL HOSPITAL,KY,Acute Care Hospitals,Voluntary non-profit - Other,true,false,3.0,3,,20
1933,18007F,LEXINGTON VA MEDICAL CENTER,KY,Acute Care - Veterans Administration,Veterans Health Administration,true,true,3.0,3,,20
1934,180080,BAPTIST HEALTH CORBIN,KY,Acute Care Hospitals,Voluntary non-profit - Private,true,false,3.0,3,,20
1935,180087,TAYLOR REGIONAL HOSPITAL,KY,Acute Care Hospitals,Government - Hospital District or Authority,true,false,2.0,2,,20
1936,180088,"NORTON HOSPITALS, INC",KY,Acute Care Hospitals,Voluntary non-profit - Private,true,false,2.0,2,23,20
1937,180092,CLARK REGIONAL MEDICAL CENTER,KY,Acute Care Hospitals,Proprietary,true,false,3.0,3,,20
1938,180093,BAPTIST HEALTH DEACONESS MADISONVILLE,KY,Acute Care Hospitals,Voluntary non-profit - Private,true,false,2.0,2,,20
1939,180101,GEORGETOWN COMMUNITY HOSPITAL,KY,Acute Care Hospitals,Proprietary,true,false,3.0,3,,20
1940,180102,MERCY HEALTH - LOURDES HOSPITAL,KY,Acute Care Hospitals,Voluntary non-profit - Church,true,false,3.0,3,,20
1941,180103,BAPTIST HEALTH LEXINGTON,KY,Acute Care Hospitals,Voluntary non-profit - Other,true,false,4.0,4,,20
1942,180104,BAPTIST HEALTH PADUCAH,KY,Acute Care Hospitals,Voluntary non-profit - Church,true,false,4.0,4,,20
1943,180105,MONROE COUNTY MEDICAL CENTER,KY,Acute Care Hospitals,Voluntary non-profit - Other,true,false,1.0,1,,20
1944,180115,"ROCKCASTLE COUNTY HOSPITAL, INC.",KY,Acute Care Hospitals,Voluntary non-profit - Private,true,false,2.0,2,,20
1945,180116,JACKSON PURCHASE MEDICAL CENTER,KY,Acute Care Hospitals,Government - Hospital District or Authority,true,false,1.0,1,,20
1946,180124,TRISTAR GREENVIEW REGIONAL HOSPITAL,KY,Acute Care Hospitals,Proprietary,true,false,2.0,2,,20
1947,180127,FRANKFORT REGIONAL MEDICAL CENTER,KY,Acute Care Hospitals,Proprietary,true,false,3.0,3,,20
1948,180128,THREE RIVERS MEDICAL CENTER,KY,Acute Care Hospitals,Proprietary,true,false,3.0,3,,20
1949,180130,BAPTIST HEALTH LOUISVILLE,KY,Acute Care Hospitals,Voluntary non-profit - Private,true,false,4.0,4,,20
1950,180132,LAKE CUMBERLAND REGIONAL HOSPITAL,KY,Acute Care Hospitals,Proprietary,true,false,2.0,2,,20
1951,180138,BAPTIST HEALTH LAGRANGE,KY,Acute Care Hospitals,Voluntary non-profit - Private,true,false,5.0,5,,20
1952,180141,UNIVERSITY OF LOUISVILLE HOSPITAL,KY,Acute Care Hospitals,Voluntary non-profit - Private,true,false,1.0,1,,20
1953,180143,SAINT JOSEPH EAST,KY,Acute Care Hospitals,Voluntary non-profit - Private,true,false,2.0,2,,20
1954,180149,TJ HEALTH COLUMBIA,KY,Acute Care Hospitals,Government - Hospital District or Authority,true,false,,Not Available,16,20
1955,180154,"PINEVILLE COMMUNITY HEALTH CENTER, INC",KY,Acute Care Hospitals,Voluntary non-profit - Private,true,false,1.0,1,,20
1956,180779,CRITTENDEN COMMUNITY HOSPITAL,KY,Rural Emergency Hospital,Government - Local,true,false,,Not Available,19,20
1957,180780,FLEMING COUNTY HOSPITAL,KY,Rural Emergency Hospital,Voluntary non-profit - Other,true,false,,Not Available,19,20
1958,181301,MARCUM AND WALLACE MEMORIAL HOSPITAL,KY,Critical Access Hospitals,Voluntary non-profit - Private,true,false,4.0,4,,20
1959,181302,THE JAMES B. HAGGIN MEMORIAL HOSPITAL,KY,Critical Access Hospitals,Voluntary non-profit - Other,true,false,,Not Available,16,20
1960,181304,TRIGG COUNTY HOSPITAL,KY,Critical Access Hospitals,Voluntary non-profit - Private,true,false,,Not Available,16,20
1961,181305,ARH OUR LADY OF THE WAY,KY,Critical Access Hospitals,Voluntary non-profit - Private,true,false,,Not Available,16,20
1962,181306,METHODIST HOSPITAL UNION COUNTY,KY,Critical Access Hospitals,Voluntary non-profit - Church,true,false,,Not Available,16,20
1963,181307,MORGAN COUNTY ARH HOSPITAL,KY,Critical Access Hospitals,Voluntary non-profit - Private,true,false,,Not Available,16,20
1964,181308,BLUEGRASS COMMUNITY HOSPITAL,KY,Critical Access Hospitals,Proprietary,true,false,,Not Available,16,20
1965,181309,CASEY COUNTY HOSPITAL,KY,Critical Access Hospitals,Government - Hospital District or Authority,true,false,3.0,3,,20
1966,181310,CARROLL COUNTY MEMORIAL HOSPITAL,KY,Critical Access Hospitals,Voluntary non-profit - Private,true,false,,Not Available,16,20
1967,181311,ST ELIZABETH GRANT,KY,Critical Access Hospitals,Voluntary non-profit - Church,true,false,,Not Available,16,20
1968,181314,CAVERNA MEMORIAL HOSPITAL,KY,Critical Access Hospitals,Voluntary non-profit - Private,true,false,,Not Available,16,20
1969,181315,EPHRAIM MCDOWELL FORT LOGAN HOSPITAL,KY,Critical Access Hospitals,Voluntary non-profit - Private,true,false,,Not Available,16,20
1970,181316,MARY BRECKINRIDGE ARH HOSPITAL,KY,Critical Access Hospitals,Voluntary non-profit - Private,true,false,,Not Available,16,20
1971,181317,CUMBERLAND COUNTY HOSPITAL,KY,Critical Access Hospitals,Government - Local,true,false,,Not Available,16,20
1972,181318,THE MEDICAL CENTER AT FRANKLIN,KY,Critical Access Hospitals,Voluntary non-profit - Private,true,false,,Not Available,16,20
1973,181319,BRECKINRIDGE MEMORIAL HOSPITAL,KY,Critical Access Hospitals,Government - Local,true,false,1.0,1,,20
1974,181320,"LIVINGSTON HOSPITAL AND HEALTHCARE SERVICES, INC",KY,Critical Access Hospitals,Voluntary non-profit - Private,true,false,4.0,4,,20
1975,181321,WAYNE COUNTY HOSPITAL,KY,Critical Access Hospitals,Voluntary non-profit - Private,true,false,,Not Available,16,20
1976,181322,CALDWELL MEDICAL CENTER,KY,Critical Access Hospitals,Voluntary non-profit - Private,true,false,,Not Available,16,20
1977,181323,OHIO COUNTY HOSPITAL,KY,Critical Access Hospitals,Proprietary,true,false,2.0,2,,20
1978,181324,THE MEDICAL CENTER AT SCOTTSVILLE,KY,Critical Access Hospitals,Voluntary non-profit - Private,true,false,,Not Available,16,20
1979,181325,JANE TODD CRAWFORD HOSPITAL,KY,Critical Access Hospitals,Voluntary non-profit - Private,true,false,,Not Available,16,20
1980,181327,MARSHALL COUNTY HOSPITAL,KY,Critical Access Hospitals,Government - Hospital District or Authority,true,false,2.0,2,,20
1981,181328,KNOX COUNTY HOSPITAL,KY,Critical Access Hospitals,Government - Local,true,false,,Not Available,16,20
1982,181329,CHI SAINT JOSEPH BEREA NF,KY,Critical Access Hospitals,Voluntary non-profit - Private,true,false,4.0,4,,20
1983,181330,RUSSELL COUNTY HOSPITAL,KY,Critical Access Hospitals,Government - Local,true,false,,Not Available,16,20
1984,181331,MCDOWELL ARH HOSPITAL,KY,Critical Access Hospitals,Voluntary non-profit - Private,true,false,,Not Available,16,20
1985,181333,THE MEDICAL CENTER AT ALBANY,KY,Critical Access Hospitals,Voluntary non-profit - Private,true,false,,Not Available,5,20
1986,181334,KENTUCKY RIVER MEDICAL CENTER,KY,Critical Access Hospitals,Proprietary,true,false,,Not Available,5,20
1987,184002,WESTERN STATE HOSPITAL,KY,Psychiatric,Government - Local,true,false,,Not Available,19,20
1988,184004,EASTERN STATE HOSPITAL,KY,Psychiatric,Voluntary non-profit - Private,true,false,,Not Available,19,20
1989,184006,SUN BEHAVIORAL HEALTH,KY,Psychiatric,Proprietary,true,false,,Not Available,19,20
1990,184007,THE BROOK HOSPITAL - DUPONT,KY,Psychiatric,Voluntary non-profit - Private,true,false,,Not Available,19,20
1991,184008,THE BROOK HOSPITAL - KMI,KY,Psychiatric,Government - Federal,true,false,,Not Available,19,20
1992,184009,THE RIDGE BEHAVIORAL HEALTH SYSTEM,KY,Psychiatric,Proprietary,true,false,,Not Available,19,20
1993,184012,LINCOLN TRAIL BEHAVIORAL HEALTH SYSTEM,KY,Psychiatric,Proprietary,true,false,,Not Available,19,20
1994,184014,CUMBERLAND HALL HOSPITAL,KY,Psychiatric,Proprietary,true,false,,Not Available,19,20
1995,184015,CENTRAL STATE HOSPITAL,KY,Psychiatric,Government - State,true,false,,Not Available,19,20
1996,184017,RIVENDELL BEHAVIORAL HEALTH SERVICES,KY,Psychiatric,Government - Federal,true,false,,Not Available,19,20
1997,190002,OCHSNER LAFAYETTE GENERAL MEDICAL CENTER,LA,Acute Care Hospitals,Voluntary non-profit - Private,true,false,3.0,3,,21
1998,190004,THIBODAUX REGIONAL MEDICAL CENTER,LA,Acute Care Hospitals,Voluntary non-profit - Private,true,false,3.0,3,,21
1999,190005,UNIVERSITY MEDICAL CENTER NEW ORLEANS,LA,Acute Care Hospitals,Voluntary non-profit - Private,true,false,2.0,2,,21
2000,190006,OCHSNER UNIVERSITY HOSPITAL AND CLINICS,LA,Acute Care Hospitals,Voluntary non-profit - Private,true,false,3.0,3,,21
2001,190007,NATCHITOCHES REGIONAL MEDICAL CENTER,LA,Acute Care Hospitals,Government - Hospital District or Authority,true,false,4.0,4,,21
2002,190008,TERREBONNE GENERAL MEDICAL CENTER - PARISH,LA,Acute Care Hospitals,Government - Hospital District or Authority,true,false,4.0,4,,21
2003,190011,OCHSNER LSU HEALTH MONROE,LA,Acute Care Hospitals,Voluntary non-profit - Private,true,false,3.0,3,,21
2004,190013,WEST CALCASIEU CAMERON HOSPITAL,LA,Acute Care Hospitals,Government - Hospital District or Authority,true,false,4.0,4,,21
2005,190014,OCHSNER ST MARY,LA,Acute Care Hospitals,Voluntary non-profit - Private,true,false,2.0,2,,21
2006,190015,NORTH OAKS MEDICAL CENTER,LA,Acute Care Hospitals,Government - Hospital District or Authority,true,false,2.0,2,,21
2007,190017,OPELOUSAS GENERAL HEALTH SYSTEM,LA,Acute Care Hospitals,Government - Hospital District or Authority,true,false,2.0,2,,21
2008,190019,CHRISTUS ST FRANCES CABRINI HOSPITAL,LA,Acute Care Hospitals,Voluntary non-profit - Private,true,false,3.0,3,,21
2009,190020,LANE REGIONAL MEDICAL CENTER,LA,Acute Care Hospitals,Government - Hospital District or Authority,true,false,3.0,3,,21
2010,190025,SAVOY MEDICAL CENTER,LA,Acute Care Hospitals,Voluntary non-profit - Other,true,false,4.0,4,,21
2011,190026,RAPIDES REGIONAL MEDICAL CENTER,LA,Acute Care Hospitals,Proprietary,true,false,2.0,2,,21
2012,190027,CHRISTUS OCHSNER ST PATRICK HOSPITAL,LA,Acute Care Hospitals,Voluntary non-profit - Private,true,false,3.0,3,,21
2013,190034,ABBEVILLE GENERAL HOSPITAL,LA,Acute Care Hospitals,Government - Hospital District or Authority,true,false,3.0,3,,21
2014,190036,OCHSNER MEDICAL CENTER ACUTE,LA,Acute Care Hospitals,Voluntary non-profit - Private,true,false,4.0,4,,21
2015,190039,WEST JEFFERSON MEDICAL CENTER,LA,Acute Care Hospitals,Voluntary non-profit - Private,true,false,3.0,3,,21
2016,190040,SLIDELL MEMORIAL HOSPITAL,LA,Acute Care Hospitals,Government - Hospital District or Authority,true,false,2.0,2,,21
2017,190041,CHRISTUS SHREVEPORT-BOSSIER HEALTH SYSTEM,LA,Acute Care Hospitals,Voluntary non-profit - Private,true,false,3.0,3,,21
2018,190044,ACADIA GENERAL HOSPITAL,LA,Acute Care Hospitals,Voluntary non-profit - Private,true,false,3.0,3,,21
2019,190045,ST TAMMANY PARISH HOSPITAL,LA,Acute Care Hospitals,Government - Hospital District or Authority,true,false,4.0,4,,21
2020,190046,TOURO INFIRMARY,LA,Acute Care Hospitals,Voluntary non-profit - Private,true,false,3.0,3,,21
2021,190050,BEAUREGARD MEMORIAL HOSPITAL,LA,Acute Care Hospitals,Government - Hospital District or Authority,true,false,3.0,3,,21
2022,190053,OCHSNER AMERICAN LEGION HOSPITAL,LA,Acute Care Hospitals,Voluntary non-profit - Private,true,false,2.0,2,,21
2023,190054,IBERIA MEDICAL CENTER,LA,Acute Care Hospitals,Voluntary non-profit - Private,true,false,2.0,2,,21
2024,190060,LAKE CHARLES MEMORIAL HOSPITAL,LA,Acute Care Hospitals,Voluntary non-profit - Private,true,false,3.0,3,,21
2025,190064,OUR LADY OF THE LAKE REGIONAL MEDICAL CENTER,LA,Acute Care Hospitals,Voluntary non-profit - Church,true,false,3.0,3,,21
2026,190065,BATON ROUGE GENERAL MEDICAL CENTER,LA,Acute Care Hospitals,Voluntary non-profit - Private,true,false,3.0,3,,21
2027,190079,ST CHARLES PARISH HOSPITAL,LA,Acute Care Hospitals,Government - Hospital District or Authority,true,false,,Not Available,16,21
2028,190086,NORTHERN LOUISIANA MEDICAL CENTER,LA,Acute Care Hospitals,Proprietary,true,false,2.0,2,,21
2029,190088,SPRINGHILL MEDICAL CENTER,LA,Acute Care Hospitals,Voluntary non-profit - Private,true,false,4.0,4,,21
2030,190090,WINN PARISH MEDICAL CENTER,LA,Acute Care Hospitals,Proprietary,true,false,,Not Available,16,21
2031,190098,OCHSNER LSU HEALTH SHREVEPORT,LA,Acute Care Hospitals,Voluntary non-profit - Private,true,false,2.0,2,,21
2032,190099,AVOYELLES HOSPITAL,LA,Acute Care Hospitals,Proprietary,true,false,1.0,1,,21
2033,190102,"OUR LADY OF LOURDES REGIONAL MEDICAL CENTER, INC",LA,Acute Care Hospitals,Voluntary non-profit - Private,true,false,3.0,3,,21
2034,190106,OAKDALE COMMUNITY HOSPITAL,LA,Acute Care Hospitals,Proprietary,true,false,3.0,3,,21
2035,190111,WILLIS KNIGHTON MEDICAL CENTER,LA,Acute Care Hospitals,Voluntary non-profit - Private,true,false,3.0,3,,21
2036,190114,CLAIBORNE MEMORIAL MEDICAL CENTER,LA,Acute Care Hospitals,Government - Hospital District or Authority,true,false,1.0,1,,21
2037,190116,MOREHOUSE GENERAL HOSPITAL,LA,Acute Care Hospitals,Government - Hospital District or Authority,true,false,2.0,2,,21
2038,190118,DESOTO REGIONAL HEALTH SYSTEM,LA,Acute Care Hospitals,Voluntary non-profit - Private,true,false,2.0,2,,21
2039,190125,FMOL HEALTH ST FRANCIS,LA,Acute Care Hospitals,Voluntary non-profit - Private,true,false,3.0,3,,21
2040,190128,WOMANS HOSPITAL,LA,Acute Care Hospitals,Voluntary non-profit - Private,true,false,4.0,4,,21
2041,190133,ALLEN PARISH HOSPITAL,LA,Acute Care Hospitals,Government - Hospital District or Authority,true,false,,Not Available,16,21
2042,190140,FRANKLIN MEDICAL CENTER,LA,Acute Care Hospitals,Government - Hospital District or Authority,true,false,,Not Available,16,21
2043,190144,MINDEN MEDICAL CENTER,LA,Acute Care Hospitals,Proprietary,true,false,2.0,2,,21
2044,190145,LASALLE GENERAL HOSPITAL,LA,Acute Care Hospitals,Government - Hospital District or Authority,true,false,1.0,1,,21
2045,190151,RICHARDSON MEDICAL CENTER,LA,Acute Care Hospitals,Government - Hospital District or Authority,true,false,,Not Available,16,21
2046,190160,GLENWOOD REGIONAL MEDICAL CENTER,LA,Acute Care Hospitals,Proprietary,true,false,2.0,2,,21
2047,190164,BYRD REGIONAL HOSPITAL,LA,Acute Care Hospitals,Proprietary,true,false,2.0,2,,21
2048,190167,MERCY REGIONAL MEDICAL CENTER,LA,Acute Care Hospitals,Proprietary,true,false,3.0,3,,21
2049,190176,EAST JEFFERSON GENERAL HOSPITAL,LA,Acute Care Hospitals,Voluntary non-profit - Private,true,false,2.0,2,,21
2050,190183,LEONARD J CHABERT MEDICAL CENTER,LA,Acute Care Hospitals,Voluntary non-profit - Other,true,false,3.0,3,,21
2051,190184,CITIZENS MEDICAL CENTER,LA,Acute Care Hospitals,Government - Hospital District or Authority,true,false,3.0,3,,21
2052,190190,"CALDWELL MEMORIAL HOSPITAL, INC",LA,Acute Care Hospitals,Proprietary,true,false,,Not Available,16,21
2053,190201,CHRISTUS OCHSNER LAKE AREA HOSPITAL,LA,Acute Care Hospitals,Voluntary non-profit - Private,true,false,,Not Available,16,21
2054,190202,OCHSNER MEDICAL CENTER - BATON ROUGE,LA,Acute Care Hospitals,Voluntary non-profit - Private,true,false,4.0,4,,21
2055,190208,EAST CARROLL PARISH HOSPITAL,LA,Acute Care Hospitals,Government - Hospital District or Authority,true,false,,Not Available,16,21
2056,190218,SABINE MEDICAL CENTER,LA,Acute Care Hospitals,Proprietary,true,false,,Not Available,16,21
2057,190241,PHYSICIANS MEDICAL CENTER,LA,Acute Care Hospitals,Physician,true,false,,Not Available,16,21
2058,190245,MONROE SURGICAL HOSPITAL,LA,Acute Care Hospitals,Proprietary,true,false,,Not Available,16,21
2059,190251,SURGICAL SPECIALTY CENTER OF BATON ROUGE,LA,Acute Care Hospitals,Physician,true,false,,Not Available,16,21
2060,190255,PARK PLACE SURGICAL HOSPITAL,LA,Acute Care Hospitals,Proprietary,true,false,,Not Available,16,21
2061,190256,STERLING SURGICAL HOSPITAL,LA,Acute Care Hospitals,Proprietary,true,false,,Not Available,16,21
2062,190259,LAFAYETTE SURGICAL SPECIALTY HOSPITAL,LA,Acute Care Hospitals,Physician,true,false,,Not Available,16,21
2063,190266,THE SPINE HOSPITAL OF LOUISIANA,LA,Acute Care Hospitals,Physician,true,false,,Not Available,16,21
2064,190267,AVALA,LA,Acute Care Hospitals,Physician,true,false,,Not Available,16,21
2065,190270,OUR LADY OF THE LAKE SURGICAL HOSPITAL,LA,Acute Care Hospitals,Physician,true,false,,Not Available,16,21
2066,190274,OCHSNER MEDICAL CENTER-KENNER,LA,Acute Care Hospitals,Voluntary non-profit - Private,true,false,4.0,4,,21
2067,190278,SPECIALISTS HOSPITAL SHREVEPORT,LA,Acute Care Hospitals,Proprietary,true,false,,Not Available,16,21
2068,190298,CHRISTUS CENTRAL LOUISIANA SURGICAL HOSPITAL,LA,Acute Care Hospitals,Proprietary,true,false,,Not Available,16,21
2069,190300,ST CHARLES SURGICAL HOSPITAL,LA,Acute Care Hospitals,Physician,true,false,,Not Available,16,21
2070,190302,"OMEGA HOSPITAL, LLC",LA,Acute Care Hospitals,Physician,true,false,,Not Available,19,21
2071,190303,CYPRESS POINTE SURGICAL HOSPITAL,LA,Acute Care Hospitals,Proprietary,true,false,,Not Available,16,21
2072,190308,ST BERNARD PARISH HOSPITAL,LA,Acute Care Hospitals,Government - Hospital District or Authority,true,false,4.0,4,,21
2073,190312,OUR LADY OF THE ANGELS HOSPITAL,LA,Acute Care Hospitals,Voluntary non-profit - Private,true,false,4.0,4,,21
2074,190313,NEW ORLEANS EAST HOSPITAL,LA,Acute Care Hospitals,Government - Hospital District or Authority,true,false,,Not Available,16,21
2075,190316,THE GENERAL,LA,Acute Care Hospitals,Voluntary non-profit - Private,true,false,,Not Available,16,21
2076,190317,OCHSNER LSU HEALTH SHREVEPORT-ST MARY MEDICAL CENT,LA,Acute Care Hospitals,Voluntary non-profit - Private,true,false,2.0,2,,21
2077,190318,ACADIAN MEDICAL CENTER,LA,Acute Care Hospitals,Proprietary,true,false,3.0,3,,21
2078,190319,ALEXANDRIA HOSPITAL,LA,Acute Care Hospitals,Proprietary,true,false,,Not Available,5,21
2079,19043F,ALEXANDRIA VA MEDICAL CENTER,LA,Acute Care - Veterans Administration,Veterans Health Administration,true,true,,Not Available,16,21
2080,19047F,SOUTHEAST LOUISIANA VETERANS HEALTH CARE SYSTEM,LA,Acute Care - Veterans Administration,Veterans Health Administration,true,true,3.0,3,,21
2081,19048F,OVERTON BROOKS VA MEDICAL CENTER (SHREVEPORT),LA,Acute Care - Veterans Administration,Veterans Health Administration,true,true,2.0,2,,21
2082,19050F,Bayne-Jones ACH (Ft Johnson),LA,Acute Care - Department of Defense,Department of Defense,true,true,,Not Available,22,21
2083,190779,ASSUMPTION COMMUNITY HOSPITAL,LA,Rural Emergency Hospital,Voluntary non-profit - Private,true,false,,Not Available,19,21
2084,191300,ST HELENA PARISH HOSPITAL,LA,Critical Access Hospitals,Government - Hospital District or Authority,true,false,,Not Available,16,21
2085,191301,UNION GENERAL HOSPITAL,LA,Critical Access Hospitals,Voluntary non-profit - Private,true,false,,Not Available,16,21
2086,191302,OCHSNER ST MARTIN HOSPITAL,LA,Critical Access Hospitals,Voluntary non-profit - Private,true,false,,Not Available,16,21
2087,191304,NORTH CADDO MEDICAL CENTER,LA,Critical Access Hospitals,Government - Hospital District or Authority,true,false,,Not Available,16,21
2088,191305,ST JAMES PARISH HOSPITAL,LA,Critical Access Hospitals,Government - Hospital District or Authority,true,false,,Not Available,16,21
2089,191306,WEST FELICIANA PARISH HOSPITAL,LA,Critical Access Hospitals,Government - Hospital District or Authority,true,false,,Not Available,16,21
2090,191307,DEQUINCY MEMORIAL HOSPITAL,LA,Critical Access Hospitals,Proprietary,true,false,,Not Available,16,21
2091,191308,PREVOST MEMORIAL HOSPITAL,LA,Critical Access Hospitals,Government - Hospital District or Authority,true,false,,Not Available,5,21
2092,191309,HOOD MEMORIAL HOSPITAL,LA,Critical Access Hospitals,Government - Hospital District or Authority,true,false,,Not Available,16,21
2093,191310,BAYOU BEND HEALTH SYSTEM,LA,Critical Access Hospitals,Government - Hospital District or Authority,true,false,,Not Available,16,21
2094,191311,BUNKIE GENERAL HOSPITAL,LA,Critical Access Hospitals,Government - Hospital District or Authority,true,false,,Not Available,16,21
2095,191312,CHRISTUS COUSHATTA HEALTH CARE CENTER,LA,Critical Access Hospitals,Voluntary non-profit - Private,true,false,4.0,4,,21
2096,191313,RIVERSIDE MEDICAL CENTER,LA,Critical Access Hospitals,Government - Hospital District or Authority,true,false,,Not Available,16,21
2097,191314,MADISON PARISH HOSPITAL,LA,Critical Access Hospitals,Government - Hospital District or Authority,true,false,,Not Available,5,21
2098,191315,HARDTNER MEDICAL CENTER,LA,Critical Access Hospitals,Government - Hospital District or Authority,true,false,,Not Available,16,21
2099,191316,POINTE COUPEE GENERAL HOSPITAL,LA,Critical Access Hospitals,Government - Hospital District or Authority,true,false,,Not Available,16,21
2100,191317,JACKSON PARISH HOSPITAL,LA,Critical Access Hospitals,Government - Hospital District or Authority,true,false,,Not Available,16,21
2101,191318,RIVERLAND MEDICAL CENTER,LA,Critical Access Hospitals,Government - Hospital District or Authority,true,false,,Not Available,16,21
2102,191319,ACADIA ST LANDRY,LA,Critical Access Hospitals,Government - Hospital District or Authority,true,false,,Not Available,16,21
2103,191320,BIENVILLE MEDICAL CENTER,LA,Critical Access Hospitals,Proprietary,true,false,,Not Available,16,21
2104,191321,LALLIE KEMP MEDICAL CENTER,LA,Critical Access Hospitals,Government - State,true,false,,Not Available,16,21
2105,191322,ABROM KAPLAN MEMORIAL HOSPITAL,LA,Critical Access Hospitals,Voluntary non-profit - Private,true,false,,Not Available,16,21
2106,191323,RICHLAND PARISH HOSPITAL-DELHI,LA,Critical Access Hospitals,Government - Hospital District or Authority,true,false,,Not Available,16,21
2107,191324,OCHSNER ST ANNE GENERAL HOSPITAL,LA,Critical Access Hospitals,Voluntary non-profit - Other,true,false,,Not Available,16,21
2108,191325,LADY OF THE SEA GENERAL HOSPITAL,LA,Critical Access Hospitals,Government - Hospital District or Authority,true,false,,Not Available,16,21
2109,191326,REEVES MEMORIAL MEDICAL CENTER,LA,Critical Access Hospitals,Government - Hospital District or Authority,true,false,,Not Available,16,21
2110,191327,WEST CARROLL MEMORIAL HOSPITAL,LA,Critical Access Hospitals,Proprietary,true,false,,Not Available,16,21
2111,192008,SAGE SPECIALTY HOSPITAL,LA,Long-term,Proprietary,true,false,,Not Available,19,21
2112,192010,INTENSIVE SPECIALTY HOSPITAL,LA,Long-term,Voluntary non-profit - Private,true,false,,Not Available,19,21
2113,193300,CHILDRENS HOSPITAL,LA,Childrens,Voluntary non-profit - Private,true,false,,Not Available,19,21
2114,194007,NORTHLAKE BEHAVIORAL HEALTH SYSTEM,LA,Psychiatric,Voluntary non-profit - Private,true,false,,Not Available,19,21
2115,194008,EASTERN LA MENTAL HEALTH SYSTEM,LA,Psychiatric,Government - State,true,false,,Not Available,19,21
2116,194020,BRENTWOOD HOSPITAL,LA,Psychiatric,Proprietary,true,false,,Not Available,19,21
2117,194022,LONGLEAF HOSPITAL,LA,Psychiatric,Proprietary,true,false,,Not Available,19,21
2118,194025,CENTRAL LOUISIANA STATE HOSPITAL,LA,Psychiatric,Government - State,true,false,,Not Available,19,21
2119,194031,RIVER OAKS HOSPITAL,LA,Psychiatric,Proprietary,true,false,,Not Available,19,21
2120,194044,VERMILION BEHAVIORAL HEALTH SYSTEMS,LA,Psychiatric,Proprietary,true,false,,Not Available,19,21
2121,194056,COMMUNITY CARE HOSPITAL,LA,Psychiatric,Proprietary,true,false,,Not Available,19,21
2122,194069,GREENBRIER BEHAVIORAL HEALTH,LA,Psychiatric,Proprietary,true,false,,Not Available,19,21
2123,194073,OCEANS HOSPITAL OF BROUSSARD,LA,Psychiatric,Proprietary,true,false,,Not Available,19,21
2124,194074,SERENITY SPRINGS SPECIALTY HOSPITAL,LA,Psychiatric,Proprietary,true,false,,Not Available,19,21
2125,194079,"RED RIVER BEHAVIORAL CENTER, LLC",LA,Psychiatric,Proprietary,true,false,,Not Available,19,21
2126,194080,"BEACON BEHAVIORAL HOSPITAL - NORTHSHORE, LLC",LA,Psychiatric,Proprietary,true,false,,Not Available,19,21
2127,194081,OCEANS BEHAVIORAL HOSPITAL OF DERIDDER,LA,Psychiatric,Proprietary,true,false,,Not Available,19,21
2128,194082,COMPASS SENIOR CARE HOSPITAL,LA,Psychiatric,Proprietary,true,false,,Not Available,19,21
2129,194083,FREEDOM BEHAVIORAL HOSPITAL OF BASTROP,LA,Psychiatric,Proprietary,true,false,,Not Available,19,21
2130,194084,"BEACON BEHAVIORAL HOSPITAL- NEW ORLEANS, LLC",LA,Psychiatric,Proprietary,true,false,,Not Available,19,21
2131,194085,COMPASS BEHAVIORAL CENTER OF LAFAYETTE,LA,Psychiatric,Proprietary,true,false,,Not Available,19,21
2132,194086,OCEANS BEHAVIORAL HOSPITAL OF BATON ROUGE,LA,Psychiatric,Proprietary,true,false,,Not Available,19,21
2133,194087,FREEDOM BEHAVIORAL HOSPITAL OF MONROE,LA,Psychiatric,Proprietary,true,false,,Not Available,19,21
2134,194088,"ST JAMES BEHAVIORAL HEALTH HOSPITAL, INC",LA,Psychiatric,Physician,true,false,,Not Available,19,21
2135,194089,GENESIS BEHAVIORAL HOSPITAL,LA,Psychiatric,Proprietary,true,false,,Not Available,19,21
2136,194090,OCEANS BEHAVIORAL HOSPITAL OF LAKE CHARLES,LA,Psychiatric,Proprietary,true,false,,Not Available,19,21
2137,194091,OCEANS BEHAVIORAL HOSPITAL OF KENTWOOD,LA,Psychiatric,Proprietary,true,false,,Not Available,19,21
2138,194094,PHYSICIANS BEHAVIORAL HOSPITAL,LA,Psychiatric,Proprietary,true,false,,Not Available,19,21
2139,194095,OCEANS BEHAVIORAL HOSPITAL OF OPELOUSAS,LA,Psychiatric,Proprietary,true,false,,Not Available,19,21
2140,194096,OCEANS BEHAVIORAL HOSPITAL OF ALEXANDRIA,LA,Psychiatric,Proprietary,true,false,,Not Available,19,21
2141,194098,OCEANS BEHAVIORAL HOSPITAL OF GREATER NEW ORLEANS,LA,Psychiatric,Proprietary,true,false,,Not Available,19,21
2142,194102,"BEACON BEHAVIORAL HOSPITAL, LLC",LA,Psychiatric,Proprietary,true,false,,Not Available,19,21
2143,194103,SEASIDE HEALTH SYSTEM,LA,Psychiatric,Government - Federal,true,false,,Not Available,19,21
2144,194105,"APOLLO BEHAVIORAL HEALTH HOSPITAL, L L C",LA,Psychiatric,Proprietary,true,false,,Not Available,19,21
2145,194106,"COMPASS BEHAVIORAL CENTER OF ALEXANDRIA, INC",LA,Psychiatric,Proprietary,true,false,,Not Available,19,21
2146,194107,BATON ROUGE BEHAVIORAL HOSPITAL,LA,Psychiatric,Proprietary,true,false,,Not Available,19,21
2147,194109,"COMPASS BEHAVIORAL CENTER OF HOUMA, LLC",LA,Psychiatric,Proprietary,true,false,,Not Available,19,21
2148,194112,BEACON BEHAVIORAL HOSPITAL - CENTRAL,LA,Psychiatric,Proprietary,true,false,,Not Available,19,21
2149,194113,PERIMETER BEHAVIORAL HOSPITAL OF NEW ORLEANS,LA,Psychiatric,Proprietary,true,false,,Not Available,19,21
2150,194114,RIVER PLACE BEHAVIORAL HEALTH,LA,Psychiatric,Proprietary,true,false,,Not Available,19,21
2151,194115,REGIONS BEHAVIORAL HOSPITAL,LA,Psychiatric,Proprietary,true,false,,Not Available,19,21
2152,194116,LOUISIANA BEHAVIORAL HEALTH,LA,Psychiatric,Proprietary,true,false,,Not Available,19,21
2153,194117,UNIVERSAL BEHAVIORAL HEALTH HOSPITAL,LA,Psychiatric,Proprietary,true,false,,Not Available,19,21
2154,194118,MERCY BEHAVIORAL HOSPITAL,LA,Psychiatric,Proprietary,true,false,,Not Available,19,21
2155,194119,FREEDOM BEHAVIORAL HOSPITAL OF FERRIDAY,LA,Psychiatric,Proprietary,true,false,,Not Available,19,21
2156,194120,STONEBRIDGE BEHAVIORAL HOSPITAL,LA,Psychiatric,Proprietary,true,false,,Not Available,19,21
2157,194121,FREEDOM BEHAVIORAL HOSPITAL OF LEESVILLE,LA,Psychiatric,Proprietary,true,false,,Not Available,19,21
2158,200001,ST JOSEPH HOSPITAL,ME,Acute Care Hospitals,Voluntary non-profit - Church,true,false,3.0,3,,24
2159,200008,NORTHERN LIGHT MERCY HOSPITAL,ME,Acute Care Hospitals,Voluntary non-profit - Church,true,false,4.0,4,,24
2160,200009,MAINEHEALTH MAINE MEDICAL CENTER,ME,Acute Care Hospitals,Voluntary non-profit - Private,true,false,4.0,4,,24
2161,200018,NORTHERN LIGHT  A R GOULD HOSPITAL,ME,Acute Care Hospitals,Voluntary non-profit - Private,true,false,2.0,2,,24
2162,200020,YORK HOSPITAL,ME,Acute Care Hospitals,Voluntary non-profit - Private,true,false,4.0,4,,24
2163,200021,MAINEHEALTH MID COAST HOSPITAL,ME,Acute Care Hospitals,Voluntary non-profit - Private,true,false,3.0,3,,24
2164,200024,CENTRAL MAINE MEDICAL CENTER,ME,Acute Care Hospitals,Voluntary non-profit - Private,true,false,4.0,4,,24
2165,200031,CARY MEDICAL CENTER,ME,Acute Care Hospitals,Government - Local,true,false,1.0,1,,24
2166,200033,NORTHERN LIGHT EASTERN MAINE MEDICAL CENTER,ME,Acute Care Hospitals,Voluntary non-profit - Private,true,false,5.0,5,,24
2167,200034,ST MARY'S REGIONAL MEDICAL CENTER,ME,Acute Care Hospitals,Voluntary non-profit - Church,true,false,4.0,4,,24
2168,200039,MAINE GENERAL MEDICAL CENTER,ME,Acute Care Hospitals,Voluntary non-profit - Other,true,false,4.0,4,,24
2169,20003F,TOGUS VA MEDICAL CENTER,ME,Acute Care - Veterans Administration,Veterans Health Administration,true,true,4.0,4,,24
2170,200050,NORTHERN LIGHT MAINE COAST HOSPITAL,ME,Acute Care Hospitals,Voluntary non-profit - Other,true,false,3.0,3,,24
2171,200063,MAINEHEALTH PEN BAY HOSPITAL,ME,Acute Care Hospitals,Voluntary non-profit - Private,true,false,3.0,3,,24
2172,201300,NORTHERN LIGHT BLUE HILL MEMORIAL HOSPITAL,ME,Critical Access Hospitals,Voluntary non-profit - Private,true,false,,Not Available,16,24
2173,201301,NORTHERN LIGHT C A DEAN HOSPITAL,ME,Critical Access Hospitals,Government - Hospital District or Authority,true,false,,Not Available,16,24
2174,201302,LINCOLNHEALTH,ME,Critical Access Hospitals,Voluntary non-profit - Private,true,false,3.0,3,,24
2175,201303,PENOBSCOT VALLEY HOSPITAL,ME,Critical Access Hospitals,Voluntary non-profit - Private,true,false,,Not Available,16,24
2176,201304,MOUNT DESERT ISLAND HOSPITAL,ME,Critical Access Hospitals,Voluntary non-profit - Private,true,false,,Not Available,16,24
2177,201305,CALAIS COMMUNITY HOSPITAL,ME,Critical Access Hospitals,Voluntary non-profit - Private,true,false,,Not Available,16,24
2178,201306,RUMFORD  HOSPITAL,ME,Critical Access Hospitals,Proprietary,true,false,,Not Available,16,24
2179,201307,MILLINOCKET REGIONAL HOSPITAL,ME,Critical Access Hospitals,Voluntary non-profit - Private,true,false,,Not Available,16,24
2180,201308,HOULTON REGIONAL HOSPITAL,ME,Critical Access Hospitals,Voluntary non-profit - Private,true,false,3.0,3,,24
2181,201309,NORTHERN LIGHT MAYO HOSPITAL,ME,Critical Access Hospitals,Government - Hospital District or Authority,true,false,2.0,2,,24
2182,201310,BRIDGTON HOSPITAL,ME,Critical Access Hospitals,Voluntary non-profit - Private,true,false,3.0,3,,24
2183,201311,DOWN EAST COMMUNITY HOSPITAL,ME,Critical Access Hospitals,Voluntary non-profit - Private,true,false,4.0,4,,24
2184,201312,MAINEHEALTH WALDO HOSPITAL,ME,Critical Access Hospitals,Voluntary non-profit - Private,true,false,3.0,3,,24
2185,201313,NORTHERN LIGHT SEBASTICOOK VALLEY HOSPITAL,ME,Critical Access Hospitals,Voluntary non-profit - Private,true,false,2.0,2,,24
2186,201314,REDINGTON FAIRVIEW GENERAL HOSPITAL,ME,Critical Access Hospitals,Voluntary non-profit - Private,true,false,2.0,2,,24
2187,201315,MAINEHEALTH STEPHENS HOSPITAL,ME,Critical Access Hospitals,Voluntary non-profit - Private,true,false,4.0,4,,24
2188,201316,MAINEHEALTH FRANKLIN HOSPITAL,ME,Critical Access Hospitals,Voluntary non-profit - Private,true,false,3.0,3,,24
2189,201317,NORTHERN MAINE MEDICAL CENTER,ME,Critical Access Hospitals,Voluntary non-profit - Private,true,false,,Not Available,5,24
2190,204004,DOROTHEA DIX PSYCHIATRIC CENTER,ME,Psychiatric,Government - Local,true,false,,Not Available,19,24
2191,204005,MAINEHEALTH BEHAVIORAL HEALTH AT SPRING HARBOR,ME,Psychiatric,Government - Federal,true,false,,Not Available,19,24
2192,204006,NORTHERN LIGHT ACADIA HOSPITAL,ME,Psychiatric,Voluntary non-profit - Private,true,false,,Not Available,19,24
2193,204008,RIVERVIEW PSYCHIATRIC CENTER,ME,Psychiatric,Government - State,true,false,,Not Available,19,24
2194,210001,MERITUS MEDICAL CENTER,MD,Acute Care Hospitals,Voluntary non-profit - Private,true,false,3.0,3,,23
2195,210002,UNIVERSITY OF MARYLAND MEDICAL CENTER,MD,Acute Care Hospitals,Voluntary non-profit - Private,true,false,3.0,3,,23
2196,210003,UNIVERSITY OF MD CAPITAL REGION MEDICAL CENTER,MD,Acute Care Hospitals,Voluntary non-profit - Private,true,false,1.0,1,,23
2197,210004,HOLY CROSS HOSPITAL,MD,Acute Care Hospitals,Voluntary non-profit - Church,true,false,2.0,2,,23
2198,210005,FREDERICK HEALTH HOSPITAL,MD,Acute Care Hospitals,Voluntary non-profit - Private,true,false,3.0,3,,23
2199,210008,MERCY MEDICAL CENTER INC,MD,Acute Care Hospitals,Voluntary non-profit - Church,true,false,3.0,3,,23
2200,210009,"JOHNS HOPKINS HOSPITAL, THE",MD,Acute Care Hospitals,Voluntary non-profit - Private,true,false,5.0,5,,23
2201,210011,SAINT AGNES HOSPITAL,MD,Acute Care Hospitals,Voluntary non-profit - Church,true,false,3.0,3,29,23
2202,210012,SINAI HOSPITAL OF BALTIMORE,MD,Acute Care Hospitals,Voluntary non-profit - Private,true,false,3.0,3,,23
2203,210015,MEDSTAR FRANKLIN SQUARE MEDICAL CENTER,MD,Acute Care Hospitals,Voluntary non-profit - Private,true,false,3.0,3,,23
2204,210016,ADVENTIST HEALTHCARE WHITE OAK MEDICAL CENTER,MD,Acute Care Hospitals,Voluntary non-profit - Private,true,false,3.0,3,,23
2205,210017,GARRETT REGIONAL MEDICAL CENTER,MD,Acute Care Hospitals,Voluntary non-profit - Private,true,false,4.0,4,,23
2206,210018,MEDSTAR MONTGOMERY MEDICAL CENTER,MD,Acute Care Hospitals,Voluntary non-profit - Private,true,false,3.0,3,,23
2207,210019,"TIDALHEALTH PENINSULA REGIONAL, INC",MD,Acute Care Hospitals,Voluntary non-profit - Private,true,false,4.0,4,,23
2208,210022,SUBURBAN HOSPITAL,MD,Acute Care Hospitals,Voluntary non-profit - Private,true,false,4.0,4,,23
2209,210023,"LUMINIS HEALTH ANNE ARUNDEL MEDICAL CENTER, INC",MD,Acute Care Hospitals,Voluntary non-profit - Private,true,false,3.0,3,,23
2210,210024,MEDSTAR UNION MEMORIAL HOSPITAL,MD,Acute Care Hospitals,Voluntary non-profit - Other,true,false,5.0,5,,23
2211,210027,WESTERN MARYLAND REGIONAL MEDICAL CENTER,MD,Acute Care Hospitals,Voluntary non-profit - Private,true,false,4.0,4,,23
2212,210028,MEDSTAR SAINT MARY'S HOSPITAL,MD,Acute Care Hospitals,Voluntary non-profit - Private,true,false,4.0,4,,23
2213,210029,JOHNS HOPKINS BAYVIEW MEDICAL CENTER,MD,Acute Care Hospitals,Voluntary non-profit - Private,true,false,3.0,3,,23
2214,210030,UNIVERSITY OF MD SHORE MEDICAL CTR AT CHESTERTOWN,MD,Acute Care Hospitals,Voluntary non-profit - Private,true,false,5.0,5,,23
2215,210032,UNION HOSPITAL OF CECIL COUNTY,MD,Acute Care Hospitals,Voluntary non-profit - Private,true,false,4.0,4,,23
2216,210033,CARROLL HOSPITAL CENTER,MD,Acute Care Hospitals,Voluntary non-profit - Private,true,false,3.0,3,,23
2217,210034,MEDSTAR HARBOR HOSPITAL,MD,Acute Care Hospitals,Voluntary non-profit - Private,true,false,4.0,4,,23
2218,210035,UNIVERSITY OF MD CHARLES REGIONAL  MEDICAL CENTER,MD,Acute Care Hospitals,Voluntary non-profit - Private,true,false,3.0,3,,23
2219,210037,UNIVERSITY OF MD SHORE MEDICAL CENTER AT EASTON,MD,Acute Care Hospitals,Voluntary non-profit - Private,true,false,4.0,4,,23
2220,210038,UNIVERSITY OF MD MEDICAL CENTER MIDTOWN CAMPUS,MD,Acute Care Hospitals,Voluntary non-profit - Other,true,false,3.0,3,,23
2221,210039,CALVERTHEALTH MEDICAL CENTER,MD,Acute Care Hospitals,Voluntary non-profit - Other,true,false,5.0,5,,23
2222,210040,NORTHWEST HOSPITAL CENTER,MD,Acute Care Hospitals,Voluntary non-profit - Private,true,false,2.0,2,,23
2223,210043,UNIVERSITY OF MD BALTIMORE WASHINGTON MEDICAL CENTER,MD,Acute Care Hospitals,Voluntary non-profit - Other,true,false,5.0,5,,23
2224,210044,GREATER BALTIMORE MEDICAL CENTER,MD,Acute Care Hospitals,Voluntary non-profit - Private,true,false,5.0,5,,23
2225,210048,JOHNS HOPKINS HOWARD COUNTY MEDICAL CENTER,MD,Acute Care Hospitals,Voluntary non-profit - Private,true,false,3.0,3,,23
2226,210049,UMD UPPER CHESAPEAKE MEDICAL CENTER,MD,Acute Care Hospitals,Voluntary non-profit - Other,true,false,2.0,2,,23
2227,210051,"LUMINIS HEALTH DOCTORS COMMUNITY MEDICAL CTR, INC",MD,Acute Care Hospitals,Proprietary,true,false,3.0,3,,23
2228,210056,MEDSTAR GOOD SAMARITAN HOSPITAL,MD,Acute Care Hospitals,Voluntary non-profit - Other,true,false,3.0,3,,23
2229,210057,ADVENTIST HEALTHCARE SHADY GROVE MEDICAL CENTER,MD,Acute Care Hospitals,Voluntary non-profit - Private,true,false,2.0,2,,23
2230,210058,UMD REHABILITATION &  ORTHOPAEDIC INSTITUTE,MD,Acute Care Hospitals,Voluntary non-profit - Private,true,false,,Not Available,16,23
2231,210060,ADVENTIST HEALTHCARE FORT WASHINGTON MEDICAL CTR,MD,Acute Care Hospitals,Voluntary non-profit - Other,true,false,4.0,4,,23
2232,210061,ATLANTIC GENERAL HOSPITAL,MD,Acute Care Hospitals,Voluntary non-profit - Private,true,false,3.0,3,,23
2233,210062,MEDSTAR SOUTHERN MARYLAND HOSPITAL CENTER,MD,Acute Care Hospitals,Voluntary non-profit - Private,true,false,2.0,2,,23
2234,210063,UNIVERSITY OF MD ST JOSEPH MEDICAL CENTER,MD,Acute Care Hospitals,Voluntary non-profit - Private,true,false,5.0,5,,23
2235,210064,LEVINDALE HEBREW GERIATRIC CENTER AND HOSPITAL,MD,Acute Care Hospitals,Voluntary non-profit - Private,true,false,,Not Available,16,23
2236,210065,HOLY CROSS GERMANTOWN HOSPITAL,MD,Acute Care Hospitals,Voluntary non-profit - Private,true,false,1.0,1,,23
2237,21007F,Walter Reed National Military Med Cen,MD,Acute Care - Department of Defense,Department of Defense,true,true,,Not Available,22,23
2238,21010F,VA MARYLAND HEALTHCARE SYSTEM - PERRY POINT,MD,Acute Care - Veterans Administration,Veterans Health Administration,true,true,,Not Available,16,23
2239,21020F,VA MARYLAND HEALTHCARE SYSTEM - BALTIMORE,MD,Acute Care - Veterans Administration,Veterans Health Administration,true,true,2.0,2,,23
2240,213300,MOUNT WASHINGTON PEDIATRIC HOSPITAL,MD,Childrens,Voluntary non-profit - Private,true,false,,Not Available,19,23
2241,213301,KENNEDY KRIEGER INSTITUTE,MD,Childrens,Voluntary non-profit - Private,true,false,,Not Available,19,23
2242,214000,"SHEPPARD AND ENOCH PRATT HOSPITAL, THE",MD,Psychiatric,Voluntary non-profit - Private,true,false,,Not Available,19,23
2243,214002,EASTERN SHORE HOSPITAL CENTER,MD,Psychiatric,Government - State,true,false,,Not Available,19,23
2244,214003,BROOK LANE HEALTH SERVICES,MD,Psychiatric,Voluntary non-profit - Private,true,false,,Not Available,19,23
2245,214004,SPRINGFIELD HOSPITAL CENTER,MD,Psychiatric,Government - State,true,false,,Not Available,19,23
2246,214012,THOMAS B FINAN CENTER,MD,Psychiatric,Government - Local,true,false,,Not Available,19,23
2247,214018,SPRING GROVE HOSPITAL CENTER,MD,Psychiatric,Government - State,true,false,,Not Available,19,23
2248,214020,LUMINIS HEALTH J KENT MCNEW FAMILY MEDICAL CENTER,MD,Psychiatric,Voluntary non-profit - Private,true,false,,Not Available,19,23
2249,214022,UM UPPER CHESAPEAKE BEHAVIORAL HEALTH PAVILION AT,MD,Psychiatric,Voluntary non-profit - Private,true,false,,Not Available,19,23
2250,220001,UMASS MEMORIAL HEALTHALLIANCE HOSPITALS,MA,Acute Care Hospitals,Voluntary non-profit - Other,true,false,3.0,3,,22
2251,220002,MOUNT AUBURN HOSPITAL,MA,Acute Care Hospitals,Voluntary non-profit - Private,true,false,4.0,4,,22
2252,220008,STURDY MEMORIAL HOSPITAL,MA,Acute Care Hospitals,Voluntary non-profit - Other,true,false,3.0,3,,22
2253,220010,MERRIMACK HEALTH LAWRENCE HOSPITAL,MA,Acute Care Hospitals,Voluntary non-profit - Private,true,false,2.0,2,,22
2254,220011,CAMBRIDGE HEALTH ALLIANCE,MA,Acute Care Hospitals,Government - Local,true,false,3.0,3,,22
2255,220012,CAPE COD HOSPITAL,MA,Acute Care Hospitals,Voluntary non-profit - Private,true,false,2.0,2,,22
2256,220015,"COOLEY DICKINSON HOSPITAL INC,THE",MA,Acute Care Hospitals,Voluntary non-profit - Private,true,false,2.0,2,,22
2257,220016,BAYSTATE FRANKLIN MEDICAL CENTER,MA,Acute Care Hospitals,Voluntary non-profit - Private,true,false,3.0,3,,22
2258,220017,CARNEY HOSPITAL,MA,Acute Care Hospitals,Proprietary,true,false,,Not Available,19,22
2259,220019,UMASS MEMORIAL HEALTH - HARRINGTON HOSPITAL,MA,Acute Care Hospitals,Voluntary non-profit - Private,true,false,3.0,3,,22
2260,22001F,BEDFORD VA MEDICAL CENTER,MA,Acute Care - Veterans Administration,Veterans Health Administration,true,true,,Not Available,16,22
2261,220020,SAINT ANNE'S HOSPITAL,MA,Acute Care Hospitals,Proprietary,true,false,3.0,3,,22
2262,220024,HOLYOKE MEDICAL CENTER,MA,Acute Care Hospitals,Voluntary non-profit - Private,true,false,4.0,4,,22
2263,220029,ANNA JAQUES HOSPITAL,MA,Acute Care Hospitals,Voluntary non-profit - Private,true,false,3.0,3,,22
2264,220030,BAYSTATE WING HOSPITAL,MA,Acute Care Hospitals,Voluntary non-profit - Other,true,false,4.0,4,,22
2265,220031,BOSTON MEDICAL CENTER,MA,Acute Care Hospitals,Voluntary non-profit - Private,true,false,3.0,3,,22
2266,220033,NORTHEAST HOSPITAL CORPORATION,MA,Acute Care Hospitals,Voluntary non-profit - Private,true,false,3.0,3,,22
2267,220035,NORTH SHORE MEDICAL CENTER -,MA,Acute Care Hospitals,Voluntary non-profit - Private,true,false,5.0,5,,22
2268,220036,BOSTON MEDICAL CENTER-BRIGHTON,MA,Acute Care Hospitals,Proprietary,true,false,3.0,3,,22
2269,220046,BERKSHIRE MEDICAL CENTER,MA,Acute Care Hospitals,Voluntary non-profit - Other,true,false,4.0,4,,22
2270,220049,MARLBOROUGH HOSPITAL,MA,Acute Care Hospitals,Voluntary non-profit - Private,true,false,2.0,2,,22
2271,220052,SIGNATURE HEALTHCARE BROCKTON HOSPITAL,MA,Acute Care Hospitals,Voluntary non-profit - Other,true,false,3.0,3,,22
2272,220060,BETH ISRAEL DEACONESS HOSPITAL PLYMOUTH,MA,Acute Care Hospitals,Voluntary non-profit - Private,true,false,4.0,4,,22
2273,220062,ADCARE HOSPITAL OF WORCESTER INC,MA,Acute Care Hospitals,Proprietary,true,false,,Not Available,16,22
2274,220063,LOWELL GENERAL HOSPITAL,MA,Acute Care Hospitals,Voluntary non-profit - Private,true,false,2.0,2,,22
2275,220065,BAYSTATE NOBLE HOSPITAL,MA,Acute Care Hospitals,Voluntary non-profit - Private,true,false,2.0,2,,22
2276,220066,MERCY MEDICAL CTR,MA,Acute Care Hospitals,Voluntary non-profit - Private,true,false,2.0,2,,22
2277,220070,MELROSEWAKEFIELD HEALTHCARE,MA,Acute Care Hospitals,Voluntary non-profit - Private,true,false,3.0,3,,22
2278,220071,MASSACHUSETTS GENERAL HOSPITAL,MA,Acute Care Hospitals,Voluntary non-profit - Private,true,false,5.0,5,,22
2279,220073,BROWN UNIVERSITY HEALTH MORTON HOSPITAL,MA,Acute Care Hospitals,Proprietary,true,false,1.0,1,,22
2280,220074,SOUTHCOAST HOSPITALS GROUP,MA,Acute Care Hospitals,Voluntary non-profit - Private,true,false,4.0,4,,22
2281,220075,MASSACHUSETTS EYE AND EAR INFIRMARY -,MA,Acute Care Hospitals,Voluntary non-profit - Private,true,false,,Not Available,16,22
2282,220077,BAYSTATE MEDICAL CENTER,MA,Acute Care Hospitals,Voluntary non-profit - Private,true,false,2.0,2,,22
2283,220080,HOLY FAMILY HOSPITAL,MA,Acute Care Hospitals,Proprietary,true,false,2.0,2,,22
2284,220083,BETH ISRAEL DEACONESS HOSPITAL - NEEDHAM,MA,Acute Care Hospitals,Voluntary non-profit - Private,true,false,5.0,5,,22
2285,220084,EMERSON HOSPITAL -,MA,Acute Care Hospitals,Voluntary non-profit - Private,true,false,5.0,5,,22
2286,220086,BETH ISRAEL DEACONESS MEDICAL CENTER,MA,Acute Care Hospitals,Voluntary non-profit - Private,true,false,3.0,3,,22
2287,220088,NEW ENGLAND BAPTIST HOSPITAL,MA,Acute Care Hospitals,Voluntary non-profit - Private,true,false,5.0,5,,22
2288,220090,MILFORD REGIONAL MEDICAL CENTER,MA,Acute Care Hospitals,Voluntary non-profit - Other,true,false,4.0,4,,22
2289,220095,HEYWOOD HOSPITAL -,MA,Acute Care Hospitals,Voluntary non-profit - Private,true,false,2.0,2,,22
2290,220098,NASHOBA VALLEY MEDICAL CENTER,MA,Acute Care Hospitals,Proprietary,true,false,,Not Available,19,22
2291,22009F,NORTHAMPTON VA MEDICAL CENTER,MA,Acute Care - Veterans Administration,Veterans Health Administration,true,true,,Not Available,16,22
2292,220100,SOUTH SHORE HOSPITAL,MA,Acute Care Hospitals,Voluntary non-profit - Private,true,false,2.0,2,,22
2293,220101,NEWTON-WELLESLEY HOSPITAL,MA,Acute Care Hospitals,Voluntary non-profit - Private,true,false,5.0,5,,22
2294,220105,WINCHESTER HOSPITAL,MA,Acute Care Hospitals,Voluntary non-profit - Private,true,false,3.0,3,,22
2295,220108,BETH ISRAEL DEACONESS HOSPITAL - MILTON,MA,Acute Care Hospitals,Government - Federal,true,false,4.0,4,,22
2296,22010F,VA BOSTON HEALTHCARE SYSTEM - JAMAICA PLAIN,MA,Acute Care - Veterans Administration,Veterans Health Administration,true,true,4.0,4,,22
2297,220110,BRIGHAM AND WOMEN'S HOSPITAL,MA,Acute Care Hospitals,Voluntary non-profit - Private,true,false,5.0,5,,22
2298,220111,GOOD SAMARITAN MEDICAL CENTER,MA,Acute Care Hospitals,Proprietary,true,false,2.0,2,,22
2299,220116,TUFTS MEDICAL CENTER,MA,Acute Care Hospitals,Voluntary non-profit - Private,true,false,2.0,2,,22
2300,220119,BRIGHAM AND WOMEN FAULKNER HOSPITAL,MA,Acute Care Hospitals,Voluntary non-profit - Private,true,false,5.0,5,,22
2301,220126,NORWOOD HOSPITAL,MA,Acute Care Hospitals,Proprietary,true,false,,Not Available,16,22
2302,220135,FALMOUTH HOSPITAL,MA,Acute Care Hospitals,Voluntary non-profit - Private,true,false,4.0,4,,22
2303,220163,UMASS MEMORIAL MEDICAL CENTER/UNIVERSITY CAMPUS,MA,Acute Care Hospitals,Voluntary non-profit - Private,true,false,3.0,3,,22
2304,220171,"LAHEY HOSPITAL & MEDICAL CENTER, BURLINGTON",MA,Acute Care Hospitals,Voluntary non-profit - Private,true,false,4.0,4,,22
2305,220175,METROWEST MEDICAL CENTER,MA,Acute Care Hospitals,Voluntary non-profit - Private,true,false,1.0,1,,22
2306,220176,ST VINCENT HOSPITAL,MA,Acute Care Hospitals,Proprietary,true,false,2.0,2,,22
2307,220177,NANTUCKET COTTAGE HOSPITAL,MA,Acute Care Hospitals,Voluntary non-profit - Private,true,false,3.0,3,,22
2308,221300,MARTHA'S VINEYARD HOSPITAL INC,MA,Critical Access Hospitals,Voluntary non-profit - Private,true,false,4.0,4,,22
2309,221302,FAIRVIEW HOSPITAL,MA,Critical Access Hospitals,Voluntary non-profit - Private,true,false,5.0,5,,22
2310,221303,ATHOL MEMORIAL HOSPITAL,MA,Critical Access Hospitals,Voluntary non-profit - Private,true,false,2.0,2,,22
2311,221304,NORTH ADAMS REGIONAL HOSPITAL CORPORATION,MA,Critical Access Hospitals,Government - Federal,true,false,,Not Available,5,22
2312,223300,FRANCISCAN CHILDREN'S HOSPITAL & REHAB CENTER,MA,Childrens,Voluntary non-profit - Private,true,false,,Not Available,19,22
2313,223302,BOSTON CHILDREN'S HOSPITAL,MA,Childrens,Voluntary non-profit - Private,true,false,,Not Available,19,22
2314,223304,THE SHRINERS' HOSPITAL FOR CHILDREN - BOSTON,MA,Childrens,Proprietary,true,false,,Not Available,19,22
2315,224001,TAUNTON STATE HOSPITAL,MA,Psychiatric,Government - State,true,false,,Not Available,19,22
2316,224007,MCLEAN HOSPITAL CORPORATION,MA,Psychiatric,Voluntary non-profit - Private,true,false,,Not Available,19,22
2317,224013,ARBOUR HOSPITAL,MA,Psychiatric,Proprietary,true,false,,Not Available,19,22
2318,224018,ARBOUR HUMAN RESOURCE INSTITUTE,MA,Psychiatric,Proprietary,true,false,,Not Available,19,22
2319,224021,ARBOUR-FULLER HOSPITAL,MA,Psychiatric,Proprietary,true,false,,Not Available,19,22
2320,224022,BOURNEWOOD HOSPITAL,MA,Psychiatric,Proprietary,true,false,,Not Available,19,22
2321,224023,WESTWOOD PEMBROKE HEALTH SYSTEMS,MA,Psychiatric,Proprietary,true,false,,Not Available,19,22
2322,224028,DR JOHN C CORRIGAN MENTAL HEALTH CENTER,MA,Psychiatric,Government - State,true,false,,Not Available,19,22
2323,224031,CAPE COD & ISLANDS COMMUNITY MENTAL HEALTH CENTER,MA,Psychiatric,Government - State,true,false,,Not Available,19,22
2324,224032,WORCESTER RECOVERY CENTER AND HOSPITAL,MA,Psychiatric,Government - State,true,false,,Not Available,19,22
2325,224038,"WALDEN BEHAVIORAL CARE, LLC",MA,Psychiatric,Government - Federal,true,false,,Not Available,19,22
2326,224039,WHITTIER PAVILION,MA,Psychiatric,Proprietary,true,false,,Not Available,19,22
2327,224040,DR SOLOMON CARTER FULLER MENTAL HEALTH CENTER,MA,Psychiatric,Government - State,true,false,,Not Available,19,22
2328,224041,SOUTHCOAST BEHAVIORAL HEALTH,MA,Psychiatric,Proprietary,true,false,,Not Available,19,22
2329,224043,TARAVISTA BEHAVIORAL HEALTH CENTER,MA,Psychiatric,Proprietary,true,false,,Not Available,19,22
2330,224044,WESTBOROUGH BEHAVIORAL HEALTHCARE HOSPITAL LLC,MA,Psychiatric,Proprietary,true,false,,Not Available,19,22
2331,224045,HOSPITAL FOR BEHAVIORAL MEDICINE,MA,Psychiatric,Proprietary,true,false,,Not Available,19,22
2332,224046,MIRAVISTA BEHAVIORAL HEALTH CENTER,MA,Psychiatric,Proprietary,true,false,,Not Available,19,22
2333,224047,VALLEY SPRINGS BEHAVIORAL HEALTH HOSPITAL,MA,Psychiatric,Proprietary,true,false,,Not Available,19,22
2334,230002,ST JOE MERCY HOSPITAL SYSTEM LIVONIA,MI,Acute Care Hospitals,Voluntary non-profit - Private,true,false,2.0,2,,25
2335,230003,COREWELL HEALTH ZEELAND HOSPITAL,MI,Acute Care Hospitals,Voluntary non-profit - Private,true,false,5.0,5,,25
2336,230005,PROMEDICA CHARLES AND VIRGINIA HICKMAN HOSPITAL,MI,Acute Care Hospitals,Voluntary non-profit - Private,true,false,3.0,3,,25
2337,230015,THREE RIVERS HEALTH,MI,Acute Care Hospitals,Government - Hospital District or Authority,true,false,2.0,2,,25
2338,230017,BRONSON METHODIST HOSPITAL,MI,Acute Care Hospitals,Voluntary non-profit - Private,true,false,4.0,4,,25
2339,230019,"ASCENSION PROVIDENCE HOSPITAL, SOUTHFIELD AND NOVI",MI,Acute Care Hospitals,Voluntary non-profit - Church,true,false,4.0,4,29,25
2340,230020,BEAUMONT HOSPITAL - DEARBORN,MI,Acute Care Hospitals,Voluntary non-profit - Private,true,false,2.0,2,,25
2341,230021,"LAKELAND HOSPITAL, ST JOSEPH",MI,Acute Care Hospitals,Voluntary non-profit - Private,true,false,4.0,4,,25
2342,230022,INSIGHT HOSPITAL AND MEDICAL CENTER COLDWATER,MI,Acute Care Hospitals,Government - Local,true,false,2.0,2,,25
2343,230024,SINAI-GRACE HOSPITAL,MI,Acute Care Hospitals,Proprietary,true,false,1.0,1,,25
2344,230029,TRINITY HEALTH OAKLAND HOSPITAL,MI,Acute Care Hospitals,Voluntary non-profit - Private,true,false,2.0,2,,25
2345,230030,MYMICHIGAN MEDICAL CENTER ALMA,MI,Acute Care Hospitals,Voluntary non-profit - Private,true,false,4.0,4,,25
2346,230031,LAKE HURON MEDICAL CENTER,MI,Acute Care Hospitals,Voluntary non-profit - Church,true,false,4.0,4,,25
2347,230035,SPECTRUM HEALTH UNITED HOSPITAL,MI,Acute Care Hospitals,Voluntary non-profit - Other,true,false,4.0,4,,25
2348,230036,MYMICHIGAN MEDICAL CENTER ALPENA,MI,Acute Care Hospitals,Proprietary,true,false,3.0,3,,25
2349,230037,HILLSDALE HOSPITAL,MI,Acute Care Hospitals,Voluntary non-profit - Private,true,false,3.0,3,,25
2350,230038,SPECTRUM HEALTH,MI,Acute Care Hospitals,Voluntary non-profit - Private,true,false,4.0,4,,25
2351,230041,MCLAREN BAY REGION,MI,Acute Care Hospitals,Voluntary non-profit - Private,true,false,1.0,1,,25
2352,230046,UNIVERSITY OF MICHIGAN HEALTH SYSTEM,MI,Acute Care Hospitals,Voluntary non-profit - Private,true,false,4.0,4,,25
2353,230047,HENRY FORD MACOMB HOSPITAL,MI,Acute Care Hospitals,Voluntary non-profit - Private,true,false,3.0,3,,25
2354,230053,HENRY FORD HEALTH HOSPITAL,MI,Acute Care Hospitals,Voluntary non-profit - Private,true,false,3.0,3,,25
2355,230054,UPHS MARQUETTE DLP HOSPITAL,MI,Acute Care Hospitals,Government - Local,true,false,3.0,3,,25
2356,230055,DICKINSON COUNTY MEMORIAL HOSPITAL,MI,Acute Care Hospitals,Government - Local,true,false,2.0,2,,25
2357,230058,MUNSON HEALTHCARE GRAYLING HOSPITAL,MI,Acute Care Hospitals,Voluntary non-profit - Church,true,false,3.0,3,,25
2358,230059,MERCY HEALTH SAINT MARY'S,MI,Acute Care Hospitals,Voluntary non-profit - Church,true,false,3.0,3,,25
2359,23005F,IRON MOUNTAIN MI VA MEDICAL CENTER,MI,Acute Care - Veterans Administration,Veterans Health Administration,true,true,,Not Available,16,25
2360,230066,TRINITY HEALTH MUSKEGON HOSPITAL,MI,Acute Care Hospitals,Voluntary non-profit - Private,true,false,3.0,3,,25
2361,230069,TRINITY HEALTH LIVINGSTON HOSPITAL,MI,Acute Care Hospitals,Voluntary non-profit - Other,true,false,4.0,4,,25
2362,230070,COVENANT MEDICAL CENTER,MI,Acute Care Hospitals,Voluntary non-profit - Private,true,false,2.0,2,,25
2363,230071,STRAITH HOSPITAL FOR SPECIAL SURGERY,MI,Acute Care Hospitals,Voluntary non-profit - Private,true,false,,Not Available,16,25
2364,230072,HOLLAND HOSPITAL,MI,Acute Care Hospitals,Voluntary non-profit - Private,true,false,5.0,5,,25
2365,230075,BRONSON BATTLE CREEK HOSPITAL,MI,Acute Care Hospitals,Proprietary,true,false,3.0,3,,25
2366,230077,MYMICHIGAN MEDICAL CENTER SAGINAW,MI,Acute Care Hospitals,Voluntary non-profit - Church,true,false,3.0,3,29,25
2367,230078,COREWELL HEALTH WATERVLIET HOSPITAL,MI,Acute Care Hospitals,Voluntary non-profit - Private,true,false,,Not Available,16,25
2368,230080,MCLAREN CENTRAL MICHIGAN,MI,Acute Care Hospitals,Voluntary non-profit - Private,true,false,3.0,3,,25
2369,230081,MUNSON HEALTHCARE CADILLAC HOSPITAL,MI,Acute Care Hospitals,Voluntary non-profit - Church,true,false,4.0,4,,25
2370,230085,BRONSON SOUTH HAVEN HOSPITAL,MI,Acute Care Hospitals,Government - Hospital District or Authority,true,false,,Not Available,5,25
2371,230089,BEAUMONT HOSPITAL - GROSSE POINTE,MI,Acute Care Hospitals,Voluntary non-profit - Private,true,false,4.0,4,,25
2372,230092,HENRY FORD ALLEGIANCE HEALTH,MI,Acute Care Hospitals,Voluntary non-profit - Other,true,false,3.0,3,,25
2373,230093,COREWELL HEALTH BIG RAPIDS HOSPITAL,MI,Acute Care Hospitals,Voluntary non-profit - Private,true,false,3.0,3,,25
2374,230095,MYMICHIGAN MEDICAL CENTER WEST BRANCH,MI,Acute Care Hospitals,Government - Local,true,false,5.0,5,,25
2375,230097,MUNSON MEDICAL CENTER,MI,Acute Care Hospitals,Voluntary non-profit - Other,true,false,4.0,4,,25
2376,230099,PROMEDICA MONROE REGIONAL HOSPITAL,MI,Acute Care Hospitals,Voluntary non-profit - Other,true,false,1.0,1,,25
2377,230100,TAWAS ST JOSEPH HOSPITAL,MI,Acute Care Hospitals,Government - Hospital District or Authority,true,false,3.0,3,29,25
2378,230104,HARPER UNIVERSITY HOSPITAL,MI,Acute Care Hospitals,Proprietary,true,false,1.0,1,,25
2379,230105,MCLAREN NORTHERN MICHIGAN,MI,Acute Care Hospitals,Voluntary non-profit - Other,true,false,3.0,3,,25
2380,230108,UP HEALTH SYSTEM PORTAGE,MI,Acute Care Hospitals,Voluntary non-profit - Other,true,false,5.0,5,,25
2381,230110,COREWELL HEALTH LUDINGTON HOSPITAL,MI,Acute Care Hospitals,Voluntary non-profit - Private,true,false,4.0,4,,25
2382,230117,BORGESS MEDICAL CENTER,MI,Acute Care Hospitals,Voluntary non-profit - Other,true,false,3.0,3,29,25
2383,23011F,VA ANN ARBOR HEALTHCARE SYSTEM,MI,Acute Care - Veterans Administration,Veterans Health Administration,true,true,5.0,5,,25
2384,230121,MEMORIAL HEALTHCARE,MI,Acute Care Hospitals,Voluntary non-profit - Other,true,false,3.0,3,,25
2385,23012F,BATTLE CREEK VA MEDICAL CENTER,MI,Acute Care - Veterans Administration,Veterans Health Administration,true,true,,Not Available,16,25
2386,230130,BEAUMONT HOSPITAL ROYAL OAK,MI,Acute Care Hospitals,Voluntary non-profit - Private,true,false,3.0,3,,25
2387,230132,HURLEY MEDICAL CENTER,MI,Acute Care Hospitals,Voluntary non-profit - Other,true,false,2.0,2,,25
2388,230133,MUNSON HEALTHCARE OTSEGO MEMORIAL HOSPITAL,MI,Acute Care Hospitals,Voluntary non-profit - Private,true,false,4.0,4,,25
2389,230141,MCLAREN FLINT,MI,Acute Care Hospitals,Voluntary non-profit - Private,true,false,2.0,2,,25
2390,230142,COREWELL HEALTH WAYNE HOSPITAL,MI,Acute Care Hospitals,Voluntary non-profit - Private,true,false,2.0,2,,25
2391,230144,FOREST HEALTH MEDICAL CENTER,MI,Acute Care Hospitals,Government - Hospital District or Authority,true,false,,Not Available,16,25
2392,230146,WYANDOTTE HOSPITAL AND MEDICAL CENTER,MI,Acute Care Hospitals,Voluntary non-profit - Private,true,false,2.0,2,,25
2393,230151,BEAUMONT HOSPITAL - FARMINGTON HILLS,MI,Acute Care Hospitals,Voluntary non-profit - Private,true,false,3.0,3,,25
2394,230156,TRINITY HEALTH ANN ARBOR HOSPITAL,MI,Acute Care Hospitals,Voluntary non-profit - Church,true,false,4.0,4,,25
2395,230165,HENRY FORD HEALTH ST JOHN HOSPITAL,MI,Acute Care Hospitals,Voluntary non-profit - Church,true,false,1.0,1,29,25
2396,230167,MCLAREN GREATER LANSING,MI,Acute Care Hospitals,Voluntary non-profit - Private,true,false,3.0,3,,25
2397,230174,TRINITY HEALTH GRAND HAVEN HOSPITAL,MI,Acute Care Hospitals,Government - Hospital District or Authority,true,false,4.0,4,,25
2398,230176,COREWELL HEALTH TRENTON HOSPITAL,MI,Acute Care Hospitals,Voluntary non-profit - Private,true,false,3.0,3,,25
2399,230180,MYMICHIGAN MEDICAL CENTER CLARE,MI,Acute Care Hospitals,Voluntary non-profit - Other,true,false,2.0,2,,25
2400,230193,MCLAREN LAPEER REGION,MI,Acute Care Hospitals,Voluntary non-profit - Private,true,false,2.0,2,,25
2401,230195,Henry Ford Health Warren Hospital,MI,Acute Care Hospitals,Voluntary non-profit - Private,true,false,1.0,1,29,25
2402,230197,ASCENSION GENESYS HOSPITAL,MI,Acute Care Hospitals,Voluntary non-profit - Church,true,false,3.0,3,29,25
2403,230207,MCLAREN OAKLAND,MI,Acute Care Hospitals,Voluntary non-profit - Private,true,false,2.0,2,,25
2404,230208,UNIVERSITY OF MICHIGAN HEALTH-SPARROW CARSON,MI,Acute Care Hospitals,Voluntary non-profit - Other,true,false,4.0,4,,25
2405,230216,MCLAREN PORT HURON,MI,Acute Care Hospitals,Voluntary non-profit - Private,true,false,2.0,2,,25
2406,230217,OAKLAWN HOSPITAL,MI,Acute Care Hospitals,Voluntary non-profit - Other,true,false,4.0,4,,25
2407,230222,MYMICHIGAN MEDICAL CENTER MIDLAND,MI,Acute Care Hospitals,Voluntary non-profit - Other,true,false,4.0,4,,25
2408,230227,MCLAREN MACOMB,MI,Acute Care Hospitals,Voluntary non-profit - Private,true,false,1.0,1,,25
2409,230230,EDWARD W SPARROW HOSPITAL,MI,Acute Care Hospitals,Voluntary non-profit - Other,true,false,3.0,3,,25
2410,230236,UNIVERSITY OF MICHIGAN HEALTH - WEST,MI,Acute Care Hospitals,Voluntary non-profit - Private,true,false,4.0,4,,25
2411,230239,CHIPPEWA COUNTY WAR MEMORIAL HOSPITAL,MI,Acute Care Hospitals,Voluntary non-profit - Private,true,false,2.0,2,,25
2412,230241,ASCENSION RIVER DISTRICT HOSPITAL,MI,Acute Care Hospitals,Government - Hospital District or Authority,true,false,3.0,3,29,25
2413,230244,GARDEN CITY HOSPITAL,MI,Acute Care Hospitals,Voluntary non-profit - Private,true,false,2.0,2,,25
2414,230254,ASCENSION PROVIDENCE ROCHESTER HOSPITAL,MI,Acute Care Hospitals,Voluntary non-profit - Private,true,false,3.0,3,29,25
2415,230259,CHELSEA HOSPITAL,MI,Acute Care Hospitals,Voluntary non-profit - Private,true,false,4.0,4,,25
2416,230264,SOUTHEAST MICHIGAN SURGICAL HOSPITAL LLC,MI,Acute Care Hospitals,Voluntary non-profit - Private,true,false,,Not Available,16,25
2417,230269,"BEAUMONT HOSPITAL, TROY",MI,Acute Care Hospitals,Voluntary non-profit - Private,true,false,4.0,4,,25
2418,230270,BEAUMONT HOSPITAL - TAYLOR,MI,Acute Care Hospitals,Voluntary non-profit - Private,true,false,2.0,2,,25
2419,230273,DETROIT RECEIVING HOSPITAL,MI,Acute Care Hospitals,Proprietary,true,false,1.0,1,,25
2420,230275,HEALTHSOURCE SAGINAW,MI,Acute Care Hospitals,Voluntary non-profit - Other,true,false,,Not Available,16,25
2421,230277,HURON VALLEY-SINAI HOSPITAL,MI,Acute Care Hospitals,Proprietary,true,false,3.0,3,,25
2422,230279,HENRY FORD HEALTH BRIGHTON CENTER FOR RECOVERY,MI,Acute Care Hospitals,Voluntary non-profit - Private,true,false,,Not Available,16,25
2423,230297,KARMANOS CANCER CENTER,MI,Acute Care Hospitals,Proprietary,true,false,3.0,3,,25
2424,230301,SURGEONS CHOICE MEDICAL CENTER,MI,Acute Care Hospitals,Proprietary,true,false,,Not Available,16,25
2425,230302,HENRY FORD HEALTH WEST BLOOMFIELD HOSPITAL,MI,Acute Care Hospitals,Voluntary non-profit - Private,true,false,3.0,3,,25
2426,230303,MUNSON HEALTHCARE MANISTEE HOSPITAL,MI,Acute Care Hospitals,Voluntary non-profit - Other,true,false,4.0,4,,25
2427,23037F,DETROIT (JOHN D. DINGELL) VA MEDICAL CENTER,MI,Acute Care - Veterans Administration,Veterans Health Administration,true,true,5.0,5,,25
2428,230779,STURGIS HOSPITAL,MI,Rural Emergency Hospital,Government - Local,true,false,,Not Available,19,25
2429,231300,PAUL OLIVER MEMORIAL HOSPITAL,MI,Critical Access Hospitals,Government - Local,true,false,,Not Available,16,25
2430,231301,KALKASKA MEMORIAL HEALTH CENTER,MI,Critical Access Hospitals,Government - Hospital District or Authority,true,false,,Not Available,16,25
2431,231303,SCHOOLCRAFT MEMORIAL HOSPITAL,MI,Critical Access Hospitals,Government - Local,true,false,,Not Available,16,25
2432,231304,HELEN NEWBERRY JOY HOSPITAL,MI,Critical Access Hospitals,Government - Local,true,false,,Not Available,16,25
2433,231305,SAINT MARY'S STANDISH COMMUNITY HOSPITAL,MI,Critical Access Hospitals,Voluntary non-profit - Church,true,false,4.0,4,,25
2434,231306,MACKINAC STRAITS HOSPITAL AND HEALTH CENTER,MI,Critical Access Hospitals,Voluntary non-profit - Private,true,false,,Not Available,16,25
2435,231307,BARAGA COUNTY MEMORIAL HOSPITAL,MI,Critical Access Hospitals,Government - Local,true,false,,Not Available,16,25
2436,231308,MUNISING MEMORIAL HOSPITAL,MI,Critical Access Hospitals,Voluntary non-profit - Private,true,false,,Not Available,16,25
2437,231310,SCHEURER HOSPITAL,MI,Critical Access Hospitals,Voluntary non-profit - Other,true,false,,Not Available,16,25
2438,231311,DECKERVILLE COMMUNITY HOSPITAL,MI,Critical Access Hospitals,Voluntary non-profit - Private,true,false,,Not Available,16,25
2439,231312,SHERIDAN COMMUNITY HOSPITAL,MI,Critical Access Hospitals,Voluntary non-profit - Private,true,false,,Not Available,16,25
2440,231313,HARBOR BEACH COMMUNITY HOSPITAL,MI,Critical Access Hospitals,Voluntary non-profit - Private,true,false,,Not Available,16,25
2441,231314,MCKENZIE HEALTH SYSTEM,MI,Critical Access Hospitals,Voluntary non-profit - Private,true,false,,Not Available,16,25
2442,231315,ASCENSION BORGESS LEE HOSPITAL,MI,Critical Access Hospitals,Voluntary non-profit - Church,true,false,,Not Available,16,25
2443,231316,HILLS & DALES GENERAL HOSPITAL,MI,Critical Access Hospitals,Voluntary non-profit - Private,true,false,4.0,4,,25
2444,231318,"ASPIRUS IRON RIVER HOSPITAL & CLINICS, INC",MI,Critical Access Hospitals,Voluntary non-profit - Other,true,false,,Not Available,5,25
2445,231319,ASPIRUS KEWEENAW HOSPITAL AND CLINICS,MI,Critical Access Hospitals,Voluntary non-profit - Private,true,false,,Not Available,5,25
2446,231320,MERCY HEALTH LAKESHORE CAMPUS,MI,Critical Access Hospitals,Voluntary non-profit - Private,true,false,,Not Available,16,25
2447,231321,BELL HOSPITAL,MI,Critical Access Hospitals,Proprietary,true,false,,Not Available,16,25
2448,231322,CHARLEVOIX AREA HOSPITAL,MI,Critical Access Hospitals,Voluntary non-profit - Other,true,false,,Not Available,16,25
2449,231323,COREWELL HEALTH REED CITY HOSPITAL,MI,Critical Access Hospitals,Voluntary non-profit - Private,true,false,,Not Available,16,25
2450,231324,EATON RAPIDS MEDICAL CENTER,MI,Critical Access Hospitals,Voluntary non-profit - Private,true,false,,Not Available,16,25
2451,231325,MYMICHIGAN MEDICAL CENTER GLADWIN,MI,Critical Access Hospitals,Voluntary non-profit - Private,true,false,,Not Available,16,25
2452,231326,UNIVERSITY OF MICHIGAN HEALTH- SPARROW CLINTON,MI,Critical Access Hospitals,Proprietary,true,false,4.0,4,,25
2453,231327,UNIVERSITY OF MICHIGAN HEALTH - SPARROW EATON,MI,Critical Access Hospitals,Voluntary non-profit - Other,true,false,1.0,1,,25
2454,231328,BEACON ALLEGAN,MI,Critical Access Hospitals,Voluntary non-profit - Private,true,false,,Not Available,16,25
2455,231329,MCLAREN CARO REGION,MI,Critical Access Hospitals,Voluntary non-profit - Private,true,false,,Not Available,16,25
2456,231330,MARLETTE REGIONAL HOSPITAL,MI,Critical Access Hospitals,Voluntary non-profit - Private,true,false,,Not Available,16,25
2457,231331,SPARROW IONIA HOSPITAL,MI,Critical Access Hospitals,Voluntary non-profit - Private,true,false,2.0,2,,25
2458,231332,BRONSON LAKEVIEW HOSPITAL,MI,Critical Access Hospitals,Voluntary non-profit - Private,true,false,5.0,5,,25
2459,231333,ASPIRUS IRONWOOD HOSPITAL,MI,Critical Access Hospitals,Voluntary non-profit - Private,true,false,,Not Available,5,25
2460,231337,OSF ST FRANCIS HOSPITAL AND MEDICAL GROUP,MI,Critical Access Hospitals,Voluntary non-profit - Church,true,false,4.0,4,,25
2461,231338,COREWELL HEALTH GERBER HOSPITAL,MI,Critical Access Hospitals,Voluntary non-profit - Private,true,false,5.0,5,,25
2462,231339,COREWELL HEALTH PENNOCK HOSPITAL,MI,Critical Access Hospitals,Voluntary non-profit - Other,true,false,3.0,3,,25
2463,231340,MCLAREN THUMB REGION,MI,Critical Access Hospitals,Voluntary non-profit - Private,true,false,5.0,5,,25
2464,233300,CHILDREN'S HOSPITAL OF MICHIGAN,MI,Childrens,Proprietary,true,false,,Not Available,19,25
2465,234006,PINE REST CHRISTIAN MENTAL HEALTH SERVICES,MI,Psychiatric,Government - Federal,true,false,,Not Available,19,25
2466,234011,HENRY FORD HEALTH BEHAVIORAL HEALTH HOSPITAL,MI,Psychiatric,Voluntary non-profit - Private,true,false,,Not Available,19,25
2467,234021,HARBOR OAKS HOSPITAL,MI,Psychiatric,Proprietary,true,false,,Not Available,19,25
2468,234023,HAVENWYCK HOSPITAL,MI,Psychiatric,Proprietary,true,false,,Not Available,19,25
2469,234025,CARO PSYCHIATRIC HOSPITAL,MI,Psychiatric,Government - State,true,false,,Not Available,19,25
2470,234026,KALAMAZOO REGIONAL PSYCHIATRIC HOSPITAL,MI,Psychiatric,Government - State,true,false,,Not Available,19,25
2471,234030,FOREST VIEW PSYCHIATRIC HOSPITAL,MI,Psychiatric,Proprietary,true,false,,Not Available,19,25
2472,234035,WALTER P REUTHER PSYCHIATRIC HOSPITAL,MI,Psychiatric,Government - State,true,false,,Not Available,19,25
2473,234038,BCA STONECREST CENTER,MI,Psychiatric,Proprietary,true,false,,Not Available,19,25
2474,234040,SAMARITAN BEHAVIORAL CENTER,MI,Psychiatric,Voluntary non-profit - Private,true,false,,Not Available,19,25
2475,234041,THE CENTER FOR FORENSIC PSYCHIATRY,MI,Psychiatric,Government - State,true,false,,Not Available,19,25
2476,234042,THE BEHAVIORAL CENTER OF MICHIGAN,MI,Psychiatric,Proprietary,true,false,,Not Available,19,25
2477,234043,CEDAR CREEK HOSPITAL,MI,Psychiatric,Proprietary,true,false,,Not Available,19,25
2478,234044,BRIGHTWELL BEHAVIORAL HEALTH,MI,Psychiatric,Proprietary,true,false,,Not Available,19,25
2479,234045,METROPOLITAN BEHAVIORAL HEALTH,MI,Psychiatric,Proprietary,true,false,,Not Available,19,25
2480,234046,BRONSON BEHAVIORAL HEALTH HOSPITAL,MI,Psychiatric,Proprietary,true,false,,Not Available,19,25
2481,234047,KALAMAZOO BEHAVIORAL HEALTH HOSPITAL,MI,Psychiatric,Proprietary,true,false,,Not Available,19,25
2482,234048,PONTIAC GENERAL HOSPITAL,MI,Psychiatric,Proprietary,true,false,,Not Available,19,25
2483,240001,NORTH MEMORIAL HEALTH HOSPITAL,MN,Acute Care Hospitals,Voluntary non-profit - Private,true,false,1.0,1,,26
2484,240002,ESSENTIA HEALTH ST MARY'S MEDICAL CENTER,MN,Acute Care Hospitals,Voluntary non-profit - Private,true,false,4.0,4,,26
2485,240004,HENNEPIN COUNTY MEDICAL CENTER,MN,Acute Care Hospitals,Government - Local,true,false,3.0,3,,26
2486,240006,OLMSTED MEDICAL CENTER,MN,Acute Care Hospitals,Voluntary non-profit - Private,true,false,4.0,4,,26
2487,240010,MAYO CLINIC HOSPITAL ROCHESTER,MN,Acute Care Hospitals,Voluntary non-profit - Church,true,false,5.0,5,,26
2488,240014,NORTHFIELD HOSPITAL,MN,Acute Care Hospitals,Government - Local,true,false,4.0,4,,26
2489,240018,MAYO CLINIC HEALTH SYSTEM IN RED WING,MN,Acute Care Hospitals,Voluntary non-profit - Private,true,false,4.0,4,,26
2490,240019,ESSENTIA HEALTH DULUTH,MN,Acute Care Hospitals,Voluntary non-profit - Private,true,false,,Not Available,16,26
2491,240020,CAMBRIDGE MEDICAL CENTER,MN,Acute Care Hospitals,Voluntary non-profit - Private,true,false,4.0,4,,26
2492,240022,SANFORD WORTHINGTON MEDICAL CENTER,MN,Acute Care Hospitals,Voluntary non-profit - Private,true,false,4.0,4,,26
2493,24002F,ST CLOUD VA MEDICAL CENTER,MN,Acute Care - Veterans Administration,Veterans Health Administration,true,true,,Not Available,16,26
2494,240030,ALOMERE HEALTH,MN,Acute Care Hospitals,Government - Local,true,false,4.0,4,,26
2495,240036,CENTRACARE - ST. CLOUD HOSPITAL,MN,Acute Care Hospitals,Voluntary non-profit - Private,true,false,4.0,4,,26
2496,240038,ALLINA UNITED HOSPITAL,MN,Acute Care Hospitals,Voluntary non-profit - Private,true,false,3.0,3,,26
2497,24003F,MINNEAPOLIS VA MEDICAL CENTER,MN,Acute Care - Veterans Administration,Veterans Health Administration,true,true,5.0,5,,26
2498,240040,RANGE REGIONAL HEALTH SERVICES,MN,Acute Care Hospitals,Voluntary non-profit - Other,true,false,4.0,4,,26
2499,240043,MAYO CLINIC HEALTH SYSTEM - ALBERT LEA AND AUSTIN,MN,Acute Care Hospitals,Voluntary non-profit - Private,true,false,5.0,5,,26
2500,240044,WINONA HEALTH SERVICES,MN,Acute Care Hospitals,Voluntary non-profit - Private,true,false,2.0,2,,26
2501,240047,ST LUKES HOSPITAL,MN,Acute Care Hospitals,Voluntary non-profit - Private,true,false,3.0,3,,26
2502,240050,FAIRVIEW LAKES HEALTH SERVICES,MN,Acute Care Hospitals,Voluntary non-profit - Private,true,false,3.0,3,,26
2503,240053,PARK NICOLLET METHODIST HOSPITAL,MN,Acute Care Hospitals,Voluntary non-profit - Private,true,false,3.0,3,,26
2504,240056,RIDGEVIEW MEDICAL CENTER,MN,Acute Care Hospitals,Voluntary non-profit - Private,true,false,4.0,4,,26
2505,240057,ABBOTT NORTHWESTERN HOSPITAL,MN,Acute Care Hospitals,Voluntary non-profit - Private,true,false,4.0,4,,26
2506,240064,GRAND ITASCA CLINIC AND HOSPITAL,MN,Acute Care Hospitals,Voluntary non-profit - Private,true,false,4.0,4,,26
2507,240066,LAKEVIEW MEMORIAL HOSPITAL,MN,Acute Care Hospitals,Voluntary non-profit - Other,true,false,4.0,4,,26
2508,240069,OWATONNA HOSPITAL,MN,Acute Care Hospitals,Voluntary non-profit - Other,true,false,5.0,5,,26
2509,240071,ALLINA HEALTH FARIBAULT MEDICAL CENTER,MN,Acute Care Hospitals,Voluntary non-profit - Private,true,false,3.0,3,,26
2510,240075,ESSENTIA HEALTH ST JOSEPH'S MEDICAL CENTER,MN,Acute Care Hospitals,Voluntary non-profit - Private,true,false,3.0,3,,26
2511,240076,BUFFALO HOSPITAL,MN,Acute Care Hospitals,Voluntary non-profit - Other,true,false,5.0,5,,26
2512,240078,M HEALTH FAIRVIEW SOUTHDALE HOSPITAL,MN,Acute Care Hospitals,Voluntary non-profit - Private,true,false,5.0,5,,26
2513,240080,M HEALTH FAIRVIEW UNIVERSITY OF MN MEDICAL CENTER,MN,Acute Care Hospitals,Voluntary non-profit - Private,true,false,4.0,4,,26
2514,240084,ESSENTIA HEALTH VIRGINIA,MN,Acute Care Hospitals,Government - Local,true,false,4.0,4,,26
2515,240088,CENTRACARE- RICE MEMORIAL HOSPITAL,MN,Acute Care Hospitals,Government - Local,true,false,3.0,3,,26
2516,240093,MAYO CLINIC HEALTH SYSTEM - MANKATO,MN,Acute Care Hospitals,Voluntary non-profit - Private,true,false,5.0,5,,26
2517,240100,SANFORD BEMIDJI MEDICAL CENTER,MN,Acute Care Hospitals,Voluntary non-profit - Private,true,false,4.0,4,,26
2518,240101,ESSENTIA HEALTH ST MARYS - DETROIT LAKES,MN,Acute Care Hospitals,Voluntary non-profit - Church,true,false,4.0,4,,26
2519,240104,ST FRANCIS REGIONAL MEDICAL CENTER,MN,Acute Care Hospitals,Voluntary non-profit - Church,true,false,3.0,3,,26
2520,240106,REGIONS HOSPITAL,MN,Acute Care Hospitals,Voluntary non-profit - Private,true,false,3.0,3,,26
2521,240115,MERCY HOSPITAL,MN,Acute Care Hospitals,Voluntary non-profit - Private,true,false,3.0,3,,26
2522,240141,FAIRVIEW NORTHLAND REGIONAL HOSPITAL,MN,Acute Care Hospitals,Voluntary non-profit - Other,true,false,4.0,4,,26
2523,240166,MAYO CLINIC HEALTH SYSTEM - FAIRMONT,MN,Acute Care Hospitals,Voluntary non-profit - Private,true,false,5.0,5,,26
2524,240187,HUTCHINSON HEALTH,MN,Acute Care Hospitals,Voluntary non-profit - Private,true,false,3.0,3,,26
2525,240206,RED LAKE HOSPITAL,MN,Acute Care Hospitals,Government - Federal,true,false,,Not Available,16,26
2526,240207,M HEALTH FAIRVIEW RIDGES HOSPITAL,MN,Acute Care Hospitals,Voluntary non-profit - Church,true,false,4.0,4,,26
2527,240210,M HEALTH FAIRVIEW ST JOHN'S HOSPITAL,MN,Acute Care Hospitals,Voluntary non-profit - Private,true,false,5.0,5,,26
2528,240213,M HEALTH FAIRVIEW WOODWINDS HOSPITAL,MN,Acute Care Hospitals,Voluntary non-profit - Private,true,false,4.0,4,,26
2529,240214,MAPLE GROVE HOSPITAL,MN,Acute Care Hospitals,Voluntary non-profit - Private,true,false,5.0,5,,26
2530,240779,MAHNOMEN HEALTH CENTER,MN,Rural Emergency Hospital,Government - Local,true,false,,Not Available,19,26
2531,241301,LAKEWOOD HEALTH CENTER,MN,Critical Access Hospitals,Voluntary non-profit - Church,true,false,,Not Available,16,26
2532,241302,SANFORD WESTBROOK MEDICAL CENTER,MN,Critical Access Hospitals,Voluntary non-profit - Private,true,false,,Not Available,16,26
2533,241303,SANFORD TRACY MEDICAL CENTER,MN,Critical Access Hospitals,Voluntary non-profit - Private,true,false,,Not Available,16,26
2534,241304,SANFORD WHEATON MEDICAL CENTER,MN,Critical Access Hospitals,Voluntary non-profit - Private,true,false,,Not Available,16,26
2535,241305,RIVERWOOD HEALTHCARE CENTER,MN,Critical Access Hospitals,Voluntary non-profit - Private,true,false,,Not Available,16,26
2536,241306,OLIVIA HOSPITAL & CLINIC,MN,Critical Access Hospitals,Voluntary non-profit - Private,true,false,2.0,2,,26
2537,241308,ASPIRUS LAKE VIEW HOSPITAL,MN,Critical Access Hospitals,Voluntary non-profit - Private,true,false,,Not Available,16,26
2538,241309,ESSENTIA HEALTH SANDSTONE,MN,Critical Access Hospitals,Voluntary non-profit - Private,true,false,,Not Available,16,26
2539,241311,RIDGEVIEW SIBLEY MEDICAL CENTER,MN,Critical Access Hospitals,Voluntary non-profit - Private,true,false,,Not Available,16,26
2540,241312,COOK HOSPITAL,MN,Critical Access Hospitals,Government - Hospital District or Authority,true,false,,Not Available,16,26
2541,241313,ESSENTIA HEALTH ADA,MN,Critical Access Hospitals,Voluntary non-profit - Private,true,false,,Not Available,16,26
2542,241314,JOHNSON MEMORIAL HOSPITAL,MN,Critical Access Hospitals,Government - Hospital District or Authority,true,false,,Not Available,16,26
2543,241315,SANFORD JACKSON MEDICAL CENTER,MN,Critical Access Hospitals,Voluntary non-profit - Private,true,false,,Not Available,16,26
2544,241316,BIGFORK VALLEY HOSPITAL,MN,Critical Access Hospitals,Government - Hospital District or Authority,true,false,,Not Available,16,26
2545,241317,NORTH SHORE HEALTH,MN,Critical Access Hospitals,Government - Hospital District or Authority,true,false,,Not Available,16,26
2546,241318,ELY - BLOOMENSON COMMUNITY HOSPITAL,MN,Critical Access Hospitals,Voluntary non-profit - Private,true,false,,Not Available,16,26
2547,241319,MURRAY COUNTY MEMORIAL HOSPITAL,MN,Critical Access Hospitals,Government - Local,true,false,,Not Available,16,26
2548,241320,RIVERVIEW HOSPITAL,MN,Critical Access Hospitals,Voluntary non-profit - Private,true,false,,Not Available,16,26
2549,241321,ESSENTIA HEALTH HOLY TRINITY HOSPITAL,MN,Critical Access Hospitals,Voluntary non-profit - Private,true,false,,Not Available,16,26
2550,241322,RAINY LAKE MEDICAL CENTER,MN,Critical Access Hospitals,Voluntary non-profit - Private,true,false,,Not Available,16,26
2551,241323,MADELIA HEALTH,MN,Critical Access Hospitals,Voluntary non-profit - Other,true,false,,Not Available,16,26
2552,241325,CHIPPEWA COUNTY HOSPITAL,MN,Critical Access Hospitals,Government - Local,true,false,,Not Available,16,26
2553,241326,CENTRACARE - LONG PRAIRIE HOSPITAL,MN,Critical Access Hospitals,Voluntary non-profit - Private,true,false,,Not Available,16,26
2554,241327,SLEEPY EYE MEDICAL CENTER,MN,Critical Access Hospitals,Government - Local,true,false,,Not Available,16,26
2555,241328,SANFORD BAGLEY MEDICAL CENTER,MN,Critical Access Hospitals,Voluntary non-profit - Private,true,false,,Not Available,16,26
2556,241329,LAKEWOOD HEALTH SYSTEM,MN,Critical Access Hospitals,Voluntary non-profit - Private,true,false,,Not Available,16,26
2557,241330,CENTRACARE HEALTH SYSTEM - MELROSE HOSPITAL,MN,Critical Access Hospitals,Voluntary non-profit - Private,true,false,5.0,5,,26
2558,241332,WINDOM AREA HEALTH,MN,Critical Access Hospitals,Government - Local,true,false,,Not Available,16,26
2559,241333,MAYO CLINIC HEALTH SYSTEM ST. JAMES,MN,Critical Access Hospitals,Voluntary non-profit - Private,true,false,,Not Available,16,26
2560,241334,RIVER'S EDGE HOSPITAL & CLINIC,MN,Critical Access Hospitals,Government - Local,true,false,,Not Available,16,26
2561,241335,ST ELIZABETH MEDICAL CENTER,MN,Critical Access Hospitals,Proprietary,true,false,,Not Available,16,26
2562,241336,KITTSON HEALTHCARE,MN,Critical Access Hospitals,Voluntary non-profit - Private,true,false,,Not Available,16,26
2563,241337,NORTH VALLEY HEALTH CENTER,MN,Critical Access Hospitals,Voluntary non-profit - Private,true,false,,Not Available,16,26
2564,241338,MAYO CLINIC HEALTH SYSTEM - LAKE CITY,MN,Critical Access Hospitals,Voluntary non-profit - Private,true,false,,Not Available,16,26
2565,241339,HENDRICKS COMMUNITY HOSPITAL,MN,Critical Access Hospitals,Voluntary non-profit - Private,true,false,,Not Available,16,26
2566,241340,ESSENTIA HEALTH NORTHERN PINES MEDICAL CENTER,MN,Critical Access Hospitals,Voluntary non-profit - Private,true,false,,Not Available,16,26
2567,241341,APPLETON AREA HEALTH,MN,Critical Access Hospitals,Government - Local,true,false,,Not Available,16,26
2568,241342,ORTONVILLE AREA HEALTH SERVICES,MN,Critical Access Hospitals,Government - Local,true,false,,Not Available,16,26
2569,241343,AVERA GRANITE FALLS,MN,Critical Access Hospitals,Voluntary non-profit - Private,true,false,,Not Available,16,26
2570,241344,LIFECARE MEDICAL CENTER,MN,Critical Access Hospitals,Voluntary non-profit - Private,true,false,,Not Available,16,26
2571,241345,MAYO CLINIC HEALTH SYSTEM - WASECA,MN,Critical Access Hospitals,Voluntary non-profit - Private,true,false,,Not Available,16,26
2572,241346,MAYO CLINIC HEALTH SYSTEM - CANNON FALLS,MN,Critical Access Hospitals,Voluntary non-profit - Private,true,false,,Not Available,16,26
2573,241347,SANFORD CANBY MEDICAL CENTER,MN,Critical Access Hospitals,Government - Hospital District or Authority,true,false,,Not Available,16,26
2574,241348,AVERA TYLER HOSPITAL,MN,Critical Access Hospitals,Voluntary non-profit - Private,true,false,,Not Available,16,26
2575,241349,CENTRACARE - PAYNESVILLE HOSPITAL,MN,Critical Access Hospitals,Voluntary non-profit - Private,true,false,,Not Available,16,26
2576,241350,ESSENTIA HEALTH MOOSE LAKE,MN,Critical Access Hospitals,Government - Hospital District or Authority,true,false,,Not Available,16,26
2577,241351,CENTRACARE - REDWOOD,MN,Critical Access Hospitals,Government - Local,true,false,,Not Available,16,26
2578,241353,CUYUNA REGIONAL MEDICAL CENTER,MN,Critical Access Hospitals,Government - Hospital District or Authority,true,false,3.0,3,,26
2579,241354,ASTERA HEALTH,MN,Critical Access Hospitals,Voluntary non-profit - Other,true,false,3.0,3,,26
2580,241355,GLENCOE REGIONAL HEALTH,MN,Critical Access Hospitals,Voluntary non-profit - Other,true,false,,Not Available,16,26
2581,241356,MILLE LACS HEALTH SYSTEM,MN,Critical Access Hospitals,Voluntary non-profit - Other,true,false,,Not Available,16,26
2582,241357,ESSENTIA HEALTH FOSSTON,MN,Critical Access Hospitals,Voluntary non-profit - Private,true,false,,Not Available,16,26
2583,241358,CASS LAKE INDIAN HEALTH SERVICES HOSPITAL,MN,Critical Access Hospitals,Government - Federal,true,false,,Not Available,16,26
2584,241359,AVERA MARSHALL REGIONAL MEDICAL CTR,MN,Critical Access Hospitals,Voluntary non-profit - Private,true,false,,Not Available,16,26
2585,241360,ESSENTIA HEALTH DEER RIVER,MN,Critical Access Hospitals,Voluntary non-profit - Private,true,false,,Not Available,16,26
2586,241361,MAYO CLINIC HEALTH SYSTEM NEW PRAGUE,MN,Critical Access Hospitals,Voluntary non-profit - Private,true,false,2.0,2,,26
2587,241362,CENTRACARE HEALTH - MONTICELLO,MN,Critical Access Hospitals,Voluntary non-profit - Private,true,false,,Not Available,16,26
2588,241363,STEVENS COMMUNITY MEDICAL CENTER INC,MN,Critical Access Hospitals,Voluntary non-profit - Private,true,false,,Not Available,16,26
2589,241364,COMMUNITY MEMORIAL HOSPITAL,MN,Critical Access Hospitals,Voluntary non-profit - Private,true,false,,Not Available,16,26
2590,241365,CENTRACARE - BENSON,MN,Critical Access Hospitals,Government - Hospital District or Authority,true,false,,Not Available,16,26
2591,241366,MEEKER MEMORIAL HOSPITAL,MN,Critical Access Hospitals,Government - Local,true,false,,Not Available,16,26
2592,241367,WELIA HEALTH,MN,Critical Access Hospitals,Government - Local,true,false,3.0,3,,26
2593,241368,CENTRACARE HEALTH SYSTEM - SAUK CENTRE,MN,Critical Access Hospitals,Voluntary non-profit - Private,true,false,,Not Available,16,26
2594,241369,UNITED HOSPITAL DISTRICT,MN,Critical Access Hospitals,Government - Hospital District or Authority,true,false,5.0,5,,26
2595,241370,ST GABRIELS HOSPITAL,MN,Critical Access Hospitals,Voluntary non-profit - Private,true,false,4.0,4,,26
2596,241371,SANFORD LUVERNE MEDICAL CENTER,MN,Critical Access Hospitals,Voluntary non-profit - Private,true,false,,Not Available,16,26
2597,241372,MADISON HOSPITAL,MN,Critical Access Hospitals,Voluntary non-profit - Private,true,false,,Not Available,16,26
2598,241373,PERHAM HEALTH,MN,Critical Access Hospitals,Government - Hospital District or Authority,true,false,3.0,3,,26
2599,241374,PIPESTONE COUNTY  MEDICAL CENTER,MN,Critical Access Hospitals,Government - Local,true,false,,Not Available,16,26
2600,241375,MINNESOTA VALLEY HEALTH CENTER  INC,MN,Critical Access Hospitals,Voluntary non-profit - Private,true,false,,Not Available,16,26
2601,241376,GLACIAL RIDGE HOSPITAL,MN,Critical Access Hospitals,Government - Hospital District or Authority,true,false,4.0,4,,26
2602,241377,ST FRANCIS MEDICAL CENTER,MN,Critical Access Hospitals,Voluntary non-profit - Church,true,false,,Not Available,16,26
2603,241378,NEW ULM MEDICAL CENTER,MN,Critical Access Hospitals,Voluntary non-profit - Private,true,false,5.0,5,,26
2604,241379,PRAIRIE RIDGE HOSPITAL AND HEALTH SERVICES,MN,Critical Access Hospitals,Voluntary non-profit - Private,true,false,,Not Available,16,26
2605,241380,ST JOSEPHS AREA  HEALTH SERVICES,MN,Critical Access Hospitals,Voluntary non-profit - Private,true,false,3.0,3,,26
2606,241381,SANFORD THIEF RIVER FALLS MEDICAL CENTER,MN,Critical Access Hospitals,Voluntary non-profit - Private,true,false,,Not Available,16,26
2607,243300,GILLETTE CHILDRENS SPECIALTY HOSPITAL,MN,Childrens,Government - Hospital District or Authority,true,false,,Not Available,19,26
2608,243302,CHILDREN'S HOSPITALS & CLINICS OF MN,MN,Childrens,Voluntary non-profit - Private,true,false,,Not Available,19,26
2609,244002,ANOKA METRO REGIONAL TREATMENT CENTER,MN,Psychiatric,Government - State,true,false,,Not Available,19,26
2610,244005,CHILD AND ADOLESCENT BEHAVIORAL HEALTH HOSPITAL,MN,Psychiatric,Government - State,true,false,,Not Available,19,26
2611,244011,COMMUNITY BEHAVIORAL HEALTH HOSPITAL ANNANDALE,MN,Psychiatric,Government - State,true,false,,Not Available,19,26
2612,244012,COMMUNITY BEHAVIORAL HEALTH HOSPITAL ALEXANDRIA,MN,Psychiatric,Government - State,true,false,,Not Available,19,26
2613,244013,COMMUNITY BEHAVIORAL HEALTH HOSPITAL FERGUS FALLS,MN,Psychiatric,Government - State,true,false,,Not Available,19,26
2614,244014,COMMUNITY BEHAVIORAL HEALTH HOSPITAL - BEMIDJI,MN,Psychiatric,Government - State,true,false,,Not Available,19,26
2615,244015,COMMUNITY BEHAVIORAL HEALTH HOSPITAL - BAXTER,MN,Psychiatric,Government - State,true,false,,Not Available,19,26
2616,244017,COMMUNITY BEHAVIORAL HEALTH HOSPITAL ROCHESTER,MN,Psychiatric,Government - State,true,false,,Not Available,19,26
2617,244018,SANFORD BEHAVIORAL HEALTH CENTER,MN,Psychiatric,Voluntary non-profit - Private,true,false,,Not Available,19,26
2618,244019,CAPITOL PARK MENTAL HEALTH HOSPITAL,MN,Psychiatric,Proprietary,true,false,,Not Available,19,26
2619,250001,UNIVERSITY OF MISSISSIPPI MED CENTER,MS,Acute Care Hospitals,Government - State,true,false,2.0,2,,29
2620,250002,TISHOMINGO HEALTH SERVICES INC,MS,Acute Care Hospitals,Voluntary non-profit - Private,true,false,2.0,2,,29
2621,250004,NORTH MISSISSIPPI MEDICAL CENTER,MS,Acute Care Hospitals,Voluntary non-profit - Private,true,false,2.0,2,,29
2622,250006,BAPTIST MEMORIAL HOSPITAL UNION COUNTY,MS,Acute Care Hospitals,Voluntary non-profit - Other,true,false,4.0,4,23,29
2623,250007,Memorial Hospital Biloxi,MS,Acute Care Hospitals,Proprietary,true,false,1.0,1,,29
2624,250009,MAGNOLIA REGIONAL HEALTH CENTER,MS,Acute Care Hospitals,Voluntary non-profit - Other,true,false,2.0,2,,29
2625,250017,PROGRESSIVE HEALTH GROUP OF HOUSTON,MS,Acute Care Hospitals,Proprietary,true,false,,Not Available,16,29
2626,250018,JASPER GENERAL HOSPITAL,MS,Acute Care Hospitals,Government - Local,true,false,,Not Available,16,29
2627,250019,MEMORIAL HOSPITAL AT GULFPORT,MS,Acute Care Hospitals,Government - Local,true,false,3.0,3,,29
2628,250020,WEBSTER GENERAL HOSPITAL/ SWING BED,MS,Acute Care Hospitals,Voluntary non-profit - Other,true,false,4.0,4,,29
2629,250025,NORTH MISSISSIPPI MEDICAL CENTER-GILMORE AMORY,MS,Acute Care Hospitals,Proprietary,true,false,3.0,3,,29
2630,250027,WINSTON MEDICAL CENTER,MS,Acute Care Hospitals,Voluntary non-profit - Private,true,false,,Not Available,16,29
2631,250031,MERIT HEALTH RIVER REGION,MS,Acute Care Hospitals,Proprietary,true,false,2.0,2,,29
2632,250034,BAPTIST MEMORIAL HOSPITAL NORTH MS,MS,Acute Care Hospitals,Voluntary non-profit - Private,true,false,4.0,4,,29
2633,250036,GEORGE REGIONAL HEALTH SYSTEM,MS,Acute Care Hospitals,Government - Local,true,false,1.0,1,,29
2634,250038,MERIT HEALTH MADISON,MS,Acute Care Hospitals,Proprietary,true,false,3.0,3,,29
2635,250040,SINGING RIVER HEALTH SYSTEM,MS,Acute Care Hospitals,Government - Local,true,false,1.0,1,,29
2636,250042,NORTHWEST MISSISSISSIPPI REGIONAL MEDICAL CENTER,MS,Acute Care Hospitals,Proprietary,true,false,3.0,3,,29
2637,250043,NESHOBA COUNTY GENERAL HOSPITAL,MS,Acute Care Hospitals,Government - Local,true,false,3.0,3,,29
2638,250044,BAPTIST MEMORIAL HOSPITAL BOONEVILLE,MS,Acute Care Hospitals,Voluntary non-profit - Church,true,false,3.0,3,23,29
2639,250048,ST DOMINIC-JACKSON MEMORIAL HOSPITAL,MS,Acute Care Hospitals,Voluntary non-profit - Church,true,false,2.0,2,,29
2640,250049,BEACHAM MEMORIAL HOSPITAL,MS,Acute Care Hospitals,Proprietary,true,false,,Not Available,16,29
2641,250050,BAPTIST MEMORIAL HOSPITAL-OKTIBBEHA COUNTY,MS,Acute Care Hospitals,Government - Local,true,false,2.0,2,,29
2642,250057,KING'S DAUGHTERS MEDICAL CENTER-BROOKHAVEN,MS,Acute Care Hospitals,Voluntary non-profit - Other,true,false,3.0,3,,29
2643,250058,SOUTH CENTRAL REG MED CTR,MS,Acute Care Hospitals,Government - Local,true,false,1.0,1,,29
2644,250061,YALOBUSHA GENERAL HOSPITAL,MS,Acute Care Hospitals,Government - Local,true,false,,Not Available,16,29
2645,250067,CLAY COUNTY MEDICAL CORPORATION,MS,Acute Care Hospitals,Voluntary non-profit - Private,true,false,3.0,3,,29
2646,250069,OCHSNER RUSH HOSPITAL,MS,Acute Care Hospitals,Voluntary non-profit - Private,true,false,3.0,3,,29
2647,250072,MERIT HEALTH CENTRAL,MS,Acute Care Hospitals,Proprietary,true,false,3.0,3,,29
2648,250077,WAYNE GENERAL HOSPITAL,MS,Acute Care Hospitals,Government - Local,true,false,3.0,3,,29
2649,250078,FORREST GENERAL HOSPITAL,MS,Acute Care Hospitals,Government - Local,true,false,2.0,2,,29
2650,250081,ANDERSON REGIONAL MEDICAL CENTER SOUTH CAMPUS,MS,Acute Care Hospitals,Proprietary,true,false,,Not Available,16,29
2651,250082,DELTA HEALTH SYSTEM - THE MEDICAL CENTER,MS,Acute Care Hospitals,Government - Local,true,false,1.0,1,,29
2652,250084,MERIT HEALTH NATCHEZ,MS,Acute Care Hospitals,Proprietary,true,false,2.0,2,,29
2653,250085,MARION GENERAL HOSPITAL,MS,Acute Care Hospitals,Government - Local,true,false,1.0,1,,29
2654,250093,BOLIVAR MEDICAL CENTER,MS,Acute Care Hospitals,Proprietary,true,false,1.0,1,,29
2655,250094,MERIT HEALTH WESLEY,MS,Acute Care Hospitals,Voluntary non-profit - Private,true,false,2.0,2,,29
2656,250095,SOUTH SUNFLOWER COUNTY HOSPITAL,MS,Acute Care Hospitals,Government - Local,true,false,2.0,2,,29
2657,250096,CROSSGATES RIVER OAKS HOSPITAL,MS,Acute Care Hospitals,Proprietary,true,false,2.0,2,,29
2658,250097,SOUTHWEST MS REGIONAL MEDICAL CENTER,MS,Acute Care Hospitals,Government - Local,true,false,2.0,2,,29
2659,250099,GREENWOOD LEFLORE HOSPITAL,MS,Acute Care Hospitals,Government - Local,true,false,1.0,1,,29
2660,250100,BMH-GOLDEN TRIANGLE,MS,Acute Care Hospitals,Voluntary non-profit - Private,true,false,3.0,3,23,29
2661,250102,MISSISSIPPI BAPTIST MEDICAL CENTER,MS,Acute Care Hospitals,Voluntary non-profit - Private,true,false,2.0,2,23,29
2662,250104,ANDERSON REGIONAL MEDICAL CENTER,MS,Acute Care Hospitals,Voluntary non-profit - Private,true,false,2.0,2,,29
2663,250117,HIGHLAND COMMUNITY  HOSPITAL,MS,Acute Care Hospitals,Government - Local,true,false,1.0,1,,29
2664,250123,SINGING RIVER GULFPORT,MS,Acute Care Hospitals,Proprietary,true,false,2.0,2,,29
2665,250124,MAGEE GENERAL HOSPITAL,MS,Acute Care Hospitals,Voluntary non-profit - Private,true,false,2.0,2,,29
2666,250127,CHOCTAW HEALTH CENTER,MS,Acute Care Hospitals,Government - Federal,true,false,,Not Available,16,29
2667,250134,WHITFIELD MEDICAL SURGICAL HOSPITAL,MS,Acute Care Hospitals,Government - State,true,false,,Not Available,16,29
2668,250136,MERIT HEALTH WOMEN'S HOSPITAL,MS,Acute Care Hospitals,Proprietary,true,false,,Not Available,16,29
2669,250138,MERIT HEALTH RIVER OAKS,MS,Acute Care Hospitals,Proprietary,true,false,1.0,1,,29
2670,250141,BAPTIST MEMORIAL HOSPITAL DESOTO,MS,Acute Care Hospitals,Proprietary,true,false,3.0,3,23,29
2671,250151,ALLIANCE HEALTH CENTER,MS,Acute Care Hospitals,Proprietary,true,false,,Not Available,16,29
2672,250152,MISSISSIPPI METHODIST REHAB CTR,MS,Acute Care Hospitals,Voluntary non-profit - Private,true,false,,Not Available,16,29
2673,250162,OCHSNER MEDICAL CENTER-HANCOCK,MS,Acute Care Hospitals,Government - Local,true,false,3.0,3,,29
2674,250167,METHODIST HEALTHCARE - OLIVE BRANCH HOSPITAL,MS,Acute Care Hospitals,Voluntary non-profit - Private,true,false,4.0,4,,29
2675,250168,UNIVERSITY OF MISSISSIPPI MEDICAL CENTER- GRENADA,MS,Acute Care Hospitals,Government - State,true,false,1.0,1,,29
2676,250172,HIGHLAND HILLS MEDICAL CENTER,MS,Acute Care Hospitals,Voluntary non-profit - Private,true,false,,Not Available,16,29
2677,250174,"ALLIANCE HEALTHCARE SYSTEM, INC",MS,Acute Care Hospitals,Proprietary,true,false,,Not Available,19,29
2678,25039F,81st Medical Group (Keesler AFB),MS,Acute Care - Department of Defense,Department of Defense,true,true,,Not Available,22,29
2679,25042F,VA GULF COAST HEALTHCARE SYSTEM,MS,Acute Care - Veterans Administration,Veterans Health Administration,true,true,5.0,5,,29
2680,25043F,G. V. (SONNY) MONTGOMERY VA MEDICAL CENTER (JACKSON),MS,Acute Care - Veterans Administration,Veterans Health Administration,true,true,4.0,4,,29
2681,250780,JEFFERSON COUNTY HOSPITAL,MS,Rural Emergency Hospital,Proprietary,true,false,,Not Available,19,29
2682,250781,PANOLA MEDICAL CENTER,MS,Rural Emergency Hospital,Proprietary,true,false,,Not Available,19,29
2683,250782,GREENE COUNTY HOSPITAL,MS,Rural Emergency Hospital,Government - Local,true,false,,Not Available,19,29
2684,250783,PERRY COUNTY GENERAL HOSPITAL,MS,Rural Emergency Hospital,Government - Local,true,false,,Not Available,19,29
2685,250784,SHARKEY ISSAQUENA COMMUNITY HOSPITAL,MS,Rural Emergency Hospital,Government - Local,true,false,,Not Available,19,29
2686,250785,PROGRESSIVE HEALTH GROUP OF HOUSTON,MS,Rural Emergency Hospital,Proprietary,true,false,,Not Available,19,29
2687,250786,SMITH COUNTY  EMERGENCY HOSPITAL,MS,Rural Emergency Hospital,Government - Local,true,false,,Not Available,19,29
2688,251300,S E LACKEY MEMORIAL HOSPITAL,MS,Critical Access Hospitals,Voluntary non-profit - Private,true,false,,Not Available,16,29
2689,251302,MONROE REGIONAL HOSPITAL,MS,Critical Access Hospitals,Voluntary non-profit - Private,true,false,,Not Available,16,29
2690,251304,TALLAHATCHIE GENERAL HOSPITAL-CAH,MS,Critical Access Hospitals,Government - Local,true,false,,Not Available,16,29
2691,251305,LAWRENCE COUNTY HOSPITAL CAH,MS,Critical Access Hospitals,Government - Local,true,false,,Not Available,16,29
2692,251307,NOXUBEE GENERAL CRITICAL ACCESS HOSP,MS,Critical Access Hospitals,Government - State,true,false,,Not Available,19,29
2693,251308,PONTOTOC HEALTH SERVICE INC CAH,MS,Critical Access Hospitals,Voluntary non-profit - Private,true,false,,Not Available,16,29
2694,251309,FIELD HEALTH SYSTEM,MS,Critical Access Hospitals,Government - Local,true,false,,Not Available,16,29
2695,251312,TYLER HOLMES MEMORIAL HOSPITAL CAH,MS,Critical Access Hospitals,Government - Local,true,false,,Not Available,16,29
2696,251313,BAPTIST MEDICAL CENTER-YAZOO,MS,Critical Access Hospitals,Voluntary non-profit - Private,true,false,,Not Available,16,29
2697,251315,BAPTIST MEDICAL CENTER-LEAKE,MS,Critical Access Hospitals,Voluntary non-profit - Private,true,false,2.0,2,,29
2698,251316,OCHSNER WATKINS HOSPITAL,MS,Critical Access Hospitals,Voluntary non-profit - Private,true,false,,Not Available,16,29
2699,251317,SIMPSON GENERAL HOSPITAL CAH,MS,Critical Access Hospitals,Voluntary non-profit - Private,true,false,2.0,2,,29
2700,251318,NORTH SUNFLOWER MEDICAL CENTER CAH,MS,Critical Access Hospitals,Government - Local,true,false,1.0,1,,29
2701,251319,HOLMES COUNTY HOSPITAL AND CLINICS,MS,Critical Access Hospitals,Government - State,true,false,,Not Available,16,29
2702,251320,CLAIBORNE COUNTY HOSPITAL,MS,Critical Access Hospitals,Government - Local,true,false,,Not Available,16,29
2703,251322,OCHSNER LAIRD HOSPITAL,MS,Critical Access Hospitals,Voluntary non-profit - Private,true,false,,Not Available,16,29
2704,251323,OCHSNER SCOTT REGIONAL,MS,Critical Access Hospitals,Voluntary non-profit - Private,true,false,,Not Available,16,29
2705,251324,WALTHALL COUNTY GENERAL HOSPITAL CAH,MS,Critical Access Hospitals,Government - Local,true,false,,Not Available,16,29
2706,251325,COVINGTON COUNTY HOSPITAL CAH,MS,Critical Access Hospitals,Government - Local,true,false,,Not Available,16,29
2707,251326,JEFFERSON DAVIS COMMUNITY HOSPITAL CAH,MS,Critical Access Hospitals,Government - Local,true,false,,Not Available,16,29
2708,251327,COPIAH COUNTY MEDICAL CENTER,MS,Critical Access Hospitals,Government - Local,true,false,,Not Available,16,29
2709,251330,FRANKLIN COUNTY MEMORIAL HOSPITAL,MS,Critical Access Hospitals,Government - Local,true,false,,Not Available,16,29
2710,251331,BMH-CALHOUN,MS,Critical Access Hospitals,Voluntary non-profit - Private,true,false,,Not Available,16,29
2711,251333,PEARL RIVER COUNTY HOSPITAL,MS,Critical Access Hospitals,Government - Local,true,false,,Not Available,16,29
2712,251334,CHOCTAW REGIONAL MEDICAL CENTER,MS,Critical Access Hospitals,Government - Local,true,false,,Not Available,16,29
2713,251335,OCHSNER STENNIS MEMORIAL HOSPITAL,MS,Critical Access Hospitals,Voluntary non-profit - Private,true,false,,Not Available,16,29
2714,251336,BAPTIST MEDICAL CENTER ATTALA,MS,Critical Access Hospitals,Voluntary non-profit - Other,true,false,,Not Available,16,29
2715,251337,TIPPAH COUNTY HOSPITAL,MS,Critical Access Hospitals,Government - Local,true,false,4.0,4,,29
2716,251339,QUITMAN COMMUNITY HOSPITAL,MS,Critical Access Hospitals,Government - Local,true,false,,Not Available,16,29
2717,251340,NESHOBA COUNTY GENERAL HOSPITAL,MS,Critical Access Hospitals,Government - Local,true,false,,Not Available,19,29
2718,252013,ALLEGIANCE SPECIALTY HOSPITAL OF GREENVILLE,MS,Long-term,Proprietary,true,false,,Not Available,19,29
2719,254005,PARKWOOD BEHAVIORAL HEALTH SYSTEM,MS,Psychiatric,Proprietary,true,false,,Not Available,19,29
2720,254007,BRENTWOOD BEHAVIORAL HEALTHCARE OF MS,MS,Psychiatric,Proprietary,true,false,,Not Available,19,29
2721,254008,SOUTH MISSISSIPPI STATE HOSPITAL,MS,Psychiatric,Government - State,true,false,,Not Available,19,29
2722,254009,NORTH MISSISSIPPI STATE HOSPITAL,MS,Psychiatric,Government - State,true,false,,Not Available,19,29
2723,254010,MS STATE HOSPITAL-WHITFIELD,MS,Psychiatric,Government - Local,true,false,,Not Available,19,29
2724,254011,GULFPORT BEHAVIORAL HEALTH  SYSTEM,MS,Psychiatric,Proprietary,true,false,,Not Available,19,29
2725,254012,OCEANS BEHAVIORAL HOSPITAL- BILOXI,MS,Psychiatric,Proprietary,true,false,,Not Available,19,29
2726,254013,OCEANS BEHAVIORAL HOSPITAL OF TUPELO,MS,Psychiatric,Proprietary,true,false,,Not Available,19,29
2727,254014,OCEANS BEHAVIORAL HOSPITAL OF JACKSON,MS,Psychiatric,Proprietary,true,false,,Not Available,19,29
2728,260001,MERCY HOSPITAL JOPLIN,MO,Acute Care Hospitals,Voluntary non-profit - Church,true,false,1.0,1,,27
2729,260005,SSM ST JOSEPH HEALTH CENTER,MO,Acute Care Hospitals,Voluntary non-profit - Private,true,false,3.0,3,,27
2730,260006,MOSAIC LIFE CARE AT ST JOSEPH,MO,Acute Care Hospitals,Voluntary non-profit - Private,true,false,4.0,4,,27
2731,260009,BOTHWELL REGIONAL HEALTH CENTER,MO,Acute Care Hospitals,Government - Local,true,false,4.0,4,,27
2732,260011,SSM HEALTH ST. MARY'S HOSPITAL - JEFFERSON CITY,MO,Acute Care Hospitals,Proprietary,true,false,3.0,3,,27
2733,260017,PHELPS COUNTY REGIONAL MEDICAL CENTER,MO,Acute Care Hospitals,Government - Local,true,false,2.0,2,,27
2734,260020,MERCY HOSPITAL ST LOUIS,MO,Acute Care Hospitals,Voluntary non-profit - Private,true,false,4.0,4,,27
2735,260022,NORTHEAST REGIONAL MEDICAL CENTER,MO,Acute Care Hospitals,Proprietary,true,false,2.0,2,,27
2736,260023,MERCY HOSPITAL JEFFERSON,MO,Acute Care Hospitals,Voluntary non-profit - Private,true,false,4.0,4,,27
2737,260024,TEXAS COUNTY MEMORIAL HOSPITAL,MO,Acute Care Hospitals,Government - Local,true,false,2.0,2,,27
2738,260025,HANNIBAL REGIONAL HOSPITAL,MO,Acute Care Hospitals,Voluntary non-profit - Other,true,false,2.0,2,,27
2739,260027,RESEARCH MEDICAL CENTER,MO,Acute Care Hospitals,Proprietary,true,false,2.0,2,,27
2740,26002F,General Leonard Wood ACH (FT Leonard Wood),MO,Acute Care - Department of Defense,Department of Defense,true,true,,Not Available,22,27
2741,260032,BARNES JEWISH HOSPITAL,MO,Acute Care Hospitals,Voluntary non-profit - Other,true,false,4.0,4,,27
2742,260034,BATES COUNTY MEMORIAL HOSPITAL,MO,Acute Care Hospitals,Government - Local,true,false,3.0,3,,27
2743,260040,COX MEDICAL CENTERS,MO,Acute Care Hospitals,Voluntary non-profit - Private,true,false,3.0,3,,27
2744,260048,TRUMAN MEDICAL CENTER HOSPITAL HILL,MO,Acute Care Hospitals,Voluntary non-profit - Private,true,false,3.0,3,,27
2745,26004F,KANSAS CITY VA MEDICAL CENTER,MO,Acute Care - Veterans Administration,Veterans Health Administration,true,true,4.0,4,,27
2746,260052,MERCY HOSPITAL WASHINGTON,MO,Acute Care Hospitals,Voluntary non-profit - Private,true,false,4.0,4,,27
2747,260057,CAMERON REGIONAL MEDICAL CENTER,MO,Acute Care Hospitals,Voluntary non-profit - Private,true,false,1.0,1,,27
2748,260059,MERCY HOSPITAL LEBANON,MO,Acute Care Hospitals,Voluntary non-profit - Church,true,false,4.0,4,,27
2749,260061,NEVADA REGIONAL MEDICAL CENTER,MO,Acute Care Hospitals,Government - Local,true,false,,Not Available,16,27
2750,260062,SAINT LUKES NORTH HOSPITAL,MO,Acute Care Hospitals,Voluntary non-profit - Private,true,false,5.0,5,,27
2751,260065,MERCY HOSPITAL SPRINGFIELD,MO,Acute Care Hospitals,Voluntary non-profit - Private,true,false,3.0,3,,27
2752,260068,BOONE HOSPITAL CENTER,MO,Acute Care Hospitals,Voluntary non-profit - Other,true,false,4.0,4,,27
2753,260070,PEMISCOT COUNTY MEMORIAL HOSPITAL,MO,Acute Care Hospitals,Voluntary non-profit - Other,true,false,,Not Available,16,27
2754,260074,MOBERLY REGIONAL MEDICAL CENTER,MO,Acute Care Hospitals,Proprietary,true,false,2.0,2,,27
2755,260077,MERCY HOSPITAL SOUTH,MO,Acute Care Hospitals,Voluntary non-profit - Private,true,false,2.0,2,,27
2756,260078,OZARKS HEALTHCARE,MO,Acute Care Hospitals,Voluntary non-profit - Private,true,false,2.0,2,,27
2757,26007F,POPLAR BLUFF VA MEDICAL CENTER,MO,Acute Care - Veterans Administration,Veterans Health Administration,true,true,,Not Available,16,27
2758,260081,SSM ST CLARE HEALTH CENTER,MO,Acute Care Hospitals,Voluntary non-profit - Private,true,false,4.0,4,,27
2759,260085,ST JOSEPH MEDICAL CENTER,MO,Acute Care Hospitals,Proprietary,true,false,3.0,3,,27
2760,260091,SSM HEALTH ST MARY'S HOSPITAL - ST LOUIS,MO,Acute Care Hospitals,Voluntary non-profit - Private,true,false,3.0,3,,27
2761,260094,COX MEDICAL CENTER BRANSON,MO,Acute Care Hospitals,Voluntary non-profit - Private,true,false,4.0,4,,27
2762,260095,CENTERPOINT MEDICAL CENTER,MO,Acute Care Hospitals,Proprietary,true,false,3.0,3,,27
2763,260096,NKC HEALTH,MO,Acute Care Hospitals,Government - Local,true,false,4.0,4,,27
2764,260097,WESTERN MISSOURI MEDICAL CENTER,MO,Acute Care Hospitals,Government - Local,true,false,4.0,4,,27
2765,26009F,ST LOUIS-JOHN COCHRAN VA MEDICAL CENTER,MO,Acute Care - Veterans Administration,Veterans Health Administration,true,true,5.0,5,,27
2766,260102,UNIVERSITY HEALTH LAKEWOOD MEDICAL CENTER,MO,Acute Care Hospitals,Voluntary non-profit - Private,true,false,4.0,4,,27
2767,260104,SSM HEALTH DEPAUL HOSPITAL ST LOUIS,MO,Acute Care Hospitals,Voluntary non-profit - Church,true,false,4.0,4,,27
2768,260105,SSM HEALTH SAINT LOUIS UNIVERSITY HOSPITAL,MO,Acute Care Hospitals,Voluntary non-profit - Church,true,false,1.0,1,,27
2769,260108,MISSOURI BAPTIST MEDICAL CENTER,MO,Acute Care Hospitals,Voluntary non-profit - Private,true,false,5.0,5,,27
2770,260110,MERCY HOSPITAL SOUTHEAST,MO,Acute Care Hospitals,Voluntary non-profit - Private,true,false,2.0,2,,27
2771,260113,MISSOURI DELTA MEDICAL CENTER,MO,Acute Care Hospitals,Voluntary non-profit - Private,true,false,2.0,2,,27
2772,260119,POPLAR BLUFF REGIONAL MEDICAL CENTER,MO,Acute Care Hospitals,Proprietary,true,false,2.0,2,,27
2773,260137,FREEMAN HEALTH SYSTEM - FREEMAN WEST,MO,Acute Care Hospitals,Voluntary non-profit - Private,true,false,2.0,2,,27
2774,260138,ST LUKES HOSPITAL OF KANSAS CITY,MO,Acute Care Hospitals,Voluntary non-profit - Private,true,false,5.0,5,,27
2775,260141,UNIVERSITY OF MISSOURI HEALTH CARE,MO,Acute Care Hospitals,Government - State,true,false,3.0,3,,27
2776,260142,FITZGIBBON HOSPITAL,MO,Acute Care Hospitals,Voluntary non-profit - Private,true,false,2.0,2,,27
2777,260160,MERCY HOSPITAL STODDARD,MO,Acute Care Hospitals,Voluntary non-profit - Private,true,false,2.0,2,,27
2778,260162,BARNES-JEWISH WEST COUNTY HOSPITAL,MO,Acute Care Hospitals,Voluntary non-profit - Private,true,false,5.0,5,,27
2779,260163,PARKLAND HEALTH CENTER,MO,Acute Care Hospitals,Voluntary non-profit - Private,true,false,4.0,4,,27
2780,260175,GOLDEN VALLEY MEMORIAL HOSPITAL,MO,Acute Care Hospitals,Government - Hospital District or Authority,true,false,3.0,3,,27
2781,260177,LIBERTY HOSPITAL,MO,Acute Care Hospitals,Voluntary non-profit - Private,true,false,2.0,2,,27
2782,260179,ST LUKES HOSPITAL,MO,Acute Care Hospitals,Voluntary non-profit - Private,true,false,4.0,4,,27
2783,260180,CHRISTIAN HOSPITAL NORTHEAST,MO,Acute Care Hospitals,Voluntary non-profit - Private,true,false,4.0,4,,27
2784,260183,SAINT FRANCIS MEDICAL CENTER,MO,Acute Care Hospitals,Voluntary non-profit - Private,true,false,3.0,3,,27
2785,260186,LAKE REGIONAL HEALTH SYSTEM,MO,Acute Care Hospitals,Voluntary non-profit - Other,true,false,3.0,3,,27
2786,260190,LEE'S SUMMIT MEDICAL CENTER,MO,Acute Care Hospitals,Proprietary,true,false,3.0,3,,27
2787,260191,BARNES-JEWISH ST PETERS HOSPITAL,MO,Acute Care Hospitals,Voluntary non-profit - Other,true,false,3.0,3,,27
2788,260193,ST MARY'S MEDICAL CENTER,MO,Acute Care Hospitals,Proprietary,true,false,3.0,3,,27
2789,260195,CITIZENS MEMORIAL HOSPITAL,MO,Acute Care Hospitals,Government - Hospital District or Authority,true,false,3.0,3,,27
2790,260200,SSM ST JOSEPH HOSPITAL WEST,MO,Acute Care Hospitals,Voluntary non-profit - Church,true,false,3.0,3,,27
2791,260214,BELTON REGIONAL MEDICAL CENTER,MO,Acute Care Hospitals,Voluntary non-profit - Private,true,false,2.0,2,,27
2792,260216,SAINT LUKE'S EAST  HOSPITAL,MO,Acute Care Hospitals,Voluntary non-profit - Private,true,false,4.0,4,,27
2793,260219,PROGRESS WEST HOSPITAL,MO,Acute Care Hospitals,Voluntary non-profit - Private,true,false,4.0,4,,27
2794,26023F,COLUMBIA MO VA MEDICAL CENTER,MO,Acute Care - Veterans Administration,Veterans Health Administration,true,true,4.0,4,,27
2795,260779,PARKLAND HEALTH CENTER - BONNE TERRE,MO,Rural Emergency Hospital,Voluntary non-profit - Private,true,false,,Not Available,19,27
2796,261301,ELLETT MEMORIAL HOSPITAL,MO,Critical Access Hospitals,Government - Hospital District or Authority,true,false,,Not Available,16,27
2797,261302,MADISON MEDICAL CENTER,MO,Critical Access Hospitals,Voluntary non-profit - Other,true,false,,Not Available,16,27
2798,261303,COMMUNITY HOSPITAL ASSOCIATION,MO,Critical Access Hospitals,Voluntary non-profit - Private,true,false,3.0,3,,27
2799,261305,PUTNAM COUNTY MEMORIAL HOSPITAL,MO,Critical Access Hospitals,Government - Local,true,false,,Not Available,16,27
2800,261306,SULLIVAN COUNTY MEMORIAL HOSPITAL,MO,Critical Access Hospitals,Government - Local,true,false,,Not Available,16,27
2801,261307,PERSHING MEMORIAL HOSPITAL,MO,Critical Access Hospitals,Voluntary non-profit - Private,true,false,3.0,3,,27
2802,261308,WASHINGTON COUNTY MEMORIAL HOSPITAL,MO,Critical Access Hospitals,Government - Local,true,false,,Not Available,16,27
2803,261309,WRIGHT MEMORIAL HOSPITAL,MO,Critical Access Hospitals,Voluntary non-profit - Private,true,false,4.0,4,,27
2804,261310,SCOTLAND COUNTY  HOSPITAL,MO,Critical Access Hospitals,Government - Hospital District or Authority,true,false,2.0,2,,27
2805,261311,MERCY HOSPITAL PERRY,MO,Critical Access Hospitals,Voluntary non-profit - Private,true,false,2.0,2,,27
2806,261312,HARRISON COUNTY COMMUNITY HOSPITAL,MO,Critical Access Hospitals,Government - Hospital District or Authority,true,false,3.0,3,,27
2807,261313,MACON COUNTY SAMARITAN MEMORIAL HOSPITAL,MO,Critical Access Hospitals,Government - Local,true,false,2.0,2,,27
2808,261314,HERMANN AREA DISTRICT HOSPITAL,MO,Critical Access Hospitals,Government - Hospital District or Authority,true,false,,Not Available,16,27
2809,261316,MERCY HOSPITAL AURORA,MO,Critical Access Hospitals,Voluntary non-profit - Church,true,false,,Not Available,16,27
2810,261317,MERCY HOSPITAL - CASSVILLE,MO,Critical Access Hospitals,Voluntary non-profit - Church,true,false,,Not Available,16,27
2811,261318,SALEM MEMORIAL DISTRICT HOSPITAL,MO,Critical Access Hospitals,Government - Hospital District or Authority,true,false,4.0,4,,27
2812,261319,MERCY HOSPITAL LINCOLN,MO,Critical Access Hospitals,Government - Local,true,false,,Not Available,16,27
2813,261320,LAFAYETTE REGIONAL HEALTH CENTER,MO,Critical Access Hospitals,Proprietary,true,false,2.0,2,,27
2814,261321,HEDRICK MEDICAL CENTER,MO,Critical Access Hospitals,Voluntary non-profit - Private,true,false,4.0,4,,27
2815,261322,EXCELSIOR SPRINGS HOSPITAL,MO,Critical Access Hospitals,Government - Local,true,false,,Not Available,16,27
2816,261323,CEDAR COUNTY MEMORIAL HOSPITAL,MO,Critical Access Hospitals,Government - Local,true,false,,Not Available,16,27
2817,261324,CASS REGIONAL MEDICAL CENTER,MO,Critical Access Hospitals,Government - Local,true,false,4.0,4,,27
2818,261325,COX BARTON COUNTY HOSPITAL,MO,Critical Access Hospitals,Government - Local,true,false,,Not Available,16,27
2819,261327,RAY COUNTY MEMORIAL HOSPITAL,MO,Critical Access Hospitals,Government - Local,true,false,,Not Available,16,27
2820,261328,MOSAIC MEDICAL CENTER ALBANY,MO,Critical Access Hospitals,Voluntary non-profit - Private,true,false,,Not Available,16,27
2821,261329,COX MONETT HOSPITAL,MO,Critical Access Hospitals,Voluntary non-profit - Private,true,false,3.0,3,,27
2822,261330,STE GENEVIEVE COUNTY MEMORIAL HOSPITAL,MO,Critical Access Hospitals,Government - Hospital District or Authority,true,false,4.0,4,,27
2823,261331,FREEMAN NEOSHO HOSPITAL,MO,Critical Access Hospitals,Voluntary non-profit - Private,true,false,4.0,4,,27
2824,261332,CARROLL COUNTY MEMORIAL HOSPITAL,MO,Critical Access Hospitals,Voluntary non-profit - Private,true,false,,Not Available,16,27
2825,261333,PIKE COUNTY MEMORIAL HOSPITAL,MO,Critical Access Hospitals,Government - Local,true,false,,Not Available,16,27
2826,261335,MERCY ST FRANCIS HOSPITAL,MO,Critical Access Hospitals,Voluntary non-profit - Private,true,false,,Not Available,16,27
2827,261336,IRON COUNTY MEDICAL CENTER,MO,Critical Access Hospitals,Government - Hospital District or Authority,true,false,,Not Available,16,27
2828,261337,MISSOURI BAPTIST SULLIVAN HOSPITAL,MO,Critical Access Hospitals,Voluntary non-profit - Private,true,false,2.0,2,,27
2829,261338,MERCY HOSPITAL CARTHAGE,MO,Critical Access Hospitals,Voluntary non-profit - Private,true,false,4.0,4,,27
2830,261340,MOSAIC MEDICAL CENTER - MARYVILLE,MO,Critical Access Hospitals,Voluntary non-profit - Private,true,false,,Not Available,5,27
2831,263301,ST LOUIS CHILDRENS HOSPITAL,MO,Childrens,Voluntary non-profit - Other,true,false,,Not Available,19,27
2832,263302,THE CHILDREN'S MERCY HOSPITAL,MO,Childrens,Voluntary non-profit - Private,true,false,,Not Available,19,27
2833,263303,RANKEN JORDAN PEDIATRIC BRIDGE HOSPITAL,MO,Childrens,Voluntary non-profit - Other,true,false,,Not Available,19,27
2834,263304,SHRINERS HOSPITALS FOR CHILDREN,MO,Childrens,Voluntary non-profit - Private,true,false,,Not Available,19,27
2835,264004,CENTER FOR BEHAVIORAL MEDICINE,MO,Psychiatric,Government - State,true,false,,Not Available,19,27
2836,264005,SOUTHEAST MISSOURI MENTAL HLTH CTR,MO,Psychiatric,Government - State,true,false,,Not Available,19,27
2837,264007,NORTHWEST MISSOURI PSYCHIATRIC REHAB CTR,MO,Psychiatric,Government - State,true,false,,Not Available,19,27
2838,264008,CENTER FOR BEHAVIORAL MEDICINE,MO,Psychiatric,Government - State,true,false,,Not Available,19,27
2839,264010,ST LOUIS FORENSIC TREATMENT CENTER,MO,Psychiatric,Government - State,true,false,,Not Available,19,27
2840,264012,CENTERPOINTE HOSPITAL,MO,Psychiatric,Proprietary,true,false,,Not Available,19,27
2841,264020,ROYAL OAKS HOSPITAL,MO,Psychiatric,Voluntary non-profit - Private,true,false,,Not Available,19,27
2842,264024,LAKELAND BEHAVIORAL HEALTH SYSTEM,MO,Psychiatric,Proprietary,true,false,,Not Available,19,27
2843,264031,OSAGE BEACH CENTER FOR BEHAVIORAL HEALTH,MO,Psychiatric,Proprietary,true,false,,Not Available,19,27
2844,264032,CENTERPOINTE HOSPITAL OF COLUMBIA,MO,Psychiatric,Proprietary,true,false,,Not Available,19,27
2845,264033,PERIMETER BEHAVIORAL HOSPITAL OF SPRINGFIELD,MO,Psychiatric,Proprietary,true,false,,Not Available,19,27
2846,264034,SOUTHEAST BEHAVIORAL HOSPITAL,MO,Psychiatric,Proprietary,true,false,,Not Available,19,27
2847,264035,MARYLAND HEIGHTS CENTER FOR BEHAVIORAL HEALTH,MO,Psychiatric,Voluntary non-profit - Other,true,false,,Not Available,19,27
2848,270003,ST PETERS HEALTH,MT,Acute Care Hospitals,Voluntary non-profit - Private,true,false,3.0,3,,30
2849,270004,BILLINGS CLINIC HOSPITAL,MT,Acute Care Hospitals,Voluntary non-profit - Private,true,false,4.0,4,,30
2850,270012,BENEFIS HOSPITALS INC,MT,Acute Care Hospitals,Voluntary non-profit - Private,true,false,2.0,2,,30
2851,270014,ST. PATRICK HOSPITAL,MT,Acute Care Hospitals,Voluntary non-profit - Church,true,false,5.0,5,,30
2852,270017,ST JAMES HOSPITAL,MT,Acute Care Hospitals,Voluntary non-profit - Private,true,false,2.0,2,,30
2853,270023,COMMUNITY MEDICAL CENTER,MT,Acute Care Hospitals,Voluntary non-profit - Private,true,false,3.0,3,,30
2854,27003F,VA MONTANA HEALTHCARE SYSTEM,MT,Acute Care - Veterans Administration,Veterans Health Administration,true,true,5.0,5,,30
2855,270049,INTERMOUNTAIN HEALTH ST VINCENT REGIONAL HOSPITAL,MT,Acute Care Hospitals,Voluntary non-profit - Church,true,false,4.0,4,,30
2856,270051,LOGAN HEALTH MEDICAL CENTER,MT,Acute Care Hospitals,Voluntary non-profit - Private,true,false,3.0,3,,30
2857,270057,BOZEMAN HEALTH DEACONESS HOSPITAL,MT,Acute Care Hospitals,Voluntary non-profit - Private,true,false,4.0,4,,30
2858,270074,P H S INDIAN HOSPITAL AT BROWNING - BLACKFEET,MT,Acute Care Hospitals,Government - Federal,true,false,,Not Available,16,30
2859,270086,GREAT FALLS CLINIC HOSPITAL,MT,Acute Care Hospitals,Proprietary,true,false,2.0,2,,30
2860,271300,POPLAR COMMUNITY HOSPITAL,MT,Critical Access Hospitals,Voluntary non-profit - Private,true,false,,Not Available,16,30
2861,271301,FALLON MEDICAL COMPLEX HOSPITAL,MT,Critical Access Hospitals,Voluntary non-profit - Private,true,false,,Not Available,16,30
2862,271302,DAHL MEMORIAL HEALTHCARE ASSOCIATION INC,MT,Critical Access Hospitals,Voluntary non-profit - Private,true,false,,Not Available,16,30
2863,271303,GRANITE COUNTY MEDICAL CENTER,MT,Critical Access Hospitals,Government - Hospital District or Authority,true,false,,Not Available,16,30
2864,271304,MISSOURI RIVER MEDICAL CENTER,MT,Critical Access Hospitals,Government - Hospital District or Authority,true,false,,Not Available,16,30
2865,271305,MCCONE COUNTY HEALTH CENTER,MT,Critical Access Hospitals,Voluntary non-profit - Other,true,false,,Not Available,16,30
2866,271306,MOUNTAINVIEW MEDICAL CENTER,MT,Critical Access Hospitals,Voluntary non-profit - Private,true,false,,Not Available,16,30
2867,271307,BENEFIS TETON MEDICAL CENTER,MT,Critical Access Hospitals,Voluntary non-profit - Private,true,false,,Not Available,16,30
2868,271308,ROOSEVELT MEDICAL CENTER,MT,Critical Access Hospitals,Voluntary non-profit - Private,true,false,,Not Available,16,30
2869,271309,PRAIRIE COMMUNITY CAH,MT,Critical Access Hospitals,Government - Hospital District or Authority,true,false,,Not Available,16,30
2870,271310,GARFIELD COUNTY HEALTH CENTER,MT,Critical Access Hospitals,Government - Local,true,false,,Not Available,16,30
2871,271311,BIG SANDY MEDICAL CENTER,MT,Critical Access Hospitals,Voluntary non-profit - Private,true,false,,Not Available,16,30
2872,271312,PHILLIPS COUNTY HOSPITAL - CAH,MT,Critical Access Hospitals,Voluntary non-profit - Private,true,false,,Not Available,16,30
2873,271313,PIONEER MEDICAL CENTER,MT,Critical Access Hospitals,Voluntary non-profit - Private,true,false,,Not Available,16,30
2874,271314,DEER LODGE MEDICAL CENTER,MT,Critical Access Hospitals,Voluntary non-profit - Private,true,false,,Not Available,16,30
2875,271315,P H S INDIAN HOSPITAL-FT BELKNAP AT HARLEM - CAH,MT,Critical Access Hospitals,Government - Federal,true,false,,Not Available,19,30
2876,271316,FRANCES MAHON DEACONESS HOSPITAL,MT,Critical Access Hospitals,Voluntary non-profit - Private,true,false,,Not Available,16,30
2877,271317,LIVINGSTON HEALTHCARE,MT,Critical Access Hospitals,Physician,true,false,3.0,3,,30
2878,271318,BARRETT HOSPITAL & HEALTHCARE,MT,Critical Access Hospitals,Government - Hospital District or Authority,true,false,2.0,2,,30
2879,271319,RUBY VALLEY MEDICAL CENTER,MT,Critical Access Hospitals,Government - Hospital District or Authority,true,false,,Not Available,16,30
2880,271320,CABINET PEAKS MEDICAL CENTER,MT,Critical Access Hospitals,Voluntary non-profit - Private,true,false,2.0,2,,30
2881,271321,WHEATLAND MEMORIAL HOSPITAL,MT,Critical Access Hospitals,Voluntary non-profit - Private,true,false,,Not Available,16,30
2882,271322,SHERIDAN MEMORIAL HOSPTIAL,MT,Critical Access Hospitals,Voluntary non-profit - Private,true,false,,Not Available,16,30
2883,271323,CLARK FORK VALLEY HOSPITAL,MT,Critical Access Hospitals,Voluntary non-profit - Private,true,false,,Not Available,16,30
2884,271324,PONDERA MEDICAL CENTER,MT,Critical Access Hospitals,Voluntary non-profit - Private,true,false,,Not Available,16,30
2885,271325,ST LUKE COMMUNITY HOSPITAL,MT,Critical Access Hospitals,Voluntary non-profit - Private,true,false,,Not Available,16,30
2886,271326,BEARTOOTH BILLINGS CLINIC,MT,Critical Access Hospitals,Voluntary non-profit - Private,true,false,,Not Available,16,30
2887,271327,ROSEBUD HEALTH CARE CENTER,MT,Critical Access Hospitals,Voluntary non-profit - Private,true,false,,Not Available,16,30
2888,271328,LOGAN HEALTH - SHELBY,MT,Critical Access Hospitals,Voluntary non-profit - Private,true,false,,Not Available,16,30
2889,271329,MADISON VALLEY MEDICAL CENTER,MT,Critical Access Hospitals,Voluntary non-profit - Private,true,false,,Not Available,16,30
2890,271330,STILLWATER BILLINGS CLINIC,MT,Critical Access Hospitals,Voluntary non-profit - Private,true,false,,Not Available,16,30
2891,271331,MINERAL COMMUNITY HOSPITAL,MT,Critical Access Hospitals,Government - Hospital District or Authority,true,false,,Not Available,16,30
2892,271332,GLENDIVE MEDICAL CENTER,MT,Critical Access Hospitals,Voluntary non-profit - Private,true,false,1.0,1,,30
2893,271333,BILLINGS CLINIC BROADWATER,MT,Critical Access Hospitals,Voluntary non-profit - Private,true,false,,Not Available,16,30
2894,271334,LOGAN HEALTH - CHESTER,MT,Critical Access Hospitals,Voluntary non-profit - Private,true,false,,Not Available,16,30
2895,271335,COMMUNITY HOSPITAL OF ANACONDA,MT,Critical Access Hospitals,Voluntary non-profit - Private,true,false,5.0,5,,30
2896,271336,LOGAN HEALTH - WHITEFISH,MT,Critical Access Hospitals,Voluntary non-profit - Private,true,false,3.0,3,,30
2897,271337,NORTHERN ROCKIES MEDICAL CENTER,MT,Critical Access Hospitals,Voluntary non-profit - Private,true,false,,Not Available,16,30
2898,271338,BIG HORN HOSPITAL,MT,Critical Access Hospitals,Voluntary non-profit - Private,true,false,,Not Available,16,30
2899,271339,P H S INDIAN HOSPITAL CROW / NORTHERN CHEYENNE,MT,Critical Access Hospitals,Government - Federal,true,false,,Not Available,16,30
2900,271340,BITTERROOT HEALTH - DALY HOSPITAL,MT,Critical Access Hospitals,Voluntary non-profit - Private,true,false,4.0,4,,30
2901,271341,TRINITY HOSPITAL,MT,Critical Access Hospitals,Voluntary non-profit - Private,true,false,,Not Available,16,30
2902,271342,DANIELS MEMORIAL HOSPITAL,MT,Critical Access Hospitals,Voluntary non-profit - Private,true,false,,Not Available,16,30
2903,271343,PROVIDENCE ST JOSEPH MEDICAL CENTER,MT,Critical Access Hospitals,Voluntary non-profit - Private,true,false,,Not Available,16,30
2904,271344,SIDNEY HEALTH CENTER,MT,Critical Access Hospitals,Voluntary non-profit - Private,true,false,3.0,3,,30
2905,271345,CENTRAL MONTANA MEDICAL CENTER,MT,Critical Access Hospitals,Voluntary non-profit - Private,true,false,,Not Available,16,30
2906,271346,ROUNDUP MEMORIAL HEALTHCARE,MT,Critical Access Hospitals,Voluntary non-profit - Private,true,false,,Not Available,16,30
2907,271347,HOLY ROSARY HOSPITAL,MT,Critical Access Hospitals,Voluntary non-profit - Private,true,false,5.0,5,,30
2908,271348,NORTHERN MONTANA HOSPITAL,MT,Critical Access Hospitals,Voluntary non-profit - Private,true,false,,Not Available,16,30
2909,271389,BOZEMAN HEALTH BIG SKY MEDICAL CENTER,MT,Critical Access Hospitals,Voluntary non-profit - Private,true,false,,Not Available,16,30
2910,274004,SHODAIR CHILDREN'S HOSPITAL,MT,Psychiatric,Voluntary non-profit - Private,true,false,,Not Available,19,30
2911,280003,BRYAN MEDICAL CENTER,NE,Acute Care Hospitals,Voluntary non-profit - Private,true,false,3.0,3,,33
2912,280009,CHI HEALTH GOOD SAMARITAN,NE,Acute Care Hospitals,Voluntary non-profit - Church,true,false,4.0,4,,33
2913,280013,THE NEBRASKA MEDICAL CENTER,NE,Acute Care Hospitals,Voluntary non-profit - Private,true,false,4.0,4,,33
2914,280020,CHI HEALTH ST. ELIZABETH,NE,Acute Care Hospitals,Voluntary non-profit - Private,true,false,4.0,4,,33
2915,280023,CHI HEALTH ST. FRANCIS,NE,Acute Care Hospitals,Voluntary non-profit - Church,true,false,4.0,4,,33
2916,280032,MARY LANNING HEALTHCARE,NE,Acute Care Hospitals,Voluntary non-profit - Other,true,false,2.0,2,,33
2917,280040,THE NEBRASKA METHODIST HOSPITAL,NE,Acute Care Hospitals,Voluntary non-profit - Private,true,false,4.0,4,,33
2918,280059,TWELVE CLANS UNITY HOSPITAL,NE,Acute Care Hospitals,Tribal,true,false,,Not Available,16,33
2919,280060,CHI HEALTH BERGAN MERCY,NE,Acute Care Hospitals,Voluntary non-profit - Private,true,false,4.0,4,,33
2920,280061,REGIONAL WEST MEDICAL CENTER,NE,Acute Care Hospitals,Voluntary non-profit - Private,true,false,2.0,2,,33
2921,280065,GREAT PLAINS HEALTH,NE,Acute Care Hospitals,Voluntary non-profit - Private,true,false,3.0,3,,33
2922,28006F,OMAHA VA MEDICAL CENTER (VA NEBRASKA WESTERN IOWA HEALTHCARE SYSTEM),NE,Acute Care - Veterans Administration,Veterans Health Administration,true,true,4.0,4,,33
2923,280077,METHODIST FREMONT HEALTH,NE,Acute Care Hospitals,Voluntary non-profit - Private,true,false,2.0,2,,33
2924,280081,CHI HEALTH IMMANUEL,NE,Acute Care Hospitals,Voluntary non-profit - Private,true,false,3.0,3,,33
2925,280105,CHI HEALTH MIDLANDS,NE,Acute Care Hospitals,Voluntary non-profit - Church,true,false,4.0,4,,33
2926,280111,"COLUMBUS COMMUNITY HOSPITAL, INC",NE,Acute Care Hospitals,Voluntary non-profit - Other,true,false,3.0,3,,33
2927,280125,FAITH HEALTH,NE,Acute Care Hospitals,Voluntary non-profit - Church,true,false,3.0,3,,33
2928,280127,LINCOLN SURGICAL HOSPITAL,NE,Acute Care Hospitals,Proprietary,true,false,,Not Available,16,33
2929,280128,CHI HEALTH NEBRASKA HEART,NE,Acute Care Hospitals,Voluntary non-profit - Private,true,false,4.0,4,,33
2930,280129,NEBRASKA ORTHOPAEDIC HOSPITAL,NE,Acute Care Hospitals,Physician,true,false,,Not Available,16,33
2931,280130,CHI HEALTH LAKESIDE,NE,Acute Care Hospitals,Voluntary non-profit - Church,true,false,4.0,4,,33
2932,280131,MIDWEST SURGICAL HOSPITAL LLC,NE,Acute Care Hospitals,Physician,true,false,,Not Available,16,33
2933,280132,BELLEVUE MEDICAL CENTER,NE,Acute Care Hospitals,Proprietary,true,false,4.0,4,,33
2934,280133,"NEBRASKA SPINE HOSPITAL, LLC",NE,Acute Care Hospitals,Proprietary,true,false,,Not Available,"16, 23",33
2935,280134,KEARNEY REGIONAL MEDICAL CENTER,NE,Acute Care Hospitals,Proprietary,true,false,4.0,4,,33
2936,280139,GRAND ISLAND REGIONAL MEDICAL CENTER,NE,Acute Care Hospitals,Voluntary non-profit - Private,true,false,2.0,2,,33
2937,280779,FRIEND COMMUNITY HEALTHCARE SYSTEM,NE,Rural Emergency Hospital,Government - Local,true,false,,Not Available,19,33
2938,281300,HARLAN COUNTY HEALTH SYSTEM,NE,Critical Access Hospitals,Government - Local,true,false,,Not Available,16,33
2939,281301,FILLMORE COUNTY HOSPITAL,NE,Critical Access Hospitals,Government - Local,true,false,4.0,4,,33
2940,281302,PAWNEE COUNTY MEMORIAL HOSPITAL,NE,Critical Access Hospitals,Government - Local,true,false,,Not Available,16,33
2941,281303,NIOBRARA VALLEY HOSPITAL,NE,Critical Access Hospitals,Voluntary non-profit - Private,true,false,,Not Available,16,33
2942,281304,THAYER COUNTY HEALTH SERVICES,NE,Critical Access Hospitals,Government - Local,true,false,,Not Available,16,33
2943,281305,KIMBALL HEALTH SERVICES,NE,Critical Access Hospitals,Government - Local,true,false,,Not Available,16,33
2944,281306,KEARNEY COUNTY HEALTH SERVICES HOSPITAL,NE,Critical Access Hospitals,Government - Local,true,false,,Not Available,16,33
2945,281307,SAUNDERS MEDICAL CENTER,NE,Critical Access Hospitals,Government - Local,true,false,,Not Available,16,33
2946,281308,HENDERSON COMMUNITY HOSPITAL,NE,Critical Access Hospitals,Voluntary non-profit - Private,true,false,,Not Available,16,33
2947,281309,SYRACUSE AREA HEALTH,NE,Critical Access Hospitals,Government - Hospital District or Authority,true,false,,Not Available,16,33
2948,281310,GARDEN COUNTY HEALTH SERVICES,NE,Critical Access Hospitals,Voluntary non-profit - Private,true,false,,Not Available,16,33
2949,281311,FRANKLIN COUNTY MEMORIAL HOSPITAL,NE,Critical Access Hospitals,Government - Local,true,false,,Not Available,16,33
2950,281312,GENOA COMMUNITY HOSPITAL,NE,Critical Access Hospitals,Government - Local,true,false,,Not Available,16,33
2951,281313,GOTHENBURG HEALTH,NE,Critical Access Hospitals,Government - Hospital District or Authority,true,false,,Not Available,16,33
2952,281314,ANNIE JEFFREY MEMORIAL COUNTY HEALTH CENTER,NE,Critical Access Hospitals,Government - Local,true,false,,Not Available,16,33
2953,281315,BRODSTONE HEALTHCARE,NE,Critical Access Hospitals,Voluntary non-profit - Private,true,false,4.0,4,,33
2954,281316,WEBSTER COUNTY COMMUNITY HOSPITAL,NE,Critical Access Hospitals,Government - Local,true,false,,Not Available,16,33
2955,281318,MORRILL COUNTY COMMUNITY HOSPITAL,NE,Critical Access Hospitals,Government - Local,true,false,,Not Available,16,33
2956,281319,JEFFERSON COMMUNITY HEALTH & LIFE,NE,Critical Access Hospitals,Voluntary non-profit - Private,true,false,,Not Available,16,33
2957,281320,MEMORIAL HOSPITAL,NE,Critical Access Hospitals,Voluntary non-profit - Private,true,false,,Not Available,16,33
2958,281322,ST FRANCIS MEMORIAL HOSPITAL,NE,Critical Access Hospitals,Voluntary non-profit - Private,true,false,2.0,2,,33
2959,281323,CHI HEALTH SCHUYLER,NE,Critical Access Hospitals,Voluntary non-profit - Private,true,false,,Not Available,16,33
2960,281324,NEMAHA COUNTY HOSPITAL,NE,Critical Access Hospitals,Government - Local,true,false,,Not Available,16,33
2961,281325,BROWN COUNTY HOSPITAL,NE,Critical Access Hospitals,Government - Local,true,false,,Not Available,16,33
2962,281326,ANTELOPE MEMORIAL HOSPITAL,NE,Critical Access Hospitals,Voluntary non-profit - Private,true,false,,Not Available,16,33
2963,281327,COZAD COMMUNITY HOSPITAL,NE,Critical Access Hospitals,Government - Hospital District or Authority,true,false,,Not Available,16,33
2964,281328,MERRICK MEDICAL CENTER,NE,Critical Access Hospitals,Voluntary non-profit - Private,true,false,,Not Available,16,33
2965,281329,AVERA ST ANTHONY'S HOSPITAL,NE,Critical Access Hospitals,Voluntary non-profit - Church,true,false,4.0,4,,33
2966,281331,AVERA CREIGHTON HOSPITAL,NE,Critical Access Hospitals,Voluntary non-profit - Private,true,false,,Not Available,16,33
2967,281332,BUTLER COUNTY HEALTH,NE,Critical Access Hospitals,Government - Local,true,false,,Not Available,16,33
2968,281333,ROCK COUNTY HOSPITAL,NE,Critical Access Hospitals,Government - Local,true,false,,Not Available,16,33
2969,281334,BOONE COUNTY HEALTH CENTER,NE,Critical Access Hospitals,Government - Local,true,false,4.0,4,,33
2970,281335,CALLAWAY DISTRICT HOSPITAL,NE,Critical Access Hospitals,Government - Hospital District or Authority,true,false,,Not Available,16,33
2971,281336,YORK GENERAL HEALTH CARE SERVICES,NE,Critical Access Hospitals,Voluntary non-profit - Private,true,false,4.0,4,,33
2972,281338,HOWARD COUNTY MEDICAL CENTER,NE,Critical Access Hospitals,Voluntary non-profit - Other,true,false,,Not Available,16,33
2973,281339,MEMORIAL HEALTH CARE SYSTEMS,NE,Critical Access Hospitals,Voluntary non-profit - Private,true,false,3.0,3,,33
2974,281340,DUNDY COUNTY HOSPITAL,NE,Critical Access Hospitals,Government - Local,true,false,,Not Available,16,33
2975,281341,CHADRON HOSPITAL,NE,Critical Access Hospitals,Voluntary non-profit - Private,true,false,3.0,3,,33
2976,281342,CHI HEALTH ST MARY'S,NE,Critical Access Hospitals,Voluntary non-profit - Church,true,false,4.0,4,,33
2977,281343,WEST HOLT MEMORIAL HOSPITAL,NE,Critical Access Hospitals,Voluntary non-profit - Private,true,false,,Not Available,16,33
2978,281344,CHERRY COUNTY HOSPITAL,NE,Critical Access Hospitals,Government - Local,true,false,,Not Available,16,33
2979,281345,PROVIDENCE MEDICAL CENTER,NE,Critical Access Hospitals,Voluntary non-profit - Private,true,false,,Not Available,5,33
2980,281346,CHI HEALTH PLAINVIEW HOSPITAL,NE,Critical Access Hospitals,Voluntary non-profit - Church,true,false,,Not Available,16,33
2981,281347,OSMOND GENERAL HOSPITAL,NE,Critical Access Hospitals,Voluntary non-profit - Private,true,false,,Not Available,16,33
2982,281348,TRI VALLEY HEALTH SYSTEM,NE,Critical Access Hospitals,Voluntary non-profit - Private,true,false,,Not Available,16,33
2983,281349,PENDER COMMUNITY HOSPITAL,NE,Critical Access Hospitals,Government - Local,true,false,,Not Available,16,33
2984,281350,JOHNSON COUNTY HOSPITAL,NE,Critical Access Hospitals,Government - Local,true,false,,Not Available,16,33
2985,281351,CHASE COUNTY COMMUNITY HOSPITAL,NE,Critical Access Hospitals,Government - Local,true,false,,Not Available,16,33
2986,281352,"COMMUNITY MEDICAL CENTER, INC",NE,Critical Access Hospitals,Voluntary non-profit - Private,true,false,4.0,4,,33
2987,281353,VALLEY COUNTY HEALTH SYSTEM,NE,Critical Access Hospitals,Government - Local,true,false,,Not Available,16,33
2988,281354,CRETE AREA MEDICAL CENTER,NE,Critical Access Hospitals,Voluntary non-profit - Private,true,false,,Not Available,16,33
2989,281355,OGALLALA COMMUNITY HOSPITAL,NE,Critical Access Hospitals,Government - Hospital District or Authority,true,false,,Not Available,16,33
2990,281356,PERKINS COUNTY HEALTH SERVICES,NE,Critical Access Hospitals,Government - Hospital District or Authority,true,false,,Not Available,16,33
2991,281357,SIDNEY REGIONAL MEDICAL CENTER,NE,Critical Access Hospitals,Voluntary non-profit - Private,true,false,,Not Available,16,33
2992,281358,GORDON MEMORIAL HOSPITAL DISTRICT,NE,Critical Access Hospitals,Government - Hospital District or Authority,true,false,,Not Available,16,33
2993,281359,MEMORIAL COMMUNITY HOSPITAL & HEALTH SYSTEM,NE,Critical Access Hospitals,Voluntary non-profit - Private,true,false,,Not Available,16,33
2994,281360,BOX BUTTE GENERAL HOSPITAL,NE,Critical Access Hospitals,Government - Local,true,false,4.0,4,,33
2995,281361,LEXINGTON REGIONAL HEALTH CENTER,NE,Critical Access Hospitals,Government - Hospital District or Authority,true,false,,Not Available,16,33
2996,281362,PHELPS MEMORIAL HEALTH CENTER,NE,Critical Access Hospitals,Voluntary non-profit - Private,true,false,4.0,4,,33
2997,281363,COMMUNITY HOSPITAL,NE,Critical Access Hospitals,Voluntary non-profit - Other,true,false,3.0,3,,33
2998,281364,"BEATRICE COMMUNITY HOSPITAL & HEALTH CENTER, INC",NE,Critical Access Hospitals,Voluntary non-profit - Private,true,false,4.0,4,,33
2999,281365,JENNIE M MELHAM MEMORIAL MEDICAL CENTER,NE,Critical Access Hospitals,Voluntary non-profit - Private,true,false,4.0,4,,33
3000,283300,BOYS TOWN NATIONAL RESEARCH HOSPITAL,NE,Childrens,Voluntary non-profit - Private,true,false,,Not Available,19,33
3001,283301,CHILDREN'S NEBRASKA,NE,Childrens,Voluntary non-profit - Private,true,false,,Not Available,19,33
3002,284003,LINCOLN REGIONAL CENTER,NE,Psychiatric,Government - State,true,false,,Not Available,19,33
3003,284009,DOUGLAS COUNTY COMMUNITY MENTAL HEALTH CENTER,NE,Psychiatric,Government - Local,true,false,,Not Available,19,33
3004,290001,RENOWN REGIONAL MEDICAL CENTER,NV,Acute Care Hospitals,Voluntary non-profit - Private,true,false,3.0,3,,37
3005,290003,SUNRISE HOSPITAL AND MEDICAL CENTER,NV,Acute Care Hospitals,Proprietary,true,false,2.0,2,,37
3006,290005,NORTH VISTA HOSPITAL,NV,Acute Care Hospitals,Voluntary non-profit - Private,true,false,3.0,3,,37
3007,290007,UNIVERSITY MEDICAL CENTER,NV,Acute Care Hospitals,Voluntary non-profit - Other,true,false,2.0,2,,37
3008,290008,NORTHEASTERN NEVADA REGIONAL HOSPITAL,NV,Acute Care Hospitals,Proprietary,true,false,3.0,3,,37
3009,290009,SAINT MARY'S REGIONAL MEDICAL CENTER,NV,Acute Care Hospitals,Proprietary,true,false,4.0,4,,37
3010,290012,SAINT ROSE DOMINICAN HOSPITALS - ROSE DE LIMA,NV,Acute Care Hospitals,Voluntary non-profit - Private,true,false,,Not Available,16,37
3011,290019,CARSON TAHOE REGIONAL MEDICAL CENTER,NV,Acute Care Hospitals,Voluntary non-profit - Private,true,false,2.0,2,,37
3012,29001F,99th Medical Group (Nellis AFB),NV,Acute Care - Department of Defense,Department of Defense,true,true,,Not Available,22,37
3013,290021,VALLEY HOSPITAL MEDICAL CENTER,NV,Acute Care Hospitals,Proprietary,true,false,2.0,2,,37
3014,29002F,VA SIERRA NEVADA HEALTHCARE SYSTEM,NV,Acute Care - Veterans Administration,Veterans Health Administration,true,true,5.0,5,,37
3015,290032,NORTHERN NEVADA MEDICAL CENTER,NV,Acute Care Hospitals,Voluntary non-profit - Private,true,false,3.0,3,,37
3016,290039,MOUNTAINVIEW HOSPITAL,NV,Acute Care Hospitals,Proprietary,true,false,4.0,4,,37
3017,290041,SUMMERLIN HOSPITAL MEDICAL CENTER,NV,Acute Care Hospitals,Proprietary,true,false,3.0,3,,37
3018,290042,HARMON HOSPITAL,NV,Acute Care Hospitals,Proprietary,true,false,,Not Available,5,37
3019,290045,SAINT ROSE DOMINICAN HOSPITALS - SIENA CAMPUS,NV,Acute Care Hospitals,Voluntary non-profit - Private,true,false,3.0,3,,37
3020,290046,SPRING VALLEY HOSPITAL MEDICAL CENTER,NV,Acute Care Hospitals,Proprietary,true,false,3.0,3,,37
3021,290047,SOUTHERN HILLS HOSPITAL AND MEDICAL CENTER,NV,Acute Care Hospitals,Proprietary,true,false,4.0,4,,37
3022,290049,RENOWN SOUTH MEADOWS MEDICAL CENTER,NV,Acute Care Hospitals,Voluntary non-profit - Private,true,false,3.0,3,,37
3023,29004F,VA SOUTHERN NEVADA HEALTHCARE SYSTEM,NV,Acute Care - Veterans Administration,Veterans Health Administration,true,true,5.0,5,,37
3024,290053,SAINT ROSE DOMINICAN HOSPITALS - SAN MARTIN CAMPUS,NV,Acute Care Hospitals,Voluntary non-profit - Private,true,false,4.0,4,,37
3025,290054,CENTENNIAL HILLS HOSPITAL MEDICAL CENTER,NV,Acute Care Hospitals,Proprietary,true,false,2.0,2,,37
3026,290057,HENDERSON HOSPITAL,NV,Acute Care Hospitals,Proprietary,true,false,2.0,2,,37
3027,290058,SAINT ROSE DOMINICAN HOSPITALS - NORTH LAS VEGAS,NV,Acute Care Hospitals,Proprietary,true,false,,Not Available,16,37
3028,290062,WEST HENDERSON HOSPITAL,NV,Acute Care Hospitals,Proprietary,true,false,,Not Available,5,37
3029,291300,MOUNT GRANT GENERAL HOSPITAL,NV,Critical Access Hospitals,Government - Hospital District or Authority,true,false,,Not Available,16,37
3030,291301,INCLINE VILLAGE COMMUNITY HOSPITAL,NV,Critical Access Hospitals,Government - Hospital District or Authority,true,false,,Not Available,16,37
3031,291302,WILLIAM BEE RIRIE HOSPITAL,NV,Critical Access Hospitals,Government - Hospital District or Authority,true,false,,Not Available,16,37
3032,291303,BATTLE MOUNTAIN GENERAL HOSPITAL,NV,Critical Access Hospitals,Government - Hospital District or Authority,true,false,,Not Available,16,37
3033,291304,PERSHING GENERAL HOSPITAL,NV,Critical Access Hospitals,Government - Hospital District or Authority,true,false,,Not Available,16,37
3034,291306,CARSON VALLEY HEALTH,NV,Critical Access Hospitals,Voluntary non-profit - Private,true,false,5.0,5,,37
3035,291307,MESA VIEW REGIONAL HOSPITAL,NV,Critical Access Hospitals,Proprietary,true,false,2.0,2,,37
3036,291308,HUMBOLDT GENERAL HOSPITAL,NV,Critical Access Hospitals,Government - Hospital District or Authority,true,false,2.0,2,,37
3037,291309,BOULDER CITY HOSPITAL,NV,Critical Access Hospitals,Voluntary non-profit - Private,true,false,,Not Available,16,37
3038,291311,DESERT VIEW HOSPITAL,NV,Critical Access Hospitals,Proprietary,true,false,2.0,2,,37
3039,291312,GROVER C DILS MEDICAL CENTER,NV,Critical Access Hospitals,Voluntary non-profit - Private,true,false,,Not Available,16,37
3040,291313,BANNER CHURCHILL COMMUNITY HOSPITAL,NV,Critical Access Hospitals,Voluntary non-profit - Private,true,false,2.0,2,,37
3041,291314,SOUTH LYON MEDICAL CENTER,NV,Critical Access Hospitals,Voluntary non-profit - Private,true,false,,Not Available,16,37
3042,294000,DINI-TOWNSEND HOSPITAL AT NNMH,NV,Psychiatric,Government - State,true,false,,Not Available,19,37
3043,294002,SOUTHERN NEVADA ADULT MENTAL HEALTH SERVICES,NV,Psychiatric,Government - State,true,false,,Not Available,19,37
3044,294010,SPRING MOUNTAIN SAHARA,NV,Psychiatric,Proprietary,true,false,,Not Available,19,37
3045,294011,SPRING MOUNTAIN TREATMENT CENTER,NV,Psychiatric,Proprietary,true,false,,Not Available,19,37
3046,294012,SEVEN HILLS HOSPITAL,NV,Psychiatric,Proprietary,true,false,,Not Available,19,37
3047,294013,"DESERT PARKWAY BEHAVIORAL HEALTHCARE HOSPITAL, LLC",NV,Psychiatric,Proprietary,true,false,,Not Available,19,37
3048,294015,"RENO BEHAVIORAL HEALTHCARE HOSPITAL, LLC",NV,Psychiatric,Proprietary,true,false,,Not Available,19,37
3049,294016,"THRIVE BEHAVIORAL HOSPITAL, LLC",NV,Psychiatric,Proprietary,true,false,,Not Available,19,37
3050,300001,CONCORD HOSPITAL,NH,Acute Care Hospitals,Voluntary non-profit - Private,true,false,3.0,3,,34
3051,300003,MARY HITCHCOCK MEMORIAL HOSPITAL,NH,Acute Care Hospitals,Voluntary non-profit - Private,true,false,3.0,3,,34
3052,300005,CONCORD HOSPITAL- LACONIA,NH,Acute Care Hospitals,Voluntary non-profit - Private,true,false,3.0,3,,34
3053,300011,ST JOSEPH HOSPITAL,NH,Acute Care Hospitals,Voluntary non-profit - Other,true,false,4.0,4,,34
3054,300012,ELLIOT HOSPITAL,NH,Acute Care Hospitals,Voluntary non-profit - Private,true,false,2.0,2,,34
3055,300014,FRISBIE MEMORIAL HOSPITAL,NH,Acute Care Hospitals,Proprietary,true,false,3.0,3,,34
3056,300017,PARKLAND MEDICAL CENTER,NH,Acute Care Hospitals,Proprietary,true,false,4.0,4,,34
3057,300018,WENTWORTH-DOUGLASS HOSPITAL,NH,Acute Care Hospitals,Voluntary non-profit - Private,true,false,4.0,4,,34
3058,300019,CHESHIRE MEDICAL CENTER,NH,Acute Care Hospitals,Voluntary non-profit - Private,true,false,4.0,4,,34
3059,300020,SOUTHERN NH MEDICAL CENTER,NH,Acute Care Hospitals,Voluntary non-profit - Private,true,false,2.0,2,,34
3060,300023,EXETER HOSPITAL INC,NH,Acute Care Hospitals,Voluntary non-profit - Private,true,false,4.0,4,,34
3061,300029,PORTSMOUTH REGIONAL HOSPITAL,NH,Acute Care Hospitals,Proprietary,true,false,3.0,3,,34
3062,300034,CATHOLIC MEDICAL CENTER,NH,Acute Care Hospitals,Voluntary non-profit - Private,true,false,4.0,4,,34
3063,301300,UPPER CONNECTICUT VALLEY HOSPITAL,NH,Critical Access Hospitals,Voluntary non-profit - Private,true,false,,Not Available,16,34
3064,301301,COTTAGE HOSPITAL,NH,Critical Access Hospitals,Voluntary non-profit - Private,true,false,4.0,4,,34
3065,301302,LITTLETON REGIONAL HEALTHCARE,NH,Critical Access Hospitals,Voluntary non-profit - Private,true,false,1.0,1,,34
3066,301303,WEEKS MEDICAL CENTER,NH,Critical Access Hospitals,Voluntary non-profit - Private,true,false,,Not Available,16,34
3067,301304,NEW LONDON HOSPITAL,NH,Critical Access Hospitals,Voluntary non-profit - Private,true,false,3.0,3,,34
3068,301305,ALICE PECK DAY MEMORIAL HOSPITAL,NH,Critical Access Hospitals,Voluntary non-profit - Private,true,false,4.0,4,,34
3069,301306,CONCORD HOSPITAL- FRANKLIN,NH,Critical Access Hospitals,Voluntary non-profit - Private,true,false,,Not Available,16,34
3070,301307,"MEMORIAL HOSPITAL, THE",NH,Critical Access Hospitals,Voluntary non-profit - Private,true,false,4.0,4,,34
3071,301308,VALLEY REGIONAL HOSPITAL,NH,Critical Access Hospitals,Voluntary non-profit - Private,true,false,3.0,3,,34
3072,301309,MONADNOCK COMMUNITY HOSPITAL,NH,Critical Access Hospitals,Voluntary non-profit - Private,true,false,2.0,2,,34
3073,301310,ANDROSCOGGIN VALLEY HOSPITAL,NH,Critical Access Hospitals,Voluntary non-profit - Private,true,false,2.0,2,,34
3074,301311,SPEARE MEMORIAL HOSPITAL,NH,Critical Access Hospitals,Voluntary non-profit - Private,true,false,3.0,3,,34
3075,301312,HUGGINS HOSPITAL,NH,Critical Access Hospitals,Voluntary non-profit - Private,true,false,4.0,4,,34
3076,304000,NEW HAMPSHIRE HOSPITAL,NH,Psychiatric,Government - State,true,false,,Not Available,19,34
3077,310001,HACKENSACK UNIVERSITY MEDICAL CENTER,NJ,Acute Care Hospitals,Voluntary non-profit - Private,true,false,5.0,5,,35
3078,310002,NEWARK BETH ISRAEL MEDICAL CENTER,NJ,Acute Care Hospitals,Voluntary non-profit - Private,true,false,2.0,2,,35
3079,310003,PALISADES MEDICAL CENTER,NJ,Acute Care Hospitals,Voluntary non-profit - Private,true,false,2.0,2,,35
3080,310005,HUNTERDON MEDICAL CENTER,NJ,Acute Care Hospitals,Voluntary non-profit - Private,true,false,4.0,4,,35
3081,310006,ST MARY'S GENERAL HOSPITAL,NJ,Acute Care Hospitals,Proprietary,true,false,3.0,3,,35
3082,310008,HOLY NAME MEDICAL CENTER,NJ,Acute Care Hospitals,Voluntary non-profit - Private,true,false,5.0,5,,35
3083,310009,CLARA MAASS MEDICAL CENTER,NJ,Acute Care Hospitals,Voluntary non-profit - Private,true,false,3.0,3,,35
3084,310010,UNIVERSITY MEDICAL CENTER OF PRINCETON AT PLAINSBORO,NJ,Acute Care Hospitals,Voluntary non-profit - Private,true,false,4.0,4,,35
3085,310011,CAPE REGIONAL MEDICAL CENTER INC,NJ,Acute Care Hospitals,Voluntary non-profit - Private,true,false,3.0,3,,35
3086,310012,VALLEY HOSPITAL,NJ,Acute Care Hospitals,Voluntary non-profit - Private,true,false,4.0,4,,35
3087,310014,COOPER UNIVERSITY HOSPITAL,NJ,Acute Care Hospitals,Voluntary non-profit - Private,true,false,2.0,2,,35
3088,310015,MORRISTOWN MEDICAL CENTER,NJ,Acute Care Hospitals,Voluntary non-profit - Private,true,false,5.0,5,,35
3089,310016,HEIGHTS UNIVERSITY HOSPITAL,NJ,Acute Care Hospitals,Voluntary non-profit - Church,true,false,2.0,2,,35
3090,310017,CHILTON MEDICAL CENTER,NJ,Acute Care Hospitals,Voluntary non-profit - Private,true,false,5.0,5,,35
3091,310019,ST JOSEPH'S UNIVERSITY MEDICAL CENTER INC,NJ,Acute Care Hospitals,Voluntary non-profit - Church,true,false,3.0,3,,35
3092,31001F,VA NEW JERSEY HEALTH CARE SYSTEM,NJ,Acute Care - Veterans Administration,Veterans Health Administration,true,true,2.0,2,,35
3093,310022,WEST JERSEY HOSPITAL,NJ,Acute Care Hospitals,Voluntary non-profit - Private,true,false,3.0,3,,35
3094,310024,ROBERT WOOD JOHNSON UNIVERSITY HOSPITAL AT RAHWAY,NJ,Acute Care Hospitals,Voluntary non-profit - Private,true,false,4.0,4,,35
3095,310025,CAREPOINT HEALTH - BAYONNE MEDICAL CENTER,NJ,Acute Care Hospitals,Voluntary non-profit - Private,true,false,1.0,1,,35
3096,310027,TRINITAS REGIONAL MEDICAL CENTER,NJ,Acute Care Hospitals,Voluntary non-profit - Private,true,false,3.0,3,,35
3097,310028,NEWTON MEDICAL CENTER,NJ,Acute Care Hospitals,Voluntary non-profit - Private,true,false,4.0,4,,35
3098,310029,VIRTUA OUR LADY OF LOURDES HOSPITAL,NJ,Acute Care Hospitals,Government - State,true,false,2.0,2,,35
3099,310031,DEBORAH HEART AND LUNG CENTER,NJ,Acute Care Hospitals,Voluntary non-profit - Private,true,false,3.0,3,,35
3100,310032,INSPIRA MEDICAL CENTER VINELAND,NJ,Acute Care Hospitals,Voluntary non-profit - Private,true,false,3.0,3,,35
3101,310034,RIVERVIEW MEDICAL CENTER,NJ,Acute Care Hospitals,Voluntary non-profit - Private,true,false,3.0,3,,35
3102,310038,ROBERT WOOD JOHNSON UNIVERSITY HOSPITAL,NJ,Acute Care Hospitals,Voluntary non-profit - Private,true,false,2.0,2,,35
3103,310039,RARITAN BAY MEDICAL CENTER,NJ,Acute Care Hospitals,Voluntary non-profit - Private,true,false,4.0,4,,35
3104,310040,CAREPOINT HEALTH-HOBOKEN UNIVERSITY MEDICAL CENTER,NJ,Acute Care Hospitals,Voluntary non-profit - Church,true,false,1.0,1,,35
3105,310041,COMMUNITY MEDICAL CENTER,NJ,Acute Care Hospitals,Voluntary non-profit - Private,true,false,1.0,1,,35
3106,310044,CAPITAL HEALTH MEDICAL CENTER - HOPEWELL,NJ,Acute Care Hospitals,Voluntary non-profit - Private,true,false,2.0,2,,35
3107,310045,ENGLEWOOD HOSPITAL AND MEDICAL CENTER,NJ,Acute Care Hospitals,Voluntary non-profit - Private,true,false,4.0,4,,35
3108,310047,SHORE MEDICAL CENTER,NJ,Acute Care Hospitals,Voluntary non-profit - Private,true,false,3.0,3,,35
3109,310048,ROBERT WOOD JOHNSON UNIVERSITY HOSPITAL - SOMERSET,NJ,Acute Care Hospitals,Voluntary non-profit - Private,true,false,3.0,3,,35
3110,310050,SAINT CLARE'S HOSPITAL/ DENVILLE CAMPUS,NJ,Acute Care Hospitals,Proprietary,true,false,2.0,2,,35
3111,310051,OVERLOOK MEDICAL CENTER,NJ,Acute Care Hospitals,Voluntary non-profit - Private,true,false,5.0,5,,35
3112,310052,OCEAN MEDICAL CENTER,NJ,Acute Care Hospitals,Voluntary non-profit - Other,true,false,4.0,4,,35
3113,310054,HACKENSACK MERIDIAN MOUNTAINSIDE MEDICAL,NJ,Acute Care Hospitals,Proprietary,true,false,4.0,4,,35
3114,310057,VIRTUA MOUNT HOLLY HOSPITAL,NJ,Acute Care Hospitals,Voluntary non-profit - Private,true,false,3.0,3,,35
3115,310058,BERGEN NEW BRIDGE MEDICAL CENTER,NJ,Acute Care Hospitals,Voluntary non-profit - Private,true,false,,Not Available,"16, 23",35
3116,310060,ST LUKE'S WARREN HOSPITAL,NJ,Acute Care Hospitals,Voluntary non-profit - Private,true,false,5.0,5,,35
3117,310061,VIRTUA WILLINGBORO HOSPITAL,NJ,Acute Care Hospitals,Voluntary non-profit - Private,true,false,3.0,3,,35
3118,310064,ATLANTICARE REGIONAL MEDICAL CENTER - CITY CAMPUS,NJ,Acute Care Hospitals,Voluntary non-profit - Private,true,false,4.0,4,,35
3119,310069,INSPIRA MEDICAL CENTER MULLICA HILL,NJ,Acute Care Hospitals,Voluntary non-profit - Private,true,false,3.0,3,,35
3120,310070,SAINT PETER'S UNIVERSITY HOSPITAL,NJ,Acute Care Hospitals,Voluntary non-profit - Private,true,false,3.0,3,,35
3121,310073,JERSEY SHORE UNIVERSITY MEDICAL CENTER,NJ,Acute Care Hospitals,Voluntary non-profit - Private,true,false,4.0,4,,35
3122,310074,JERSEY CITY MEDICAL CENTER,NJ,Acute Care Hospitals,Voluntary non-profit - Private,true,false,3.0,3,,35
3123,310075,MONMOUTH MEDICAL CENTER,NJ,Acute Care Hospitals,Voluntary non-profit - Private,true,false,3.0,3,,35
3124,310076,COOPERMAN BARNABAS MEDICAL CENTER,NJ,Acute Care Hospitals,Voluntary non-profit - Private,true,false,3.0,3,,35
3125,310083,CAREWELL HEALTH MEDICAL CENTER,NJ,Acute Care Hospitals,Proprietary,true,false,1.0,1,,35
3126,310084,MONMOUTH MEDICAL CENTER-SOUTHERN CAMPUS,NJ,Acute Care Hospitals,Voluntary non-profit - Private,true,false,3.0,3,,35
3127,310086,JEFFERSON STRATFORD HOSPITAL,NJ,Acute Care Hospitals,Voluntary non-profit - Private,true,false,2.0,2,,35
3128,310092,CAPITAL HEALTH REGIONAL MEDICAL CENTER,NJ,Acute Care Hospitals,Voluntary non-profit - Private,true,false,2.0,2,,35
3129,310096,SAINT MICHAEL'S MEDICAL CENTER,NJ,Acute Care Hospitals,Voluntary non-profit - Private,true,false,4.0,4,,35
3130,310108,JFK UNIVERSITY MEDICAL CENTER,NJ,Acute Care Hospitals,Voluntary non-profit - Private,true,false,3.0,3,,35
3131,310110,ROBERT WOOD JOHNSON UNIVERSITY HOSPITAL AT HAMILTON,NJ,Acute Care Hospitals,Voluntary non-profit - Private,true,false,4.0,4,,35
3132,310111,CENTRASTATE MEDICAL CENTER,NJ,Acute Care Hospitals,Voluntary non-profit - Private,true,false,4.0,4,,35
3133,310112,BAYSHORE MEDICAL CENTER,NJ,Acute Care Hospitals,Voluntary non-profit - Private,true,false,4.0,4,,35
3134,310113,SOUTHERN OCEAN MEDICAL CENTER,NJ,Acute Care Hospitals,Voluntary non-profit - Private,true,false,4.0,4,,35
3135,310115,AHS HOSPITAL CORP,NJ,Acute Care Hospitals,Voluntary non-profit - Private,true,false,4.0,4,,35
3136,310118,HUDSON REGIONAL HOSPITAL,NJ,Acute Care Hospitals,Proprietary,true,false,2.0,2,,35
3137,310119,THE UNIVERSITY HOSPITAL,NJ,Acute Care Hospitals,Government - State,true,false,1.0,1,,35
3138,310130,HACKENSACK MERIDIAN HEALTH PASCACK VALLEY MEDICAL,NJ,Acute Care Hospitals,Proprietary,true,false,5.0,5,,35
3139,312024,SILVER LAKE HOSPITAL LTACH,NJ,Long-term,Voluntary non-profit - Church,true,false,,Not Available,19,35
3140,313300,CHILDREN'S SPECIALIZED HOSPITAL,NJ,Childrens,Voluntary non-profit - Private,true,false,,Not Available,19,35
3141,313302,WEISMAN CHILDRENS REHABILITATION HOSPITAL,NJ,Childrens,Proprietary,true,false,,Not Available,19,35
3142,314001,SUMMIT OAKS HOSPITAL,NJ,Psychiatric,Voluntary non-profit - Other,true,false,,Not Available,19,35
3143,314005,ANCORA PSYCH HOSP,NJ,Psychiatric,Voluntary non-profit - Other,true,false,,Not Available,19,35
3144,314011,UNIVERSITY BEHAVIORAL HEALTH CARE,NJ,Psychiatric,Government - State,true,false,,Not Available,19,35
3145,314012,HACKENSACK MERIDIAN HEALTH CARRIER CLINIC,NJ,Psychiatric,Voluntary non-profit - Private,true,false,,Not Available,19,35
3146,314013,TRENTON PSYCHIATRIC HOSP,NJ,Psychiatric,Government - State,true,false,,Not Available,19,35
3147,314016,GREYSTONE PARK PSYCHIATRIC HOSPITAL,NJ,Psychiatric,Government - State,true,false,,Not Available,19,35
3148,314018,NORTHBROOK BEHAVIORAL HEALTH HOSPITAL,NJ,Psychiatric,Proprietary,true,false,,Not Available,19,35
3149,314019,RAMAPO RIDGE BEHAVIORAL HEALTH HOSPITAL,NJ,Psychiatric,Voluntary non-profit - Private,true,false,,Not Available,19,35
3150,314020,ESSEX COUNTY HOSPITAL CENTER,NJ,Psychiatric,Government - Local,true,false,,Not Available,19,35
3151,314022,SAINT BARNABAS BEHAVIORAL HEALTH CENTER,NJ,Psychiatric,Voluntary non-profit - Private,true,false,,Not Available,19,35
3152,314023,ASPEN HILLS HEALTHCARE CENTER,NJ,Psychiatric,Proprietary,true,false,,Not Available,19,35
3153,314024,HUDSON COUNTY MEADOWVIEW PSYCHIATRIC H,NJ,Psychiatric,Government - Local,true,false,,Not Available,19,35
3154,314027,MOUNTAINVIEW BEHAVIORAL HOSPITAL,NJ,Psychiatric,Proprietary,true,false,,Not Available,19,35
3155,320001,UNM HOSPITAL,NM,Acute Care Hospitals,Government - State,true,false,2.0,2,,36
3156,320002,CHRISTUS ST VINCENT REGIONAL MEDICAL CENTER,NM,Acute Care Hospitals,Voluntary non-profit - Private,true,false,4.0,4,,36
3157,320004,CHRISTUS SOUTHERN NEW MEXICO,NM,Acute Care Hospitals,Voluntary non-profit - Private,true,false,3.0,3,,36
3158,320005,SAN JUAN REGIONAL MEDICAL CENTER INC,NM,Acute Care Hospitals,Voluntary non-profit - Private,true,false,2.0,2,,36
3159,320006,EASTERN NEW MEXICO MEDICAL CENTER,NM,Acute Care Hospitals,Proprietary,true,false,1.0,1,,36
3160,320009,LOVELACE MEDICAL CENTER,NM,Acute Care Hospitals,Proprietary,true,false,2.0,2,,36
3161,320011,PRESBYTERIAN ESPANOLA HOSPITAL,NM,Acute Care Hospitals,Voluntary non-profit - Private,true,false,,Not Available,16,36
3162,320017,LOVELACE WOMEN'S HOSPITAL,NM,Acute Care Hospitals,Proprietary,true,false,4.0,4,,36
3163,320018,MEMORIAL MEDICAL CENTER,NM,Acute Care Hospitals,Proprietary,true,false,2.0,2,,36
3164,320021,PRESBYTERIAN HOSPITAL,NM,Acute Care Hospitals,Voluntary non-profit - Private,true,false,2.0,2,,36
3165,320022,PLAINS REGIONAL MEDICAL CENTER,NM,Acute Care Hospitals,Voluntary non-profit - Private,true,false,2.0,2,,36
3166,320030,ARTESIA GENERAL HOSPITAL,NM,Acute Care Hospitals,Voluntary non-profit - Private,true,false,,Not Available,16,36
3167,320033,LOS ALAMOS MEDICAL CENTER,NM,Acute Care Hospitals,Proprietary,true,false,,Not Available,16,36
3168,320057,SANTA FE PHS INDIAN HOSPITAL,NM,Acute Care Hospitals,Government - Federal,true,false,,Not Available,16,36
3169,320059,NORTHERN NAVAJO MEDICAL CENTER,NM,Acute Care Hospitals,Government - Federal,true,false,3.0,3,,36
3170,32005F,VA NEW MEXICO HEALTHCARE SYSTEM,NM,Acute Care - Veterans Administration,Veterans Health Administration,true,true,3.0,3,,36
3171,320060,ZUNI COMPREHENSIVE COMMUNITY HEALTH CENTER,NM,Acute Care Hospitals,Government - Federal,true,false,,Not Available,16,36
3172,320061,GALLUP INDIAN MEDICAL CENTER,NM,Acute Care Hospitals,Government - Federal,true,false,2.0,2,,36
3173,320062,CROWNPOINT HEALTHCARE FACILITY,NM,Acute Care Hospitals,Government - Federal,true,false,,Not Available,16,36
3174,320063,CARLSBAD MEDICAL CENTER,NM,Acute Care Hospitals,Voluntary non-profit - Other,true,false,1.0,1,,36
3175,320065,COVENANT HEALTH HOBBS HOSPITAL,NM,Acute Care Hospitals,Voluntary non-profit - Private,true,false,3.0,3,,36
3176,320074,LOVELACE WESTSIDE HOSPITAL,NM,Acute Care Hospitals,Proprietary,true,false,4.0,4,,36
3177,320084,ROOSEVELT GENERAL HOSPITAL,NM,Acute Care Hospitals,Government - Hospital District or Authority,true,false,,Not Available,16,36
3178,320085,MOUNTAIN VIEW REGIONAL MEDICAL CENTER,NM,Acute Care Hospitals,Proprietary,true,false,2.0,2,,36
3179,320086,LOVELACE REGIONAL HOSPITAL - ROSWELL,NM,Acute Care Hospitals,Proprietary,true,false,2.0,2,,36
3180,320090,PRESBYTERIAN SANTA FE MEDICAL CENTER,NM,Acute Care Hospitals,Voluntary non-profit - Private,true,false,5.0,5,,36
3181,320091,THREE CROSSES REGIONAL HOSPITAL LLC,NM,Acute Care Hospitals,Proprietary,true,false,3.0,3,,36
3182,320779,GUADALUPE COUNTY HOSPITAL,NM,Rural Emergency Hospital,Government - Local,true,false,,Not Available,19,36
3183,321300,SIERRA VISTA HOSPITAL,NM,Critical Access Hospitals,Government - Local,true,false,,Not Available,16,36
3184,321301,SOCORRO GENERAL HOSPITAL,NM,Critical Access Hospitals,Voluntary non-profit - Private,true,false,,Not Available,16,36
3185,321302,DR DAN C TRIGG MEMORIAL HOSPITAL,NM,Critical Access Hospitals,Voluntary non-profit - Private,true,false,,Not Available,16,36
3186,321304,UNION COUNTY GENERAL HOSPITAL,NM,Critical Access Hospitals,Government - Local,true,false,,Not Available,16,36
3187,321305,NOR-LEA HOSPITAL DISTRICT,NM,Critical Access Hospitals,Government - Hospital District or Authority,true,false,,Not Available,16,36
3188,321306,LINCOLN COUNTY MEDICAL CENTER,NM,Critical Access Hospitals,Voluntary non-profit - Private,true,false,2.0,2,,36
3189,321307,MINERS' COLFAX MEDICAL CENTER,NM,Critical Access Hospitals,Government - State,true,false,,Not Available,16,36
3190,321308,CIBOLA GENERAL HOSPITAL,NM,Critical Access Hospitals,Voluntary non-profit - Private,true,false,,Not Available,16,36
3191,321309,MIMBRES VALLEY MEDICAL CENTER,NM,Critical Access Hospitals,Proprietary,true,false,,Not Available,16,36
3192,321310,HOLY CROSS HOSPITAL A DIV OF TAOS HEALTH SYSTEMS,NM,Critical Access Hospitals,Voluntary non-profit - Private,true,false,1.0,1,,36
3193,321311,GILA REGIONAL MEDICAL CENTER,NM,Critical Access Hospitals,Government - Local,true,false,2.0,2,,36
3194,321312,ALTA VISTA REGIONAL HOSPITAL,NM,Critical Access Hospitals,Proprietary,true,false,,Not Available,16,36
3195,321313,REHOBOTH MCKINLEY CHRISTIAN HEALTH CARE SERVICES,NM,Critical Access Hospitals,Voluntary non-profit - Private,true,false,,Not Available,16,36
3196,324010,"BHC MESILLA VALLEY HOSPITAL, LLC",NM,Psychiatric,Proprietary,true,false,,Not Available,19,36
3197,324012,"PEAK BEHAVIORAL HEALTH SERVICES, LLC",NM,Psychiatric,Proprietary,true,false,,Not Available,19,36
3198,324013,HAVEN BEHAVIORAL HOSPITAL OF ALBUQUERQUE,NM,Psychiatric,Proprietary,true,false,,Not Available,19,36
3199,324014,CENTRAL DESERT BEHAVIORAL HEALTH HOSPITAL,NM,Psychiatric,Proprietary,true,false,,Not Available,19,36
3200,330005,KALEIDA HEALTH,NY,Acute Care Hospitals,Voluntary non-profit - Private,true,false,3.0,3,,38
3201,330006,ST JOSEPH'S MEDICAL CENTER,NY,Acute Care Hospitals,Voluntary non-profit - Private,true,false,1.0,1,,38
3202,330009,BRONXCARE HOSPITAL CENTER,NY,Acute Care Hospitals,Voluntary non-profit - Private,true,false,1.0,1,,38
3203,330011,"OUR LADY OF LOURDES MEMORIAL HOSPITAL, INC",NY,Acute Care Hospitals,Voluntary non-profit - Private,true,false,3.0,3,,38
3204,330013,ALBANY MEDICAL CENTER HOSPITAL,NY,Acute Care Hospitals,Voluntary non-profit - Private,true,false,1.0,1,,38
3205,330014,JAMAICA HOSPITAL MEDICAL CENTER,NY,Acute Care Hospitals,Voluntary non-profit - Private,true,false,1.0,1,,38
3206,330019,"NEW YORK COMMUNITY HOSPITAL OF BROOKLYN, INC.",NY,Acute Care Hospitals,Voluntary non-profit - Private,true,false,1.0,1,,38
3207,330023,VASSAR BROTHERS MEDICAL CENTER,NY,Acute Care Hospitals,Voluntary non-profit - Private,true,false,3.0,3,,38
3208,330024,MOUNT SINAI HOSPITAL,NY,Acute Care Hospitals,Voluntary non-profit - Private,true,false,4.0,4,,38
3209,330027,NASSAU UNIVERSITY MEDICAL CENTER,NY,Acute Care Hospitals,Government - State,true,false,1.0,1,,38
3210,330028,RICHMOND UNIVERSITY MEDICAL CENTER,NY,Acute Care Hospitals,Voluntary non-profit - Private,true,false,1.0,1,,38
3211,330030,NEWARK-WAYNE COMMUNITY HOSPITAL,NY,Acute Care Hospitals,Voluntary non-profit - Private,true,false,2.0,2,,38
3212,330033,CHENANGO MEMORIAL HOSPITAL,NY,Acute Care Hospitals,Voluntary non-profit - Private,true,false,2.0,2,,38
3213,330043,NS/LIJ HS SOUTHSIDE HOSPITAL,NY,Acute Care Hospitals,Voluntary non-profit - Private,true,false,3.0,3,,38
3214,330044,WYNN HOSPITAL,NY,Acute Care Hospitals,Voluntary non-profit - Private,true,false,1.0,1,,38
3215,330045,NS/LIJ HS HUNTINGTON HOSPITAL,NY,Acute Care Hospitals,Voluntary non-profit - Private,true,false,5.0,5,,38
3216,330046,MOUNT SINAI WEST,NY,Acute Care Hospitals,Voluntary non-profit - Church,true,false,4.0,4,,38
3217,330047,St Marys Healthcare,NY,Acute Care Hospitals,Voluntary non-profit - Private,true,false,3.0,3,,38
3218,330049,NORTHERN DUTCHESS HOSPITAL,NY,Acute Care Hospitals,Voluntary non-profit - Private,true,false,4.0,4,,38
3219,330055,NEW YORK-PRESBYTERIAN/QUEENS,NY,Acute Care Hospitals,Voluntary non-profit - Private,true,false,5.0,5,,38
3220,330056,BROOKLYN HOSPITAL CENTER - DOWNTOWN CAMPUS,NY,Acute Care Hospitals,Voluntary non-profit - Other,true,false,2.0,2,,38
3221,330057,ST PETER'S HOSPITAL,NY,Acute Care Hospitals,Voluntary non-profit - Private,true,false,2.0,2,,38
3222,330058,GENEVA GENERAL HOSPITAL,NY,Acute Care Hospitals,Voluntary non-profit - Other,true,false,2.0,2,,38
3223,330059,MONTEFIORE MEDICAL CENTER,NY,Acute Care Hospitals,Voluntary non-profit - Private,true,false,3.0,3,,38
3224,330065,NIAGARA FALLS MEMORIAL MEDICAL CENTER,NY,Acute Care Hospitals,Voluntary non-profit - Private,true,false,1.0,1,,38
3225,330073,UNITED MEMORIAL MEDICAL CENTER,NY,Acute Care Hospitals,Voluntary non-profit - Private,true,false,2.0,2,,38
3226,330074,F F THOMPSON HOSPITAL,NY,Acute Care Hospitals,Voluntary non-profit - Private,true,false,2.0,2,,38
3227,330078,SISTERS OF CHARITY HOSPITAL,NY,Acute Care Hospitals,Voluntary non-profit - Private,true,false,3.0,3,,38
3228,330079,ADIRONDACK MEDICAL CENTER - SARANAC LAKE,NY,Acute Care Hospitals,Voluntary non-profit - Other,true,false,4.0,4,,38
3229,330080,LINCOLN MEDICAL & MENTAL HEALTH CENTER,NY,Acute Care Hospitals,Government - Local,true,false,2.0,2,,38
3230,330085,AURELIA OSBORN FOX MEMORIAL HOSPITAL,NY,Acute Care Hospitals,Voluntary non-profit - Private,true,false,3.0,3,,38
3231,330086,MONTEFIORE MOUNT VERNON HOSPITAL,NY,Acute Care Hospitals,Voluntary non-profit - Private,true,false,3.0,3,,38
3232,330090,ARNOT OGDEN MEDICAL CENTER,NY,Acute Care Hospitals,Voluntary non-profit - Private,true,false,2.0,2,,38
3233,330094,COLUMBIA MEMORIAL HOSPITAL,NY,Acute Care Hospitals,Voluntary non-profit - Private,true,false,1.0,1,,38
3234,330096,JONES MEMORIAL HOSPITAL,NY,Acute Care Hospitals,Voluntary non-profit - Private,true,false,4.0,4,,38
3235,33009F,ALBANY VA MEDICAL CENTER,NY,Acute Care - Veterans Administration,Veterans Health Administration,true,true,2.0,2,,38
3236,330100,NY EYE AND EAR INFIRMARY OF MOUNT SINAI,NY,Acute Care Hospitals,Voluntary non-profit - Private,true,false,,Not Available,16,38
3237,330101,NEW YORK-PRESBYTERIAN HOSPITAL,NY,Acute Care Hospitals,Voluntary non-profit - Private,true,false,5.0,5,,38
3238,330102,KENMORE MERCY HOSPITAL,NY,Acute Care Hospitals,Voluntary non-profit - Private,true,false,3.0,3,,38
3239,330103,OLEAN GENERAL HOSPITAL,NY,Acute Care Hospitals,Proprietary,true,false,1.0,1,,38
3240,330104,NYACK HOSPITAL,NY,Acute Care Hospitals,Voluntary non-profit - Private,true,false,2.0,2,,38
3241,330106,NORTH SHORE UNIVERSITY HOSPITAL,NY,Acute Care Hospitals,Voluntary non-profit - Private,true,false,5.0,5,,38
3242,330107,PECONIC BAY MEDICAL CENTER,NY,Acute Care Hospitals,Voluntary non-profit - Other,true,false,2.0,2,,38
3243,330111,BERTRAND CHAFFEE HOSPITAL,NY,Acute Care Hospitals,Voluntary non-profit - Private,true,false,,Not Available,16,38
3244,330115,ONEIDA HEALTH HOSPITAL,NY,Acute Care Hospitals,Voluntary non-profit - Private,true,false,2.0,2,,38
3245,330119,LENOX HILL HOSPITAL,NY,Acute Care Hospitals,Voluntary non-profit - Private,true,false,5.0,5,,38
3246,33011F,BATH VA MEDICAL CENTER,NY,Acute Care - Veterans Administration,Veterans Health Administration,true,true,,Not Available,16,38
3247,330125,ROCHESTER GENERAL HOSPITAL,NY,Acute Care Hospitals,Voluntary non-profit - Private,true,false,2.0,2,,38
3248,330126,GARNET HEALTH MEDICAL CENTER,NY,Acute Care Hospitals,Voluntary non-profit - Private,true,false,4.0,4,,38
3249,330127,JACOBI MEDICAL CENTER,NY,Acute Care Hospitals,Government - Local,true,false,2.0,2,,38
3250,330128,ELMHURST HOSPITAL CENTER,NY,Acute Care Hospitals,Government - Local,true,false,2.0,2,,38
3251,33012F,UPSTATE NEW YORK VA HEALTHCARE SYSTEM (WESTERN NY VA HEALTHCARE SYSTEM),NY,Acute Care - Veterans Administration,Veterans Health Administration,true,true,5.0,5,,38
3252,330135,BON SECOURS COMMUNITY HOSPITAL,NY,Acute Care Hospitals,Voluntary non-profit - Private,true,false,2.0,2,,38
3253,330136,BASSETT HEALTHCARE,NY,Acute Care Hospitals,Voluntary non-profit - Private,true,false,2.0,2,,38
3254,330140,ST JOSEPH'S HOSPITAL HEALTH CENTER,NY,Acute Care Hospitals,Voluntary non-profit - Church,true,false,2.0,2,,38
3255,330141,LONG ISLAND COMMUNITY HOSPITAL,NY,Acute Care Hospitals,Voluntary non-profit - Private,true,false,4.0,4,,38
3256,330151,ST JAMES HOSPITAL,NY,Acute Care Hospitals,Voluntary non-profit - Private,true,false,3.0,3,,38
3257,330153,ELLIS HOSPITAL,NY,Acute Care Hospitals,Voluntary non-profit - Private,true,false,3.0,3,,38
3258,330157,SAMARITAN MEDICAL CENTER,NY,Acute Care Hospitals,Voluntary non-profit - Private,true,false,2.0,2,,38
3259,330158,GOOD SAMARITAN HOSPITAL OF SUFFERN,NY,Acute Care Hospitals,Voluntary non-profit - Private,true,false,3.0,3,,38
3260,33015F,VA HUDSON VALLEY HEALTHCARE SYSTEM,NY,Acute Care - Veterans Administration,Veterans Health Administration,true,true,5.0,5,,38
3261,330160,STATEN ISLAND UNIVERSITY HOSPITAL,NY,Acute Care Hospitals,Voluntary non-profit - Private,true,false,3.0,3,,38
3262,330162,NORTHERN WESTCHESTER HOSPITAL,NY,Acute Care Hospitals,Voluntary non-profit - Private,true,false,5.0,5,,38
3263,330164,HIGHLAND HOSPITAL,NY,Acute Care Hospitals,Voluntary non-profit - Private,true,false,3.0,3,,38
3264,330166,"WESTFIELD MEMORIAL HOSPITAL, INC",NY,Acute Care Hospitals,Voluntary non-profit - Private,true,false,,Not Available,16,38
3265,330169,MOUNT SINAI BETH ISRAEL,NY,Acute Care Hospitals,Voluntary non-profit - Private,true,false,3.0,3,,38
3266,33016F,BRONX VA MEDICAL CENTER,NY,Acute Care - Veterans Administration,Veterans Health Administration,true,true,4.0,4,,38
3267,330175,GUTHRIE CORTLAND REGIONAL MEDICAL CENTER,NY,Acute Care Hospitals,Voluntary non-profit - Private,true,false,3.0,3,,38
3268,33017F,VA NEW YORK HARBOR HEALTHCARE SYSTEM - NY DIV.,NY,Acute Care - Veterans Administration,Veterans Health Administration,true,true,3.0,3,,38
3269,330180,"SAMARITAN HOSPITAL OF TROY, NEW YORK",NY,Acute Care Hospitals,Voluntary non-profit - Private,true,false,3.0,3,,38
3270,330181,NORTHWELL HOSPITAL GLEN COVE,NY,Acute Care Hospitals,Voluntary non-profit - Private,true,false,5.0,5,,38
3271,330182,ST FRANCIS HOSPITAL - THE HEART CENTER,NY,Acute Care Hospitals,Voluntary non-profit - Church,true,false,5.0,5,,38
3272,330184,MONTEFIORE NEW ROCHELLE HOSPITAL,NY,Acute Care Hospitals,Voluntary non-profit - Private,true,false,1.0,1,,38
3273,330185,JOHN T MATHER MEMORIAL HOSPITAL  OF PORT JEFFERSON,NY,Acute Care Hospitals,Voluntary non-profit - Private,true,false,5.0,5,,38
3274,330188,MOUNT ST. MARY'S HOSPITAL & HEALTH CENTER,NY,Acute Care Hospitals,Voluntary non-profit - Private,true,false,2.0,2,,38
3275,330191,GLENS FALLS HOSPITAL,NY,Acute Care Hospitals,Voluntary non-profit - Private,true,false,3.0,3,,38
3276,330193,FLUSHING HOSPITAL MEDICAL CENTER,NY,Acute Care Hospitals,Voluntary non-profit - Private,true,false,2.0,2,,38
3277,330194,MAIMONIDES MEDICAL CENTER,NY,Acute Care Hospitals,Voluntary non-profit - Private,true,false,2.0,2,,38
3278,330195,LONG ISLAND JEWISH MEDICAL CENTER,NY,Acute Care Hospitals,Voluntary non-profit - Private,true,false,4.0,4,,38
3279,330196,SOUTH BROOKLYN HEALTH,NY,Acute Care Hospitals,Voluntary non-profit - Other,true,false,2.0,2,,38
3280,330197,CANTON-POTSDAM HOSPITAL,NY,Acute Care Hospitals,Voluntary non-profit - Private,true,false,2.0,2,,38
3281,330198,MOUNT SINAI SOUTH NASSAU,NY,Acute Care Hospitals,Voluntary non-profit - Private,true,false,3.0,3,,38
3282,330199,METROPOLITAN HOSPITAL CENTER,NY,Acute Care Hospitals,Government - Local,true,false,3.0,3,,38
3283,33019F,NORTHPORT VA MEDICAL CENTER,NY,Acute Care - Veterans Administration,Veterans Health Administration,true,true,5.0,5,,38
3284,330202,KINGS COUNTY HOSPITAL CENTER,NY,Acute Care Hospitals,Government - Local,true,false,1.0,1,,38
3285,330203,CROUSE HOSPITAL,NY,Acute Care Hospitals,Voluntary non-profit - Private,true,false,2.0,2,,38
3286,330204,BELLEVUE HOSPITAL CENTER,NY,Acute Care Hospitals,Government - Local,true,false,2.0,2,,38
3287,330205,ST ANTHONY COMMUNITY HOSPITAL,NY,Acute Care Hospitals,Voluntary non-profit - Church,true,false,4.0,4,,38
3288,330208,ST JOHN'S RIVERSIDE HOSPITAL,NY,Acute Care Hospitals,Voluntary non-profit - Private,true,false,3.0,3,,38
3289,33020F,VA NEW YORK HARBOR HEALTHCARE SYSTEM - BROOKLYN,NY,Acute Care - Veterans Administration,Veterans Health Administration,true,true,4.0,4,,38
3290,330214,NYU LANGONE HOSPITALS,NY,Acute Care Hospitals,Voluntary non-profit - Private,true,false,5.0,5,,38
3291,330215,"ROME MEMORIAL HOSPITAL, INC",NY,Acute Care Hospitals,Voluntary non-profit - Private,true,false,2.0,2,,38
3292,330218,OSWEGO HOSPITAL,NY,Acute Care Hospitals,Voluntary non-profit - Private,true,false,3.0,3,,38
3293,330219,ERIE COUNTY MEDICAL CENTER,NY,Acute Care Hospitals,Voluntary non-profit - Private,true,false,2.0,2,,38
3294,330221,WYCKOFF HEIGHTS MEDICAL CENTER,NY,Acute Care Hospitals,Voluntary non-profit - Private,true,false,2.0,2,,38
3295,330222,SARATOGA HOSPITAL,NY,Acute Care Hospitals,Voluntary non-profit - Private,true,false,3.0,3,,38
3296,330224,HEALTHALLIANCE HOSPITAL MARYS AVENUE CAMPUS,NY,Acute Care Hospitals,Voluntary non-profit - Private,true,false,1.0,1,,38
3297,330226,UNITY HOSPITAL,NY,Acute Care Hospitals,Voluntary non-profit - Private,true,false,2.0,2,,38
3298,330229,"BROOKS-TLC HOSPITAL SYSTEM, INC",NY,Acute Care Hospitals,Voluntary non-profit - Private,true,false,1.0,1,,38
3299,330231,QUEENS HOSPITAL CENTER,NY,Acute Care Hospitals,Voluntary non-profit - Other,true,false,2.0,2,,38
3300,330233,BROOKDALE HOSPITAL MEDICAL CENTER,NY,Acute Care Hospitals,Voluntary non-profit - Private,true,false,1.0,1,,38
3301,330234,WESTCHESTER MEDICAL CENTER,NY,Acute Care Hospitals,Voluntary non-profit - Other,true,false,2.0,2,,38
3302,330235,AUBURN  COMMUNITY  HOSPITAL,NY,Acute Care Hospitals,Voluntary non-profit - Private,true,false,2.0,2,,38
3303,330238,NICHOLAS H NOYES MEMORIAL HOSPITAL,NY,Acute Care Hospitals,Voluntary non-profit - Private,true,false,3.0,3,,38
3304,330239,UPMC CHAUTAUQUA AT WCA,NY,Acute Care Hospitals,Voluntary non-profit - Private,true,false,2.0,2,,38
3305,330240,HARLEM HOSPITAL CENTER,NY,Acute Care Hospitals,Government - State,true,false,2.0,2,,38
3306,330241,UNIVERSITY HOSPITAL S U N Y HEALTH SCIENCE CENTER,NY,Acute Care Hospitals,Government - State,true,false,3.0,3,,38
3307,330246,ST CHARLES HOSPITAL,NY,Acute Care Hospitals,Voluntary non-profit - Church,true,false,5.0,5,,38
3308,33024F,SYRACUSE VA MEDICAL CENTER,NY,Acute Care - Veterans Administration,Veterans Health Administration,true,true,3.0,3,,38
3309,330250,THE UNIVERSITY OF VERMONT HEALTH NETWORK  - CHAMPL,NY,Acute Care Hospitals,Voluntary non-profit - Private,true,false,2.0,2,,38
3310,330259,MERCY MEDICAL CENTER,NY,Acute Care Hospitals,Voluntary non-profit - Church,true,false,5.0,5,,38
3311,33025F,Keller ACH (West Point),NY,Acute Care - Department of Defense,Department of Defense,true,true,,Not Available,22,38
3312,330261,PHELPS HOSPITAL,NY,Acute Care Hospitals,Voluntary non-profit - Private,true,false,4.0,4,,38
3313,330264,MONTEFIORE ST LUKE'S CORNWALL,NY,Acute Care Hospitals,Voluntary non-profit - Private,true,false,2.0,2,,38
3314,330265,CLIFTON SPRINGS HOSPITAL AND CLINIC,NY,Acute Care Hospitals,Voluntary non-profit - Private,true,false,2.0,2,,38
3315,330267,HUDSON VALLEY HOSPITAL CENTER,NY,Acute Care Hospitals,Voluntary non-profit - Private,true,false,5.0,5,,38
3316,330270,HOSPITAL FOR SPECIAL SURGERY,NY,Acute Care Hospitals,Voluntary non-profit - Private,true,false,5.0,5,,38
3317,330273,PUTNAM HOSPITAL CENTER,NY,Acute Care Hospitals,Voluntary non-profit - Private,true,false,3.0,3,,38
3318,330276,NATHAN LITTAUER HOSPITAL,NY,Acute Care Hospitals,Voluntary non-profit - Private,true,false,2.0,2,,38
3319,330277,CORNING HOSPITAL,NY,Acute Care Hospitals,Voluntary non-profit - Private,true,false,3.0,3,,38
3320,330279,MERCY HOSPITAL OF BUFFALO,NY,Acute Care Hospitals,Voluntary non-profit - Private,true,false,2.0,2,,38
3321,330285,STRONG MEMORIAL HOSPITAL,NY,Acute Care Hospitals,Voluntary non-profit - Private,true,false,3.0,3,,38
3322,330286,GOOD SAMARITAN HOSPITAL MEDICAL CENTER,NY,Acute Care Hospitals,Voluntary non-profit - Private,true,false,3.0,3,,38
3323,330304,WHITE PLAINS HOSPITAL CENTER,NY,Acute Care Hospitals,Voluntary non-profit - Private,true,false,5.0,5,,38
3324,330307,CAYUGA MEDICAL CENTER AT ITHACA,NY,Acute Care Hospitals,Voluntary non-profit - Private,true,false,3.0,3,,38
3325,330331,PLAINVIEW HOSPITAL,NY,Acute Care Hospitals,Voluntary non-profit - Private,true,false,4.0,4,,38
3326,330332,CHSLI ST JOSEPH HOSPITAL,NY,Acute Care Hospitals,Voluntary non-profit - Private,true,false,3.0,3,,38
3327,330350,SUNY/DOWNSTATE UNIVERSITY HOSPITAL OF BROOKLYN,NY,Acute Care Hospitals,Government - State,true,false,1.0,1,,38
3328,330386,GARNET HEALTH  MEDICAL CENTER CATSKILLS,NY,Acute Care Hospitals,Voluntary non-profit - Private,true,false,2.0,2,,38
3329,330393,SUNY/STONY BROOK UNIVERSITY HOSPITAL,NY,Acute Care Hospitals,Government - State,true,false,5.0,5,,38
3330,330394,"UNITED HEALTH SERVICES HOSPITALS, INC",NY,Acute Care Hospitals,Voluntary non-profit - Private,true,false,2.0,2,,38
3331,330395,ST JOHN'S EPISCOPAL HOSPITAL AT SOUTH SHORE,NY,Acute Care Hospitals,Voluntary non-profit - Private,true,false,1.0,1,,38
3332,330396,WOODHULL MEDICAL & MENTAL HEALTH CENTER,NY,Acute Care Hospitals,Government - Local,true,false,2.0,2,,38
3333,330399,ST BARNABAS HOSPITAL,NY,Acute Care Hospitals,Voluntary non-profit - Private,true,false,1.0,1,,38
3334,330401,ST CATHERINE OF SIENA HOSPITAL,NY,Acute Care Hospitals,Voluntary non-profit - Church,true,false,5.0,5,,38
3335,330405,HELEN HAYES HOSPITAL,NY,Acute Care Hospitals,Government - State,true,false,,Not Available,16,38
3336,330406,SUNNYVIEW HOSPITAL AND REHABILITATION CENTER,NY,Acute Care Hospitals,Voluntary non-profit - Private,true,false,,Not Available,16,38
3337,330411,UNITY SPECIALTY HOSPITAL,NY,Acute Care Hospitals,Voluntary non-profit - Private,true,false,,Not Available,5,38
3338,330799,CLIFTON-FINE HOSPITAL,NY,Rural Emergency Hospital,Voluntary non-profit - Other,true,false,,Not Available,19,38
3339,330800,IRA DAVENPORT MEMORIAL HOSPITAL,NY,Rural Emergency Hospital,Voluntary non-profit - Private,true,false,,Not Available,19,38
3340,330801,"WESTFIELD MEMORIAL HOSPITAL, INC",NY,Rural Emergency Hospital,Voluntary non-profit - Private,true,false,,Not Available,19,38
3341,331301,"CUBA MEMORIAL HOSPITAL, INC",NY,Critical Access Hospitals,Voluntary non-profit - Private,true,false,,Not Available,16,38
3342,331302,ELIZABETHTOWN COMMUNITY HOSPITAL,NY,Critical Access Hospitals,Voluntary non-profit - Private,true,false,4.0,4,,38
3343,331303,GARNET HEALTH MEDICAL CENTER CATSKILLS,NY,Critical Access Hospitals,Voluntary non-profit - Private,true,false,,Not Available,16,38
3344,331304,MARGARETVILLE MEMORIAL HOSPITAL,NY,Critical Access Hospitals,Voluntary non-profit - Private,true,false,,Not Available,16,38
3345,331305,O'CONNOR HOSPITAL,NY,Critical Access Hospitals,Voluntary non-profit - Private,true,false,,Not Available,16,38
3346,331309,RIVER HOSPITAL CLINICS,NY,Critical Access Hospitals,Voluntary non-profit - Private,true,false,,Not Available,16,38
3347,331310,ELLENVILLE REGIONAL HOSPITAL,NY,Critical Access Hospitals,Voluntary non-profit - Private,true,false,,Not Available,16,38
3348,331311,LITTLE FALLS HOSPITAL,NY,Critical Access Hospitals,Voluntary non-profit - Private,true,false,2.0,2,,38
3349,331312,"DELAWARE VALLEY HOSPITAL, INC",NY,Critical Access Hospitals,Voluntary non-profit - Private,true,false,1.0,1,,38
3350,331313,SCHUYLER HOSPITAL,NY,Critical Access Hospitals,Voluntary non-profit - Private,true,false,,Not Available,16,38
3351,331314,SOLDIERS AND SAILORS MEMORIAL HOSPITAL OF YATES,NY,Critical Access Hospitals,Voluntary non-profit - Private,true,false,,Not Available,16,38
3352,331315,GOUVERNEUR HOSPITAL,NY,Critical Access Hospitals,Voluntary non-profit - Private,true,false,,Not Available,16,38
3353,331316,"COMMUNITY MEMORIAL HOSPITAL, INC",NY,Critical Access Hospitals,Voluntary non-profit - Private,true,false,4.0,4,,38
3354,331317,LEWIS COUNTY GENERAL HOSPITAL,NY,Critical Access Hospitals,Government - Local,true,false,,Not Available,19,38
3355,331318,"CARTHAGE AREA HOSPITAL, INC",NY,Critical Access Hospitals,Voluntary non-profit - Private,true,false,,Not Available,19,38
3356,331319,MEDINA MEMORIAL HOSPITAL,NY,Critical Access Hospitals,Voluntary non-profit - Private,true,false,,Not Available,16,38
3357,331320,COBLESKILL REGIONAL HOSPITAL,NY,Critical Access Hospitals,Voluntary non-profit - Private,true,false,4.0,4,,38
3358,331321,THE UNIVERSITY OF VERMONT HEALTH NETWORK-ALICE HY,NY,Critical Access Hospitals,Voluntary non-profit - Private,true,false,1.0,1,,38
3359,331322,"SLHS MASSENA, INC",NY,Critical Access Hospitals,Voluntary non-profit - Private,true,false,,Not Available,16,38
3360,331323,WYOMING COUNTY,NY,Critical Access Hospitals,Government - Local,true,false,,Not Available,5,38
3361,331324,"CARTHAGE AREA HOSPITAL, INC",NY,Critical Access Hospitals,Voluntary non-profit - Private,true,false,,Not Available,19,38
3362,333301,BLYTHEDALE CHILDREN'S HOSPITAL,NY,Childrens,Voluntary non-profit - Private,true,false,,Not Available,19,38
3363,334001,HUTCHINGS PSYCHIATRIC CTR,NY,Psychiatric,Government - State,true,false,,Not Available,19,38
3364,334002,FOUR WINDS,NY,Psychiatric,Proprietary,true,false,,Not Available,19,38
3365,334003,ST LAWRENCE PSYCHIATRIC CENTER,NY,Psychiatric,Government - State,true,false,,Not Available,19,38
3366,334004,CREEDMOOR PSYCHIATRIC CENTER,NY,Psychiatric,Government - State,true,false,,Not Available,19,38
3367,334009,NEW YORK STATE PSYCHIATRIC INSTITUTE,NY,Psychiatric,Government - State,true,false,,Not Available,19,38
3368,334012,GREATER BINGHAMTON HEALTH CENTER,NY,Psychiatric,Government - State,true,false,,Not Available,19,38
3369,334013,PILGRIM PSYCHIATRIC CENTER,NY,Psychiatric,Government - State,true,false,,Not Available,19,38
3370,334015,ROCKLAND PSYCH CTR,NY,Psychiatric,Government - State,true,false,,Not Available,19,38
3371,334020,ROCHESTER PSYCHIATRIC CENTER,NY,Psychiatric,Government - State,true,false,,Not Available,19,38
3372,334021,MOHAWK VALLEY PSYCHIATRIC CENTER,NY,Psychiatric,Government - State,true,false,,Not Available,19,38
3373,334022,BRYLIN HOSP,NY,Psychiatric,Proprietary,true,false,,Not Available,19,38
3374,334026,"BRUNSWICK HOSPITAL CENTER, INC.",NY,Psychiatric,Proprietary,true,false,,Not Available,19,38
3375,334027,SOUTH OAKS HOSP,NY,Psychiatric,Voluntary non-profit - Private,true,false,,Not Available,19,38
3376,334043,SOUTH BEACH PSYCHIATRIC CENTER,NY,Psychiatric,Government - State,true,false,,Not Available,19,38
3377,334045,ELMIRA PSYCH CENTER,NY,Psychiatric,Government - State,true,false,,Not Available,19,38
3378,334046,CAPITAL DISTRICT PSYCH CENTER,NY,Psychiatric,Government - State,true,false,,Not Available,19,38
3379,334048,GRACIE SQUARE HOSP,NY,Psychiatric,Voluntary non-profit - Private,true,false,,Not Available,19,38
3380,334049,FOUR WINDS OF SARATOGA,NY,Psychiatric,Proprietary,true,false,,Not Available,19,38
3381,334052,BUFFALO PSYCHIATRIC CENTER,NY,Psychiatric,Government - State,true,false,,Not Available,19,38
3382,334053,BRONX PSYCHIATRIC CENTER,NY,Psychiatric,Government - State,true,false,,Not Available,19,38
3383,334054,MANHATTAN PSYCHIATRIC CENTER,NY,Psychiatric,Government - State,true,false,,Not Available,19,38
3384,334060,KIRBY FORENSIC PSYCHIATRIC CENTER,NY,Psychiatric,Government - State,true,false,,Not Available,19,38
3385,334061,MID HUDSON FORENSIC PSYCHIATRIC CTR,NY,Psychiatric,Government - State,true,false,,Not Available,19,38
3386,334063,KINGSBORO PSYCHIATRIC HOSPITAL,NY,Psychiatric,Government - State,true,false,,Not Available,19,38
3387,334064,SAGAMORE CHILDRENS PSYCHIATRIC CENTER,NY,Psychiatric,Government - State,true,false,,Not Available,19,38
3388,334065,WESTERN NY CHILDRENS PSYCHIATRIC CENTER,NY,Psychiatric,Government - State,true,false,,Not Available,19,38
3389,334066,ROCKLAND CHILDREN'S PSYCHIATRIC CENTER,NY,Psychiatric,Government - State,true,false,,Not Available,19,38
3390,334067,NEW YORK CITY CHILDRENS PSYCH CENTER,NY,Psychiatric,Government - State,true,false,,Not Available,19,38
3391,334068,CLAXTON-HEPBURN MEDICAL CENTER,NY,Psychiatric,Voluntary non-profit - Private,true,false,,Not Available,19,38
3392,340001,CAROLINAS MEDICAL CENTER-NORTHEAST,NC,Acute Care Hospitals,Government - Hospital District or Authority,true,false,4.0,4,,31
3393,340002,MEMORIAL MISSION HOSPITAL AND ASHEVILLE SURGERY CE,NC,Acute Care Hospitals,Voluntary non-profit - Private,true,false,3.0,3,,31
3394,340003,NORTHERN REGIONAL HOSPITAL,NC,Acute Care Hospitals,Government - Hospital District or Authority,true,false,4.0,4,,31
3395,340004,HIGH POINT REGIONAL HEALTH SYSTEM,NC,Acute Care Hospitals,Voluntary non-profit - Private,true,false,2.0,2,,31
3396,340008,SCOTLAND MEMORIAL HOSPITAL,NC,Acute Care Hospitals,Voluntary non-profit - Private,true,false,3.0,3,,31
3397,340010,UNC HEALTH CARE WAYNE,NC,Acute Care Hospitals,Voluntary non-profit - Private,true,false,3.0,3,,31
3398,340013,RUTHERFORD REGIONAL MEDICAL CENTER,NC,Acute Care Hospitals,Proprietary,true,false,2.0,2,,31
3399,340014,NOVANT HEALTH FORSYTH MEDICAL CENTER,NC,Acute Care Hospitals,Voluntary non-profit - Private,true,false,4.0,4,,31
3400,340015,NOVANT HEALTH ROWAN MEDICAL CENTER,NC,Acute Care Hospitals,Voluntary non-profit - Private,true,false,4.0,4,,31
3401,340016,HARRIS REGIONAL HOSPITAL,NC,Acute Care Hospitals,Proprietary,true,false,3.0,3,,31
3402,340017,PARDEE HOSPITAL HENDERSON COUNTY,NC,Acute Care Hospitals,Government - Local,true,false,5.0,5,,31
3403,340020,CENTRAL CAROLINA HOSPITAL,NC,Acute Care Hospitals,Voluntary non-profit - Private,true,false,2.0,2,,31
3404,340021,ATRIUM HEALTH CLEVELAND,NC,Acute Care Hospitals,Government - Hospital District or Authority,true,false,3.0,3,,31
3405,340023,ADVENTHEALTH HENDERSONVILLE,NC,Acute Care Hospitals,Voluntary non-profit - Private,true,false,5.0,5,,31
3406,340024,SAMPSON REGIONAL MEDICAL CENTER,NC,Acute Care Hospitals,Government - Local,true,false,2.0,2,,31
3407,340027,UNC LENOIR HEALTH CARE,NC,Acute Care Hospitals,Voluntary non-profit - Private,true,false,4.0,4,,31
3408,340028,CAPE FEAR VALLEY MEDICAL CENTER,NC,Acute Care Hospitals,Voluntary non-profit - Private,true,false,2.0,2,23,31
3409,340030,DUKE UNIVERSITY HOSPITAL,NC,Acute Care Hospitals,Proprietary,true,false,5.0,5,,31
3410,340032,CAROMONT REGIONAL MEDICAL CENTER,NC,Acute Care Hospitals,Voluntary non-profit - Private,true,false,4.0,4,,31
3411,340039,IREDELL MEMORIAL HOSPITAL INC,NC,Acute Care Hospitals,Voluntary non-profit - Private,true,false,3.0,3,,31
3412,340040,ECU HEALTH MEDICAL CENTER,NC,Acute Care Hospitals,Voluntary non-profit - Private,true,false,2.0,2,,31
3413,340041,CALDWELL MEMORIAL HOSPITAL,NC,Acute Care Hospitals,Voluntary non-profit - Other,true,false,3.0,3,,31
3414,340042,ONSLOW MEMORIAL HOSPITAL,NC,Acute Care Hospitals,Government - Hospital District or Authority,true,false,1.0,1,,31
3415,340047,NORTH CAROLINA BAPTIST HOSPITAL,NC,Acute Care Hospitals,Voluntary non-profit - Private,true,false,4.0,4,,31
3416,340049,NORTH CAROLINA SPECIALTY HOSPITAL,NC,Acute Care Hospitals,Proprietary,true,false,,Not Available,16,31
3417,340050,SOUTHEASTERN REGIONAL MEDICAL CENTER,NC,Acute Care Hospitals,Voluntary non-profit - Private,true,false,2.0,2,,31
3418,340051,WATAUGA MEDICAL CENTER,NC,Acute Care Hospitals,Government - Local,true,false,3.0,3,,31
3419,340053,NOVANT HEALTH PRESBYTERIAN MEDICAL CENTER,NC,Acute Care Hospitals,Voluntary non-profit - Private,true,false,5.0,5,,31
3420,340060,UNC ROCKINGHAM,NC,Acute Care Hospitals,Voluntary non-profit - Private,true,false,4.0,4,,31
3421,340061,UNC HOSPITALS,NC,Acute Care Hospitals,Government - State,true,false,5.0,5,,31
3422,340064,WILKES REGIONAL MEDICAL CENTER,NC,Acute Care Hospitals,Government - Local,true,false,3.0,3,,31
3423,340068,COLUMBUS REGIONAL HEALTHCARE SYSTEM,NC,Acute Care Hospitals,Voluntary non-profit - Other,true,false,1.0,1,,31
3424,340069,"WAKEMED, RALEIGH CAMPUS",NC,Acute Care Hospitals,Voluntary non-profit - Private,true,false,4.0,4,,31
3425,340070,ALAMANCE REGIONAL MEDICAL CENTER,NC,Acute Care Hospitals,Voluntary non-profit - Private,true,false,3.0,3,,31
3426,340071,BETSY JOHNSON REGIONAL HOSPITAL,NC,Acute Care Hospitals,Voluntary non-profit - Private,true,false,3.0,3,,31
3427,340075,"BLUE RIDGE HEALTHCARE HOSPITALS, INC",NC,Acute Care Hospitals,Proprietary,true,false,4.0,4,,31
3428,340084,ATRIUM HEALTH ANSON,NC,Acute Care Hospitals,Government - Hospital District or Authority,true,false,,Not Available,16,31
3429,340085,NOVANT HEALTH THOMASVILLE MEDICAL CENTER,NC,Acute Care Hospitals,Voluntary non-profit - Private,true,false,3.0,3,,31
3430,340087,THE MCDOWELL HOSPITAL,NC,Acute Care Hospitals,Voluntary non-profit - Private,true,false,3.0,3,,31
3431,340090,JOHNSTON HEALTH,NC,Acute Care Hospitals,Government - Hospital District or Authority,true,false,4.0,4,,31
3432,340091,"MOSES H. CONE MEMORIAL HOSPITAL, THE",NC,Acute Care Hospitals,Voluntary non-profit - Private,true,false,3.0,3,,31
3433,340096,LEXINGTON MEMORIAL HOSPITAL INC,NC,Acute Care Hospitals,Voluntary non-profit - Private,true,false,2.0,2,,31
3434,340097,HUGH CHATHAM MEMORIAL HOSPITAL,NC,Acute Care Hospitals,Voluntary non-profit - Private,true,false,3.0,3,,31
3435,340098,ATRIUM HEALTH PINEVILLE,NC,Acute Care Hospitals,Government - Hospital District or Authority,true,false,3.0,3,,31
3436,340099,VIDANT ROANOKE CHOWAN HOSPITAL,NC,Acute Care Hospitals,Voluntary non-profit - Private,true,false,2.0,2,,31
3437,340107,VIDANT EDGECOMBE HOSPITAL,NC,Acute Care Hospitals,Government - Local,true,false,3.0,3,,31
3438,340109,SENTARA ALBEMARLE MEDICAL CENTER,NC,Acute Care Hospitals,Government - Hospital District or Authority,true,false,3.0,3,,31
3439,340113,CAROLINAS MEDICAL CENTER/BEHAV HEALTH,NC,Acute Care Hospitals,Government - Hospital District or Authority,true,false,4.0,4,,31
3440,340114,REX HOSPITAL,NC,Acute Care Hospitals,Government - State,true,false,5.0,5,,31
3441,340115,FIRSTHEALTH MOORE REGIONAL HOSPITAL,NC,Acute Care Hospitals,Voluntary non-profit - Private,true,false,4.0,4,,31
3442,340116,FRYE REGIONAL MEDICAL CENTER,NC,Acute Care Hospitals,Proprietary,true,false,2.0,2,,31
3443,340119,STANLY REGIONAL MEDICAL CENTER,NC,Acute Care Hospitals,Voluntary non-profit - Private,true,false,3.0,3,,31
3444,34011F,NMC Camp Lejeune,NC,Acute Care - Department of Defense,Department of Defense,true,true,,Not Available,22,31
3445,340120,VIDANT DUPLIN HOSPITAL,NC,Acute Care Hospitals,Government - Local,true,false,3.0,3,,31
3446,340123,RANDOLPH HOSPITAL,NC,Acute Care Hospitals,Voluntary non-profit - Private,true,false,4.0,4,,31
3447,340126,WILSON MEDICAL CENTER,NC,Acute Care Hospitals,Voluntary non-profit - Private,true,false,1.0,1,,31
3448,340127,GRANVILLE HEALTH SYSTEMS,NC,Acute Care Hospitals,Government - Local,true,false,2.0,2,,31
3449,340129,DUKE HEALTH LAKE NORMAN HOSPITAL,NC,Acute Care Hospitals,Proprietary,true,false,1.0,1,,31
3450,34012F,DURHAM VA MEDICAL CENTER,NC,Acute Care - Veterans Administration,Veterans Health Administration,true,true,4.0,4,,31
3451,340130,ATRIUM HEALTH UNION,NC,Acute Care Hospitals,Government - Hospital District or Authority,true,false,4.0,4,,31
3452,340131,CAROLINA EAST MEDICAL CENTER,NC,Acute Care Hospitals,Government - Hospital District or Authority,true,false,4.0,4,,31
3453,340132,MARIA PARHAM MEDICAL CENTER,NC,Acute Care Hospitals,Proprietary,true,false,2.0,2,,31
3454,34013F,FAYETTEVILLE NC VA MEDICAL CENTER,NC,Acute Care - Veterans Administration,Veterans Health Administration,true,true,5.0,5,,31
3455,340141,NOVANT HEALTH NEW HANOVER REGIONAL MEDICAL CENTER,NC,Acute Care Hospitals,Government - Local,true,false,3.0,3,,31
3456,340142,CARTERET GENERAL HOSPITAL,NC,Acute Care Hospitals,Proprietary,true,false,2.0,2,,31
3457,340143,CATAWBA VALLEY MEDICAL CENTER,NC,Acute Care Hospitals,Voluntary non-profit - Other,true,false,2.0,2,,31
3458,340145,ATRIUM HEALTH LINCOLN,NC,Acute Care Hospitals,Government - Hospital District or Authority,true,false,3.0,3,,31
3459,340147,UNC HEALTH NASH,NC,Acute Care Hospitals,Government - Hospital District or Authority,true,false,4.0,4,,31
3460,340148,NOVANT HEALTH MEDICAL PARK HOSPITAL,NC,Acute Care Hospitals,Voluntary non-profit - Other,true,false,5.0,5,,31
3461,34014F,Womack AMC (FT Bragg),NC,Acute Care - Department of Defense,Department of Defense,true,true,,Not Available,22,31
3462,340151,ECU HEALTH NORTH HOSPITAL,NC,Acute Care Hospitals,Voluntary non-profit - Private,true,false,2.0,2,,31
3463,340155,DUKE REGIONAL HOSPITAL,NC,Acute Care Hospitals,Government - Local,true,false,5.0,5,,31
3464,340156,CHEROKEE INDIAN HOSPITAL AUTHORITY,NC,Acute Care Hospitals,Government - Federal,true,false,,Not Available,16,31
3465,340158,NOVANT HEALTH BRUNSWICK MEDICAL CENTER,NC,Acute Care Hospitals,Voluntary non-profit - Other,true,false,4.0,4,,31
3466,340159,PERSON MEMORIAL HOSPITAL,NC,Acute Care Hospitals,Proprietary,true,false,3.0,3,,31
3467,340166,ATRIUM HEALTH UNIVERSITY CITY,NC,Acute Care Hospitals,Government - Hospital District or Authority,true,false,3.0,3,,31
3468,340168,WILMINGTON TREATMENT CENTER,NC,Acute Care Hospitals,Voluntary non-profit - Private,true,false,,Not Available,19,31
3469,340171,NOVANT HEALTH MATTHEWS MEDICAL CENTER,NC,Acute Care Hospitals,Voluntary non-profit - Other,true,false,5.0,5,,31
3470,340173,"WAKEMED, CARY HOSPITAL",NC,Acute Care Hospitals,Voluntary non-profit - Private,true,false,5.0,5,,31
3471,34017F,W.G. (BILL) HEFNER SALISBURY VA MEDICAL CENTER (SALSBURY),NC,Acute Care - Veterans Administration,Veterans Health Administration,true,true,4.0,4,,31
3472,340183,NOVANT HEALTH HUNTERSVILLE MEDICAL CENTER,NC,Acute Care Hospitals,Voluntary non-profit - Private,true,false,4.0,4,,31
3473,340184,HAYWOOD REGIONAL MEDICAL CENTER,NC,Acute Care Hospitals,Government - Hospital District or Authority,true,false,3.0,3,,31
3474,340188,CAPE FEAR VALLEY HOKE HOSPITAL,NC,Acute Care Hospitals,Voluntary non-profit - Private,true,false,4.0,4,,31
3475,340190,NOVANT HEALTH MINT HILL MEDICAL CENTER,NC,Acute Care Hospitals,Voluntary non-profit - Private,true,false,5.0,5,,31
3476,340195,NOVANT HEALTH BALLANTYNE MEDICAL CENTER,NC,Acute Care Hospitals,Voluntary non-profit - Private,true,false,,Not Available,16,31
3477,34036F,ASHEVILLE-OTEEN VA MEDICAL CENTER,NC,Acute Care - Veterans Administration,Veterans Health Administration,true,true,4.0,4,,31
3478,341303,FIRSTHEALTH MONTGOMERY MEMORIAL HOSP,NC,Critical Access Hospitals,Voluntary non-profit - Private,true,false,,Not Available,16,31
3479,341304,ECU HEALTH BERTIE HOSPITAL,NC,Critical Access Hospitals,Voluntary non-profit - Private,true,false,4.0,4,,31
3480,341305,DLP SWAIN COUNTY HOSPITAL LLC,NC,Critical Access Hospitals,Voluntary non-profit - Private,true,false,,Not Available,16,31
3481,341307,PENDER MEMORIAL HOSPITAL,NC,Critical Access Hospitals,Government - Local,true,false,,Not Available,16,31
3482,341311,CHATHAM HOSPITAL INC,NC,Critical Access Hospitals,Voluntary non-profit - Private,true,false,4.0,4,,31
3483,341314,WASHINGTON COUNTY HOSP INC,NC,Critical Access Hospitals,Proprietary,true,false,,Not Available,16,31
3484,341315,CAPE FEAR VALLEY-BLADEN COUNTY HOSPITAL,NC,Critical Access Hospitals,Voluntary non-profit - Private,true,false,,Not Available,16,31
3485,341316,HIGHLANDS CASHIERS HOSPITAL,NC,Critical Access Hospitals,Voluntary non-profit - Private,true,false,,Not Available,16,31
3486,341317,LIFEBRITE COMMUNITY HOSPITAL OF STOKES,NC,Critical Access Hospitals,Proprietary,true,false,,Not Available,16,31
3487,341318,VIDANT CHOWAN HOSPITAL,NC,Critical Access Hospitals,Government - Local,true,false,3.0,3,,31
3488,341319,"TRANSYLVANIA REGIONAL HOSPITAL, INC",NC,Critical Access Hospitals,Voluntary non-profit - Private,true,false,2.0,2,,31
3489,341320,ALLEGHANY  MEMORIAL HOSPITAL,NC,Critical Access Hospitals,Voluntary non-profit - Private,true,false,,Not Available,16,31
3490,341322,ADVENT HEALTH POLK,NC,Critical Access Hospitals,Voluntary non-profit - Private,true,false,4.0,4,,31
3491,341323,CHARLES A CANNON JR MEMORIAL HOSPITAL,NC,Critical Access Hospitals,Voluntary non-profit - Private,true,false,,Not Available,16,31
3492,341324,"THE OUTER BANKS HOSPITAL, INC",NC,Critical Access Hospitals,Voluntary non-profit - Private,true,false,4.0,4,,31
3493,341325,ASHE MEMORIAL HOSPITAL,NC,Critical Access Hospitals,Voluntary non-profit - Private,true,false,3.0,3,,31
3494,341326,ANGEL MEDICAL CENTER,NC,Critical Access Hospitals,Voluntary non-profit - Private,true,false,2.0,2,,31
3495,341327,J ARTHUR DOSHER MEMORIAL HOSPITAL,NC,Critical Access Hospitals,Voluntary non-profit - Other,true,false,3.0,3,,31
3496,341328,ERLANGER MURPHY MEDICAL CENTER,NC,Critical Access Hospitals,Voluntary non-profit - Private,true,false,4.0,4,,31
3497,341329,BLUE RIDGE REGIONAL HOSPITAL,NC,Critical Access Hospitals,Voluntary non-profit - Private,true,false,3.0,3,,31
3498,344004,CENTRAL REGIONAL HOSPITAL,NC,Psychiatric,Voluntary non-profit - Church,true,false,,Not Available,19,31
3499,344007,OLD VINEYARD YOUTH SERVICES,NC,Psychiatric,Proprietary,true,false,,Not Available,19,31
3500,344014,HOLLY HILL MENTAL HEALTH SERVICES,NC,Psychiatric,Proprietary,true,false,,Not Available,19,31
3501,344016,BRYNN MARR HOSP,NC,Psychiatric,Government - Federal,true,false,,Not Available,19,31
3502,344023,JULIAN F KEITH ALCOHOL & DRUG ABUSE TX,NC,Psychiatric,Government - State,true,false,,Not Available,19,31
3503,344025,BROUGHTON HOSPITAL,NC,Psychiatric,Government - State,true,false,,Not Available,19,31
3504,344026,CHERRY HOSPITAL,NC,Psychiatric,Government - State,true,false,,Not Available,19,31
3505,344029,"GOOD HOPE HOSPITAL, INC",NC,Psychiatric,Voluntary non-profit - Private,true,false,,Not Available,19,31
3506,344030,STRATEGIC BEHAVIORAL CENTER-LELAND,NC,Psychiatric,Proprietary,true,false,,Not Available,19,31
3507,344032,TRIANGLE SPRINGS,NC,Psychiatric,Proprietary,true,false,,Not Available,19,31
3508,344033,WALTER B JONES CENTER LAKESIDE PSYCHIATRIC HOSPITA,NC,Psychiatric,Government - State,true,false,,Not Available,19,31
3509,344034,APPALACHIAN REGIONAL BEHAVIORAL HEALTHCARE,NC,Psychiatric,Voluntary non-profit - Private,true,false,,Not Available,19,31
3510,344035,RALEIGH OAKS BEHAVIORAL HEALTH,NC,Psychiatric,Proprietary,true,false,,Not Available,19,31
3511,344036,IREDELL DAVIS BEHAVIORAL HEALTH HOSPITAL,NC,Psychiatric,Proprietary,true,false,,Not Available,19,31
3512,350002,CHI ST ALEXIUS HEALTH,ND,Acute Care Hospitals,Voluntary non-profit - Church,true,false,4.0,4,,32
3513,350006,TRINITY HOSPITALS,ND,Acute Care Hospitals,Voluntary non-profit - Private,true,false,3.0,3,,32
3514,350011,SANFORD MEDICAL CENTER FARGO,ND,Acute Care Hospitals,Voluntary non-profit - Private,true,false,4.0,4,,32
3515,350015,SANFORD MEDICAL CENTER BISMARCK,ND,Acute Care Hospitals,Voluntary non-profit - Private,true,false,4.0,4,,32
3516,350019,ALTRU HOSPITAL,ND,Acute Care Hospitals,Government - Local,true,false,3.0,3,,32
3517,35002F,FARGO VA MEDICAL CENTER,ND,Acute Care - Veterans Administration,Veterans Health Administration,true,true,5.0,5,,32
3518,350063,P H S INDIAN HOSP AT BELCOURT-QUENTIN N BURDICK,ND,Acute Care Hospitals,Government - Federal,true,false,3.0,3,,32
3519,350070,ESSENTIA HEALTH,ND,Acute Care Hospitals,Voluntary non-profit - Private,true,false,3.0,3,,32
3520,351300,TIOGA MEDICAL CENTER,ND,Critical Access Hospitals,Voluntary non-profit - Private,true,false,,Not Available,16,32
3521,351301,MOUNTRAIL COUNTY MEDICAL CENTER INC,ND,Critical Access Hospitals,Voluntary non-profit - Private,true,false,,Not Available,16,32
3522,351302,MCKENZIE COUNTY HEALTHCARE SYSTEMS INC,ND,Critical Access Hospitals,Voluntary non-profit - Private,true,false,,Not Available,16,32
3523,351303,GARRISON MEMORIAL HOSPITAL,ND,Critical Access Hospitals,Voluntary non-profit - Church,true,false,,Not Available,16,32
3524,351304,CHI ST ALEXIUS HEALTH TURTLE LAKE,ND,Critical Access Hospitals,Voluntary non-profit - Church,true,false,,Not Available,16,32
3525,351305,TRINITY KENMARE COMMUNITY HOSPITAL,ND,Critical Access Hospitals,Voluntary non-profit - Private,true,false,,Not Available,16,32
3526,351306,COOPERSTOWN MEDICAL CENTER,ND,Critical Access Hospitals,Voluntary non-profit - Private,true,false,,Not Available,16,32
3527,351307,ST ANDREW'S HOSPITAL,ND,Critical Access Hospitals,Voluntary non-profit - Church,true,false,,Not Available,16,32
3528,351308,NELSON COUNTY HEALTH SYSTEM,ND,Critical Access Hospitals,Voluntary non-profit - Private,true,false,,Not Available,16,32
3529,351309,SANFORD MAYVILLE,ND,Critical Access Hospitals,Voluntary non-profit - Private,true,false,,Not Available,16,32
3530,351310,SAKAKAWEA MEDICAL CENTER - CAH,ND,Critical Access Hospitals,Voluntary non-profit - Private,true,false,,Not Available,16,32
3531,351311,LISBON AREA HEALTH SERVICES,ND,Critical Access Hospitals,Voluntary non-profit - Private,true,false,,Not Available,16,32
3532,351312,NORTHWOOD DEACONESS HEALTH CENTER,ND,Critical Access Hospitals,Voluntary non-profit - Church,true,false,,Not Available,16,32
3533,351313,SOUTHWEST HEALTHCARE SERVICES,ND,Critical Access Hospitals,Voluntary non-profit - Private,true,false,,Not Available,16,32
3534,351314,JACOBSON MEMORIAL HOSPITAL CARE CENTER,ND,Critical Access Hospitals,Voluntary non-profit - Private,true,false,,Not Available,16,32
3535,351315,CHI OAKES HOSPITAL,ND,Critical Access Hospitals,Voluntary non-profit - Church,true,false,,Not Available,16,32
3536,351316,PRESENTATION MEDICAL CENTER,ND,Critical Access Hospitals,Voluntary non-profit - Private,true,false,,Not Available,16,32
3537,351318,CARRINGTON HEALTH CENTER,ND,Critical Access Hospitals,Voluntary non-profit - Private,true,false,,Not Available,16,32
3538,351319,PEMBINA COUNTY MEMORIAL HOSPITAL,ND,Critical Access Hospitals,Voluntary non-profit - Private,true,false,,Not Available,16,32
3539,351320,UNITY MEDICAL CENTER,ND,Critical Access Hospitals,Voluntary non-profit - Private,true,false,,Not Available,16,32
3540,351321,SOUTH CENTRAL HEALTH,ND,Critical Access Hospitals,Government - Local,true,false,,Not Available,16,32
3541,351322,ASHLEY MEDICAL CENTER,ND,Critical Access Hospitals,Voluntary non-profit - Private,true,false,,Not Available,16,32
3542,351323,CAVALIER COUNTY MEMORIAL HOSPITAL ASSOCIATION,ND,Critical Access Hospitals,Voluntary non-profit - Private,true,false,,Not Available,16,32
3543,351324,CHI MERCY HEALTH,ND,Critical Access Hospitals,Voluntary non-profit - Church,true,false,5.0,5,,32
3544,351325,ST LUKE'S HOSPITAL,ND,Critical Access Hospitals,Voluntary non-profit - Private,true,false,,Not Available,16,32
3545,351326,FIRST CARE HEALTH CENTER,ND,Critical Access Hospitals,Voluntary non-profit - Private,true,false,,Not Available,16,32
3546,351327,SMP HEALTH ST ALOISIUS,ND,Critical Access Hospitals,Voluntary non-profit - Private,true,false,1.0,1,,32
3547,351328,LINTON HOSPITAL - CAH,ND,Critical Access Hospitals,Voluntary non-profit - Private,true,false,,Not Available,16,32
3548,351329,SANFORD HILLSBORO,ND,Critical Access Hospitals,Voluntary non-profit - Private,true,false,,Not Available,16,32
3549,351330,WEST RIVER REGIONAL MEDICAL CENTER,ND,Critical Access Hospitals,Voluntary non-profit - Private,true,false,4.0,4,,32
3550,351331,TOWNER COUNTY MEDICAL CENTER,ND,Critical Access Hospitals,Voluntary non-profit - Private,true,false,,Not Available,16,32
3551,351332,HEART OF AMERICA MEDICAL CENTER,ND,Critical Access Hospitals,Voluntary non-profit - Private,true,false,2.0,2,,32
3552,351333,CHI ST ALEXIUS HEALTH DEVILS LAKE,ND,Critical Access Hospitals,Voluntary non-profit - Private,true,false,2.0,2,,32
3553,351334,CHI ST ALEXIUS HEALTH WILLISTON,ND,Critical Access Hospitals,Voluntary non-profit - Church,true,false,3.0,3,,32
3554,351335,JAMESTOWN REGIONAL MEDICAL CENTER,ND,Critical Access Hospitals,Voluntary non-profit - Private,true,false,4.0,4,,32
3555,351336,CHI ST ALEXIUS HEALTH DICKINSON,ND,Critical Access Hospitals,Voluntary non-profit - Church,true,false,2.0,2,,32
3556,351364,STANDING ROCK SERVICE UNIT,ND,Critical Access Hospitals,Government - Federal,true,false,,Not Available,16,32
3557,354003,NORTH DAKOTA STATE HOSPITAL,ND,Psychiatric,Government - State,true,false,,Not Available,19,32
3558,354004,PRAIRIE ST JOHN'S,ND,Psychiatric,Proprietary,true,false,,Not Available,19,32
3559,360001,MERCY HEALTH-ANDERSON HOSPITAL,OH,Acute Care Hospitals,Voluntary non-profit - Private,true,false,4.0,4,,39
3560,360002,UNIVERSITY HOSPITALS SAMARITAN MEDICAL CENTER,OH,Acute Care Hospitals,Voluntary non-profit - Other,true,false,4.0,4,,39
3561,360003,"UNIVERSITY OF CINCINNATI MEDICAL CENTER, LLC",OH,Acute Care Hospitals,Voluntary non-profit - Private,true,false,3.0,3,,39
3562,360006,RIVERSIDE METHODIST HOSPITAL,OH,Acute Care Hospitals,Voluntary non-profit - Private,true,false,4.0,4,,39
3563,360008,SOUTHERN OHIO MEDICAL CENTER,OH,Acute Care Hospitals,Voluntary non-profit - Other,true,false,4.0,4,,39
3564,360009,LIMA MEMORIAL HEALTH SYSTEM,OH,Acute Care Hospitals,Voluntary non-profit - Other,true,false,3.0,3,,39
3565,360010,UNION HOSPITAL,OH,Acute Care Hospitals,Voluntary non-profit - Other,true,false,3.0,3,,39
3566,360011,MARION GENERAL HOSPITAL,OH,Acute Care Hospitals,Voluntary non-profit - Private,true,false,4.0,4,,39
3567,360012,MOUNT CARMEL ST ANN'S,OH,Acute Care Hospitals,Voluntary non-profit - Private,true,false,3.0,3,,39
3568,360013,WILSON MEMORIAL HOSPITAL,OH,Acute Care Hospitals,Voluntary non-profit - Private,true,false,2.0,2,,39
3569,360014,OHIOHEALTH O'BLENESS HOSPITAL,OH,Acute Care Hospitals,Voluntary non-profit - Other,true,false,3.0,3,,39
3570,360016,THE JEWISH HOSPITAL-MERCY HEALTH,OH,Acute Care Hospitals,Voluntary non-profit - Private,true,false,4.0,4,,39
3571,360017,GRANT MEDICAL CENTER,OH,Acute Care Hospitals,Voluntary non-profit - Church,true,false,2.0,2,,39
3572,36001F,LOUIS STOKES CLEVELAND VA MEDICAL CENTER,OH,Acute Care - Veterans Administration,Veterans Health Administration,true,true,4.0,4,,39
3573,360020,SUMMA HEALTH SYSTEM,OH,Acute Care Hospitals,Voluntary non-profit - Private,true,false,3.0,3,,39
3574,360025,FIRELANDS REGIONAL MEDICAL CENTER,OH,Acute Care Hospitals,Voluntary non-profit - Private,true,false,4.0,4,,39
3575,360026,KETTERING HEALTH GREENE MEMORIAL,OH,Acute Care Hospitals,Voluntary non-profit - Private,true,false,5.0,5,,39
3576,360027,AKRON GENERAL MEDICAL CENTER,OH,Acute Care Hospitals,Voluntary non-profit - Private,true,false,5.0,5,,39
3577,360029,WOOD COUNTY HOSPITAL,OH,Acute Care Hospitals,Voluntary non-profit - Private,true,false,4.0,4,,39
3578,360032,GRAND LAKE HEALTH SYSTEM,OH,Acute Care Hospitals,Voluntary non-profit - Private,true,false,4.0,4,,39
3579,360035,MOUNT CARMEL EAST & WEST,OH,Acute Care Hospitals,Voluntary non-profit - Private,true,false,2.0,2,,39
3580,360036,WOOSTER COMMUNITY HOSPITAL,OH,Acute Care Hospitals,Government - Local,true,false,4.0,4,,39
3581,360039,GENESIS HOSPITAL,OH,Acute Care Hospitals,Voluntary non-profit - Private,true,false,5.0,5,,39
3582,36003F,CINCINNATI VA MEDICAL CENTER,OH,Acute Care - Veterans Administration,Veterans Health Administration,true,true,4.0,4,,39
3583,360040,KNOX COMMUNITY HOSPITAL,OH,Acute Care Hospitals,Voluntary non-profit - Other,true,false,3.0,3,,39
3584,360041,PARMA COMMUNITY GENERAL HOSPITAL,OH,Acute Care Hospitals,Voluntary non-profit - Private,true,false,4.0,4,,39
3585,360046,MCCULLOUGH-HYDE MEMORIAL HOSPITAL,OH,Acute Care Hospitals,Voluntary non-profit - Private,true,false,3.0,3,,39
3586,360048,UNIVERSITY OF TOLEDO MEDICAL CENTER,OH,Acute Care Hospitals,Government - State,true,false,3.0,3,,39
3587,360051,MIAMI VALLEY HOSPITAL,OH,Acute Care Hospitals,Voluntary non-profit - Private,true,false,3.0,3,,39
3588,360054,HOLZER MEDICAL CENTER,OH,Acute Care Hospitals,Voluntary non-profit - Private,true,false,4.0,4,,39
3589,360055,INSIGHT HOSPITAL AND MEDICAL CENTER TRUMBULL,OH,Acute Care Hospitals,Proprietary,true,false,2.0,2,,39
3590,360056,MERCY HEALTH - FAIRFIELD HOSPITAL,OH,Acute Care Hospitals,Voluntary non-profit - Private,true,false,3.0,3,,39
3591,360058,MERCER COUNTY JOINT TOWNSHIP COMMUNITY HOSPITAL,OH,Acute Care Hospitals,Government - Hospital District or Authority,true,false,3.0,3,,39
3592,360059,METROHEALTH SYSTEM,OH,Acute Care Hospitals,Voluntary non-profit - Other,true,false,3.0,3,,39
3593,360064,MH ST ELIZABETH YOUNGSTOWN HOSPITAL,OH,Acute Care Hospitals,Voluntary non-profit - Church,true,false,3.0,3,,39
3594,360065,FISHER-TITUS HOSPITAL,OH,Acute Care Hospitals,Voluntary non-profit - Private,true,false,4.0,4,,39
3595,360066,MERCY HEALTH ST RITAS MEDICAL CENTER,OH,Acute Care Hospitals,Voluntary non-profit - Private,true,false,4.0,4,,39
3596,360068,PROMEDICA TOLEDO HOSPITAL,OH,Acute Care Hospitals,Voluntary non-profit - Private,true,false,4.0,4,,39
3597,36006F,88th Medical Group (Wright-Patterson AFB),OH,Acute Care - Department of Defense,Department of Defense,true,true,,Not Available,22,39
3598,360070,MERCY MEDICAL CENTER,OH,Acute Care Hospitals,Voluntary non-profit - Private,true,false,3.0,3,,39
3599,360071,VAN WERT COUNTY HOSPITAL,OH,Acute Care Hospitals,Voluntary non-profit - Private,true,false,5.0,5,,39
3600,360072,FAIRFIELD MEDICAL CENTER,OH,Acute Care Hospitals,Voluntary non-profit - Other,true,false,2.0,2,,39
3601,360075,UH REGIONAL HOSPITALS,OH,Acute Care Hospitals,Proprietary,true,false,4.0,4,,39
3602,360076,ATRIUM MEDICAL CENTER,OH,Acute Care Hospitals,Voluntary non-profit - Private,true,false,4.0,4,,39
3603,360077,FAIRVIEW HOSPITAL,OH,Acute Care Hospitals,Voluntary non-profit - Private,true,false,5.0,5,,39
3604,360078,UNIVERSITY HOSPITALS PORTAGE MEDICAL CENTER,OH,Acute Care Hospitals,Voluntary non-profit - Private,true,false,3.0,3,,39
3605,360079,KETTERING HEALTH MAIN CAMPUS,OH,Acute Care Hospitals,Voluntary non-profit - Church,true,false,3.0,3,,39
3606,36007F,DAYTON VA MEDICAL CENTER,OH,Acute Care - Veterans Administration,Veterans Health Administration,true,true,5.0,5,,39
3607,360080,EAST OHIO REGIONAL HOSPITAL,OH,Acute Care Hospitals,Voluntary non-profit - Other,true,false,2.0,2,,39
3608,360082,EUCLID HOSPITAL,OH,Acute Care Hospitals,Voluntary non-profit - Other,true,false,4.0,4,,39
3609,360084,AULTMAN HOSPITAL,OH,Acute Care Hospitals,Voluntary non-profit - Other,true,false,4.0,4,,39
3610,360085,OHIO STATE UNIVERSITY STATE HEALTH SYSTEM,OH,Acute Care Hospitals,Government - State,true,false,3.0,3,,39
3611,360086,SPRINGFIELD REGIONAL MEDICAL CENTER,OH,Acute Care Hospitals,Voluntary non-profit - Private,true,false,4.0,4,,39
3612,360087,LUTHERAN HOSPITAL,OH,Acute Care Hospitals,Voluntary non-profit - Private,true,false,3.0,3,,39
3613,360089,MERCY HEALTH - TIFFIN HOSPITAL,OH,Acute Care Hospitals,Voluntary non-profit - Church,true,false,3.0,3,,39
3614,36008F,CHILLICOTHE VA MEDICAL CENTER,OH,Acute Care - Veterans Administration,Veterans Health Administration,true,true,,Not Available,16,39
3615,360091,MEDINA HOSPITAL,OH,Acute Care Hospitals,Voluntary non-profit - Private,true,false,5.0,5,,39
3616,360092,MEMORIAL HOSPITAL,OH,Acute Care Hospitals,Government - Local,true,false,5.0,5,,39
3617,360095,BLANCHARD VALLEY HOSPITAL,OH,Acute Care Hospitals,Voluntary non-profit - Other,true,false,3.0,3,,39
3618,360096,EAST LIVERPOOL CITY HOSPITAL,OH,Acute Care Hospitals,Voluntary non-profit - Private,true,false,3.0,3,,39
3619,360098,LAKE HEALTH,OH,Acute Care Hospitals,Voluntary non-profit - Private,true,false,3.0,3,,39
3620,360107,BELLEVUE HOSPITAL,OH,Acute Care Hospitals,Voluntary non-profit - Other,true,false,4.0,4,,39
3621,360109,COSHOCTON REGIONAL MEDICAL CENTER,OH,Acute Care Hospitals,Voluntary non-profit - Private,true,false,4.0,4,,39
3622,360112,MERCY ST VINCENT MEDICAL CENTER,OH,Acute Care Hospitals,Voluntary non-profit - Church,true,false,3.0,3,,39
3623,360118,OHIOHEALTH MANSFIELD HOSPITAL,OH,Acute Care Hospitals,Voluntary non-profit - Private,true,false,3.0,3,,39
3624,360121,COMMUNITY HOSPITALS AND WELLNESS CENTERS,OH,Acute Care Hospitals,Voluntary non-profit - Other,true,false,3.0,3,,39
3625,360123,UH ST JOHN MEDICAL CENTER,OH,Acute Care Hospitals,Voluntary non-profit - Private,true,false,4.0,4,,39
3626,360125,ASHTABULA COUNTY MEDICAL CENTER,OH,Acute Care Hospitals,Voluntary non-profit - Private,true,false,3.0,3,,39
3627,360131,ALLIANCE COMMUNITY HOSPITAL,OH,Acute Care Hospitals,Voluntary non-profit - Private,true,false,4.0,4,,39
3628,360132,FORT HAMILTON HUGHES MEMORIAL HOSPITAL,OH,Acute Care Hospitals,Voluntary non-profit - Private,true,false,3.0,3,,39
3629,360133,KETTERING HEALTH DAYTON,OH,Acute Care Hospitals,Voluntary non-profit - Other,true,false,4.0,4,,39
3630,360134,GOOD SAMARITAN HOSPITAL,OH,Acute Care Hospitals,Voluntary non-profit - Private,true,false,4.0,4,,39
3631,360137,UH CLEVELAND MEDICAL CENTER,OH,Acute Care Hospitals,Voluntary non-profit - Private,true,false,3.0,3,,39
3632,360143,MARYMOUNT HOSPITAL,OH,Acute Care Hospitals,Voluntary non-profit - Private,true,false,5.0,5,,39
3633,360144,SOUTH POINTE HOSPITAL,OH,Acute Care Hospitals,Voluntary non-profit - Other,true,false,5.0,5,,39
3634,360145,UNIVERSITY HOSPITALS - ELYRIA MEDICAL CENTER,OH,Acute Care Hospitals,Voluntary non-profit - Private,true,false,4.0,4,,39
3635,360147,MARIETTA MEMORIAL HOSPITAL,OH,Acute Care Hospitals,Voluntary non-profit - Other,true,false,3.0,3,,39
3636,360148,POMERENE HOSPITAL,OH,Acute Care Hospitals,Voluntary non-profit - Private,true,false,3.0,3,,39
3637,360150,SUMMA WESTERN RESERVE HOSPITAL,OH,Acute Care Hospitals,Voluntary non-profit - Other,true,false,3.0,3,,39
3638,360152,DOCTORS HOSPITAL,OH,Acute Care Hospitals,Voluntary non-profit - Church,true,false,4.0,4,,39
3639,360155,SOUTHWEST GENERAL HEALTH CENTER,OH,Acute Care Hospitals,Voluntary non-profit - Private,true,false,4.0,4,,39
3640,360156,MEMORIAL HOSPITAL,OH,Acute Care Hospitals,Voluntary non-profit - Other,true,false,4.0,4,,39
3641,360159,ADENA REGIONAL MEDICAL CENTER,OH,Acute Care Hospitals,Voluntary non-profit - Private,true,false,3.0,3,,39
3642,360161,MH ST JOSEPH WARREN HOSPITAL,OH,Acute Care Hospitals,Voluntary non-profit - Private,true,false,3.0,3,,39
3643,360163,CHRIST HOSPITAL,OH,Acute Care Hospitals,Voluntary non-profit - Private,true,false,5.0,5,,39
3644,360170,BERGER HOSPITAL,OH,Acute Care Hospitals,Government - Local,true,false,3.0,3,,39
3645,360172,MERCY REGIONAL MEDICAL CENTER,OH,Acute Care Hospitals,Voluntary non-profit - Private,true,false,2.0,2,,39
3646,360174,UPPER VALLEY MEDICAL CENTER,OH,Acute Care Hospitals,Voluntary non-profit - Private,true,false,4.0,4,,39
3647,360175,TRIHEALTH CLINTON REGIONAL HOSPITAL,OH,Acute Care Hospitals,Government - Local,true,false,2.0,2,,39
3648,360179,BETHESDA NORTH,OH,Acute Care Hospitals,Voluntary non-profit - Church,true,false,3.0,3,,39
3649,360180,CLEVELAND CLINIC,OH,Acute Care Hospitals,Voluntary non-profit - Private,true,false,4.0,4,,39
3650,360185,SALEM REGIONAL MEDICAL CENTER,OH,Acute Care Hospitals,Voluntary non-profit - Private,true,false,3.0,3,,39
3651,360189,MADISON HEALTH,OH,Acute Care Hospitals,Voluntary non-profit - Private,true,false,3.0,3,,39
3652,360197,MARY RUTAN HOSPITAL,OH,Acute Care Hospitals,Voluntary non-profit - Private,true,false,4.0,4,,39
3653,360203,SOUTHEASTERN OHIO REGIONAL MEDICAL CENTER,OH,Acute Care Hospitals,Voluntary non-profit - Private,true,false,4.0,4,,39
3654,360210,GRADY MEMORIAL HOSPITAL,OH,Acute Care Hospitals,Voluntary non-profit - Private,true,false,4.0,4,,39
3655,360211,TRINITY MEDICAL CTR EAST &TRINITY MEDICAL CTR WEST,OH,Acute Care Hospitals,Voluntary non-profit - Other,true,false,2.0,2,,39
3656,360218,LICKING MEMORIAL HOSPITAL,OH,Acute Care Hospitals,Voluntary non-profit - Private,true,false,2.0,2,,39
3657,360230,HILLCREST HOSPITAL,OH,Acute Care Hospitals,Voluntary non-profit - Private,true,false,5.0,5,,39
3658,360234,MERCY HEALTH - WEST HOSPITAL,OH,Acute Care Hospitals,Voluntary non-profit - Private,true,false,4.0,4,,39
3659,360236,MERCY HEALTH - CLERMONT HOSPITAL,OH,Acute Care Hospitals,Voluntary non-profit - Church,true,false,4.0,4,,39
3660,360239,KETTERING HEALTH MIAMISBURG,OH,Acute Care Hospitals,Voluntary non-profit - Church,true,false,4.0,4,,39
3661,360245,GLENBEIGH HEALTH SOURCES,OH,Acute Care Hospitals,Proprietary,true,false,,Not Available,16,39
3662,360259,BAY PARK COMMUNITY HOSPITAL,OH,Acute Care Hospitals,Voluntary non-profit - Other,true,false,3.0,3,,39
3663,360263,INSTITUTE FOR ORTHOPAEDIC SURGERY,OH,Acute Care Hospitals,Proprietary,true,false,,Not Available,16,39
3664,360266,MOUNT CARMEL NEW ALBANY SURGICAL HOSPITAL,OH,Acute Care Hospitals,Proprietary,true,false,,Not Available,16,39
3665,360270,MERCY HEALTH - DEFIANCE HOSPITAL,OH,Acute Care Hospitals,Proprietary,true,false,4.0,4,,39
3666,360276,HMHP ST ELIZABETH BOARDMAN HEALTH CENTER,OH,Acute Care Hospitals,Voluntary non-profit - Church,true,false,2.0,2,,39
3667,360348,DUBLIN METHODIST HOSPITAL,OH,Acute Care Hospitals,Voluntary non-profit - Private,true,false,4.0,4,,39
3668,360351,CRYSTAL CLINIC ORTHOPAEDIC CENTER,OH,Acute Care Hospitals,Proprietary,true,false,5.0,5,,39
3669,360352,SURGICAL HOSPITAL AT SOUTHWOODS,OH,Acute Care Hospitals,Proprietary,true,false,4.0,4,,39
3670,360354,WEST CHESTER HOSPITAL,OH,Acute Care Hospitals,Voluntary non-profit - Private,true,false,3.0,3,,39
3671,360355,OHIO VALLEY SURGICAL HOSPITAL,OH,Acute Care Hospitals,Voluntary non-profit - Private,true,false,,Not Available,16,39
3672,360358,DILEY RIDGE MEDICAL CENTER,OH,Acute Care Hospitals,Voluntary non-profit - Private,true,false,,Not Available,16,39
3673,360359,UNIVERSITY HOSPITALS AHUJA MEDICAL CENTER,OH,Acute Care Hospitals,Voluntary non-profit - Private,true,false,3.0,3,,39
3674,360360,SOIN MEDICAL CENTER,OH,Acute Care Hospitals,Voluntary non-profit - Private,true,false,4.0,4,,39
3675,360361,KINGS DAUGHTERS MEDICAL CENTER OHIO,OH,Acute Care Hospitals,Voluntary non-profit - Private,true,false,,Not Available,16,39
3676,360364,CLEVELAND CLINIC AVON HOSPITAL,OH,Acute Care Hospitals,Voluntary non-profit - Private,true,false,5.0,5,,39
3677,360365,AVITA ONTARIO,OH,Acute Care Hospitals,Voluntary non-profit - Private,true,false,4.0,4,,39
3678,360367,LAKE HEALTH BEACHWOOD MEDICAL CENTER,OH,Acute Care Hospitals,Proprietary,true,false,,Not Available,16,39
3679,360368,KETTERING HEALTH TROY,OH,Acute Care Hospitals,Voluntary non-profit - Private,true,false,5.0,5,,39
3680,360374,MERCY HEALTH KINGS MILLS HOSPITAL LLC,OH,Acute Care Hospitals,Voluntary non-profit - Private,true,false,,Not Available,16,39
3681,360375,MOUNT CARMEL DUBLIN,OH,Acute Care Hospitals,Voluntary non-profit - Church,true,false,,Not Available,5,39
3682,361300,PAULDING COUNTY HOSPITAL,OH,Critical Access Hospitals,Government - Local,true,false,,Not Available,16,39
3683,361302,TWIN CITY MEDICAL CENTER,OH,Critical Access Hospitals,Voluntary non-profit - Church,true,false,,Not Available,16,39
3684,361303,LODI COMMUNITY HOSPITAL,OH,Critical Access Hospitals,Voluntary non-profit - Private,true,false,,Not Available,16,39
3685,361304,GREENFIELD AREA MEDICAL CENTER,OH,Critical Access Hospitals,Voluntary non-profit - Private,true,false,,Not Available,16,39
3686,361306,MERCY ALLEN HOSPITAL,OH,Critical Access Hospitals,Voluntary non-profit - Private,true,false,5.0,5,,39
3687,361307,UHHS MEMORIAL HOSPITAL OF GENEVA,OH,Critical Access Hospitals,Voluntary non-profit - Private,true,false,4.0,4,,39
3688,361308,UNIVERSITY HOSPITALS CONNEAUT MEDICAL CENTER,OH,Critical Access Hospitals,Voluntary non-profit - Other,true,false,4.0,4,,39
3689,361309,"HENRY COUNTY HOSPITAL, INC",OH,Critical Access Hospitals,Voluntary non-profit - Private,true,false,2.0,2,,39
3690,361310,MERCY HEALTH - WILLARD HOSPITAL,OH,Critical Access Hospitals,Voluntary non-profit - Private,true,false,,Not Available,16,39
3691,361311,HARRISON COMMUNITY HOSPITAL,OH,Critical Access Hospitals,Voluntary non-profit - Private,true,false,,Not Available,16,39
3692,361312,MERCY HEALTH - URBANA HOSPITAL,OH,Critical Access Hospitals,Voluntary non-profit - Private,true,false,4.0,4,,39
3693,361313,OHIOHEALTH MORROW COUNTY HOSPITAL,OH,Critical Access Hospitals,Government - Local,true,false,,Not Available,16,39
3694,361314,MAGRUDER HOSPITAL,OH,Critical Access Hospitals,Voluntary non-profit - Private,true,false,3.0,3,,39
3695,361315,HARDIN MEMORIAL HOSPITAL,OH,Critical Access Hospitals,Voluntary non-profit - Private,true,false,,Not Available,16,39
3696,361316,BUCYRUS COMMUNITY HOSPITAL,OH,Critical Access Hospitals,Voluntary non-profit - Other,true,false,,Not Available,16,39
3697,361318,FOSTORIA COMMUNITY HOSPITAL,OH,Critical Access Hospitals,Voluntary non-profit - Private,true,false,4.0,4,,39
3698,361319,SELBY GENERAL HOSPITAL,OH,Critical Access Hospitals,Voluntary non-profit - Private,true,false,,Not Available,16,39
3699,361320,HOLZER MEDICAL CENTER JACKSON,OH,Critical Access Hospitals,Voluntary non-profit - Private,true,false,3.0,3,,39
3700,361321,"BARNESVILLE HOSPITAL ASSOCIATION, INC",OH,Critical Access Hospitals,Voluntary non-profit - Private,true,false,,Not Available,16,39
3701,361322,BLUFFTON HOSPITAL,OH,Critical Access Hospitals,Voluntary non-profit - Private,true,false,,Not Available,16,39
3702,361323,AULTMAN ORRVILLE HOSPITAL,OH,Critical Access Hospitals,Voluntary non-profit - Private,true,false,,Not Available,16,39
3703,361324,OHIOHEALTH SHELBY HOSPITAL,OH,Critical Access Hospitals,Voluntary non-profit - Private,true,false,4.0,4,,39
3704,361325,GALION COMMUNITY HOSPITAL,OH,Critical Access Hospitals,Voluntary non-profit - Church,true,false,3.0,3,,39
3705,361326,ADAMS COUNTY REGIONAL MEDICAL CENTER,OH,Critical Access Hospitals,Government - Local,true,false,3.0,3,,39
3706,361327,COMMUNITY HOSPITALS AND WELLNESS CENTERS,OH,Critical Access Hospitals,Voluntary non-profit - Private,true,false,,Not Available,16,39
3707,361328,PROMEDICA DEFIANCE REGIONAL HOSPITAL,OH,Critical Access Hospitals,Voluntary non-profit - Private,true,false,5.0,5,,39
3708,361329,WYANDOT MEMORIAL HOSPITAL,OH,Critical Access Hospitals,Government - Hospital District or Authority,true,false,5.0,5,,39
3709,361330,HOCKING VALLEY COMMUNITY HOSPITAL,OH,Critical Access Hospitals,Voluntary non-profit - Other,true,false,,Not Available,16,39
3710,361331,ADENA FAYETTE MEDICAL CENTER,OH,Critical Access Hospitals,Government - Local,true,false,3.0,3,,39
3711,361332,HIGHLAND DISTRICT HOSPITAL,OH,Critical Access Hospitals,Government - Hospital District or Authority,true,false,3.0,3,,39
3712,361333,FULTON COUNTY HEALTH CENTER,OH,Critical Access Hospitals,Voluntary non-profit - Private,true,false,3.0,3,,39
3713,361334,ADENA PIKE MEDICAL CENTER,OH,Critical Access Hospitals,Voluntary non-profit - Private,true,false,,Not Available,16,39
3714,361335,WAYNE HOSPITAL,OH,Critical Access Hospitals,Voluntary non-profit - Private,true,false,,Not Available,5,39
3715,363300,CINCINNATI CHILDREN'S HOSPITAL MEDICAL CENTER,OH,Childrens,Voluntary non-profit - Private,true,false,,Not Available,19,39
3716,363302,RAINBOW BABIES AND CHILDRENS HOSPITAL,OH,Childrens,Voluntary non-profit - Other,true,false,,Not Available,19,39
3717,363303,AKRON CHILDREN'S HOSPITAL,OH,Childrens,Voluntary non-profit - Private,true,false,,Not Available,19,39
3718,363304,CLEVELAND CLINIC CHILDREN'S HOSPITAL FOR REHAB,OH,Childrens,Voluntary non-profit - Private,true,false,,Not Available,19,39
3719,363305,NATIONWIDE CHILDREN'S HOSPITAL,OH,Childrens,Voluntary non-profit - Private,true,false,,Not Available,19,39
3720,363306,DAYTON CHILDRENS HOSPITAL,OH,Childrens,Voluntary non-profit - Private,true,false,,Not Available,19,39
3721,363308,SHRINERS HOSPITALS FOR CHILDREN,OH,Childrens,Voluntary non-profit - Private,true,false,,Not Available,19,39
3722,363309,"NATIONWIDE CHILDREN'S HOSPITAL TOLEDO, LLC",OH,Childrens,Voluntary non-profit - Private,true,false,,Not Available,19,39
3723,364007,TWIN VALLEY BEHAVIORAL HEALTHCARE,OH,Psychiatric,Government - Local,true,false,,Not Available,19,39
3724,364011,NORTHCOAST BEHAVIORAL HEALTHCARE NORTHFIELD CAMPUS,OH,Psychiatric,Government - State,true,false,,Not Available,19,39
3725,364014,NORTHWEST OHIO PSYCHIATRIC HOSPITAL,OH,Psychiatric,Government - State,true,false,,Not Available,19,39
3726,364015,APPALACHIAN BEHAVIORAL HEALTH CARE,OH,Psychiatric,Proprietary,true,false,,Not Available,19,39
3727,364029,WINDSOR LAURELWOOD CENTER FOR BEHAVORIAL MEDICINE,OH,Psychiatric,Proprietary,true,false,,Not Available,19,39
3728,364031,HEARTLAND BEHAVIORAL HEALTHCARE,OH,Psychiatric,Government - State,true,false,,Not Available,19,39
3729,364035,SUMMIT BEHAVIORAL HEALTHCARE,OH,Psychiatric,Government - State,true,false,,Not Available,19,39
3730,364036,ARROWHEAD BEHAVIORAL HEALTH,OH,Psychiatric,Proprietary,true,false,,Not Available,19,39
3731,364040,MENTAL HEALTH SERVICES FOR CLARK AND MADISON COS,OH,Psychiatric,Proprietary,true,false,,Not Available,19,39
3732,364041,OHIO HOSPITAL FOR PSYCHIATRY,OH,Psychiatric,Proprietary,true,false,,Not Available,19,39
3733,364044,LINDNER CENTER OF HOPE,OH,Psychiatric,Voluntary non-profit - Private,true,false,,Not Available,19,39
3734,364047,RIDGEVIEW HOSPITAL,OH,Psychiatric,Proprietary,true,false,,Not Available,19,39
3735,364048,HAVEN BEHAVIORAL HOSPITAL OF DAYTON,OH,Psychiatric,Proprietary,true,false,,Not Available,19,39
3736,364049,DUBLIN SPRINGS,OH,Psychiatric,Proprietary,true,false,,Not Available,19,39
3737,364051,BECKETT SPRINGS,OH,Psychiatric,Proprietary,true,false,,Not Available,19,39
3738,364052,CLEAR VISTA HEALTH & WELLNESS,OH,Psychiatric,Proprietary,true,false,,Not Available,19,39
3739,364053,HIGHLAND SPRINGS,OH,Psychiatric,Proprietary,true,false,,Not Available,19,39
3740,364054,GENERATIONS BEHAVIORAL HEALTH - GENEVA,OH,Psychiatric,Proprietary,true,false,,Not Available,19,39
3741,364055,SOJOURN AT SENECA SENIOR BEHAVIORAL HEALTH HOSPITA,OH,Psychiatric,Voluntary non-profit - Private,true,false,,Not Available,19,39
3742,364056,ASSURANCE HEALTH CINCINNATI LLC,OH,Psychiatric,Voluntary non-profit - Private,true,false,,Not Available,19,39
3743,364057,BLUERIDGE VISTA HEALTH AND WELLNESS,OH,Psychiatric,Proprietary,true,false,,Not Available,19,39
3744,364058,SUN BEHAVIORAL COLUMBUS,OH,Psychiatric,Voluntary non-profit - Private,true,false,,Not Available,19,39
3745,364059,ASSURANCE HEALTH HUDSON LLC,OH,Psychiatric,Proprietary,true,false,,Not Available,19,39
3746,364060,GENERATIONS BEHAVIORAL HEALTH-YOUNGSTOWN LLC,OH,Psychiatric,Proprietary,true,false,,Not Available,19,39
3747,364061,RIVER VISTA HEALTH AND WELLNESS LLC,OH,Psychiatric,Proprietary,true,false,,Not Available,19,39
3748,364062,MOUNT CARMEL BEHAVIORAL HEALTH,OH,Psychiatric,Proprietary,true,false,,Not Available,19,39
3749,364064,SUNRISE VISTA HEALTH AND WELLNESS,OH,Psychiatric,Proprietary,true,false,,Not Available,19,39
3750,364065,GLENWOOD BEHAVIORAL HEALTH HOSPITAL,OH,Psychiatric,Proprietary,true,false,,Not Available,19,39
3751,364066,ASSURANCE HEALTH TOLEDO LLC,OH,Psychiatric,Proprietary,true,false,,Not Available,19,39
3752,370001,HILLCREST MEDICAL CENTER,OK,Acute Care Hospitals,Proprietary,true,false,3.0,3,,40
3753,370002,Integris Health Woodward Hospital,OK,Acute Care Hospitals,Proprietary,true,false,3.0,3,,40
3754,370004,INTEGRIS MIAMI HOSPITAL,OK,Acute Care Hospitals,Voluntary non-profit - Other,true,false,4.0,4,,40
3755,370006,INTEGRIS HEALTH PONCA CITY,OK,Acute Care Hospitals,Voluntary non-profit - Other,true,false,2.0,2,,40
3756,370008,NORMAN REGIONAL,OK,Acute Care Hospitals,Government - Hospital District or Authority,true,false,2.0,2,,40
3757,370013,"MERCY HOSPITAL OKLAHOMA CITY, INC",OK,Acute Care Hospitals,Voluntary non-profit - Church,true,false,4.0,4,,40
3758,370014,ALLIANCEHEALTH DURANT,OK,Acute Care Hospitals,Proprietary,true,false,1.0,1,,40
3759,370015,HILLCREST HOSPITAL PRYOR,OK,Acute Care Hospitals,Proprietary,true,false,4.0,4,,40
3760,370016,INTEGRIS HEALTH ENID HOSPITAL,OK,Acute Care Hospitals,Voluntary non-profit - Private,true,false,3.0,3,,40
3761,370018,ASCENSION ST JOHN JANE PHILLIPS,OK,Acute Care Hospitals,Voluntary non-profit - Private,true,false,3.0,3,29,40
3762,370019,GREAT PLAINS REGIONAL MEDICAL CENTER,OK,Acute Care Hospitals,Voluntary non-profit - Private,true,false,2.0,2,,40
3763,370020,MERCY HOSPITAL ADA,OK,Acute Care Hospitals,Voluntary non-profit - Private,true,false,4.0,4,,40
3764,370022,JACKSON COUNTY MEMORIAL HOSPITAL AUTHORITY,OK,Acute Care Hospitals,Voluntary non-profit - Other,true,false,3.0,3,,40
3765,370023,"DUNCAN REGIONAL HOSPITAL, INC",OK,Acute Care Hospitals,Voluntary non-profit - Private,true,false,3.0,3,,40
3766,370025,SAINT FRANCIS HOSPITAL MUSKOGEE,OK,Acute Care Hospitals,Voluntary non-profit - Private,true,false,3.0,3,,40
3767,370026,ST MARY'S REGIONAL MEDICAL CENTER,OK,Acute Care Hospitals,Proprietary,true,false,3.0,3,,40
3768,370028,"INTEGRIS BAPTIST MEDICAL CENTER, INC",OK,Acute Care Hospitals,Voluntary non-profit - Private,true,false,3.0,3,,40
3769,370034,MCALESTER REGIONAL HEALTH CENTER,OK,Acute Care Hospitals,Government - Hospital District or Authority,true,false,3.0,3,,40
3770,370037,SSM HEALTH ST ANTHONY HOSPITAL - OKLAHOMA CITY,OK,Acute Care Hospitals,Voluntary non-profit - Church,true,false,4.0,4,,40
3771,370039,HILLCREST HOSPITAL CLAREMORE,OK,Acute Care Hospitals,Proprietary,true,false,4.0,4,,40
3772,370047,"MERCY HOSPITAL ARDMORE, INC",OK,Acute Care Hospitals,Voluntary non-profit - Church,true,false,4.0,4,,40
3773,370049,STILLWATER MEDICAL CENTER,OK,Acute Care Hospitals,Government - Hospital District or Authority,true,false,4.0,4,,40
3774,370054,GRADY MEMORIAL HOSPITAL,OK,Acute Care Hospitals,Government - Hospital District or Authority,true,false,2.0,2,,40
3775,370056,MEMORIAL HEALTH,OK,Acute Care Hospitals,Government - Hospital District or Authority,true,false,2.0,2,,40
3776,370057,MUSCOGEE (CREEK) NATION MEDICAL CENTER,OK,Acute Care Hospitals,Tribal,true,false,,Not Available,16,40
3777,370078,OKLAHOMA STATE UNIVERSITY MEDICAL CENTER,OK,Acute Care Hospitals,Government - Hospital District or Authority,true,false,2.0,2,,40
3778,370083,PUSHMATAHA HOSPITAL,OK,Acute Care Hospitals,Government - Hospital District or Authority,true,false,3.0,3,,40
3779,370089,NORTHEASTERN HEALTH SYSTEM,OK,Acute Care Hospitals,Government - Hospital District or Authority,true,false,2.0,2,,40
3780,370091,"SAINT FRANCIS HOSPITAL, INC",OK,Acute Care Hospitals,Voluntary non-profit - Private,true,false,5.0,5,,40
3781,370093,O U MEDICAL CENTER,OK,Acute Care Hospitals,Voluntary non-profit - Private,true,false,2.0,2,,40
3782,370094,SSM HEALTH ST ANTHONY HOSPITAL - MIDWEST,OK,Acute Care Hospitals,Voluntary non-profit - Private,true,false,2.0,2,,40
3783,370097,SOUTHWESTERN MEDICAL CENTER,OK,Acute Care Hospitals,Proprietary,true,false,2.0,2,,40
3784,370099,HILLCREST HOSPITAL CUSHING,OK,Acute Care Hospitals,Proprietary,true,false,4.0,4,,40
3785,370100,CHOCTAW MEMORIAL HOSPITAL,OK,Acute Care Hospitals,Voluntary non-profit - Other,true,false,1.0,1,,40
3786,370106,INTEGRIS SOUTHWEST MEDICAL CENTER,OK,Acute Care Hospitals,Voluntary non-profit - Private,true,false,2.0,2,,40
3787,370112,SEQUOYAH COUNTY-CITY OF SALLISAW HOSPITAL AUTHORIT,OK,Acute Care Hospitals,Government - Local,true,false,3.0,3,,40
3788,370113,INTEGRIS GROVE HOSPITAL,OK,Acute Care Hospitals,Voluntary non-profit - Private,true,false,4.0,4,,40
3789,370114,ASCENSION ST JOHN MEDICAL CENTER,OK,Acute Care Hospitals,Voluntary non-profit - Private,true,false,3.0,3,29,40
3790,37012F,MUSKOGEE VA MEDICAL CENTER,OK,Acute Care - Veterans Administration,Veterans Health Administration,true,true,5.0,5,,40
3791,370149,SSM HEALTH ST ANTHONY HOSPITAL - SHAWNEE,OK,Acute Care Hospitals,Voluntary non-profit - Private,true,false,3.0,3,,40
3792,37014F,OKLAHOMA CITY VA MEDICAL CENTER,OK,Acute Care - Veterans Administration,Veterans Health Administration,true,true,2.0,2,,40
3793,370158,PURCELL MUNICIPAL HOSPITAL,OK,Acute Care Hospitals,Government - Local,true,false,3.0,3,,40
3794,370166,WAGONER COMMUNITY HOSPITAL,OK,Acute Care Hospitals,Government - Hospital District or Authority,true,false,2.0,2,,40
3795,370170,LAWTON INDIAN HOSPITAL,OK,Acute Care Hospitals,Tribal,true,false,,Not Available,16,40
3796,370171,CHEROKEE NATION W W HASTINGS INDIAN HOSPITAL,OK,Acute Care Hospitals,Voluntary non-profit - Other,true,false,3.0,3,,40
3797,370172,CHOCTAW NATION HEALTH SERVICES AUTHORITY,OK,Acute Care Hospitals,Tribal,true,false,,Not Available,16,40
3798,370173,CLAREMORE INDIAN HOSPITAL,OK,Acute Care Hospitals,Government - Federal,true,false,,Not Available,16,40
3799,370178,MEMORIAL HOSPITAL,OK,Acute Care Hospitals,Voluntary non-profit - Private,true,false,4.0,4,,40
3800,370180,CHICKASAW NATION MEDICAL CENTER,OK,Acute Care Hospitals,Tribal,true,false,5.0,5,,40
3801,370183,HILLCREST HOSPITAL HENRYETTA,OK,Acute Care Hospitals,Proprietary,true,false,,Not Available,16,40
3802,370192,NORTHWEST SURGICAL HOSPITAL,OK,Acute Care Hospitals,Physician,true,false,,Not Available,16,40
3803,370199,"LAKESIDE WOMEN'S HOSPITAL, A MEMBER OF INTEGRIS HE",OK,Acute Care Hospitals,Voluntary non-profit - Private,true,false,,Not Available,16,40
3804,370201,SURGICAL HOSPITAL OF OKLAHOMA,OK,Acute Care Hospitals,Physician,true,false,,Not Available,16,40
3805,370202,HILLCREST HOSPITAL SOUTH,OK,Acute Care Hospitals,Proprietary,true,false,3.0,3,,40
3806,370203,"COMMUNITY HOSPITAL, LLC",OK,Acute Care Hospitals,Physician,true,false,4.0,4,,40
3807,370206,OKLAHOMA SPINE HOSPITAL,OK,Acute Care Hospitals,Physician,true,false,,Not Available,16,40
3808,370210,"OKLAHOMA SURGICAL HOSPITAL, LLC",OK,Acute Care Hospitals,Physician,true,false,5.0,5,,40
3809,370211,INTEGRIS CANADIAN VALLEY HOSPITAL,OK,Acute Care Hospitals,Voluntary non-profit - Private,true,false,4.0,4,,40
3810,370212,OKLAHOMA CENTER FOR ORTHOPAEDIC & MULTI-SP,OK,Acute Care Hospitals,Physician,true,false,,Not Available,16,40
3811,370214,LINDSAY MUNICIPAL HOSPITAL,OK,Acute Care Hospitals,Government - Hospital District or Authority,true,false,,Not Available,16,40
3812,370215,"OKLAHOMA HEART HOSPITAL, LLC",OK,Acute Care Hospitals,Physician,true,false,4.0,4,,40
3813,370216,TULSA SPINE & SPECIALTY HOSPITAL,OK,Acute Care Hospitals,Proprietary,true,false,,Not Available,16,40
3814,370218,"SAINT FRANCIS HOSPITAL SOUTH, LLC",OK,Acute Care Hospitals,Voluntary non-profit - Private,true,false,5.0,5,,40
3815,370220,ONECORE HEALTH,OK,Acute Care Hospitals,Proprietary,true,false,,Not Available,16,40
3816,370222,MCBRIDE ORTHOPEDIC HOSPITAL,OK,Acute Care Hospitals,Physician,true,false,,Not Available,16,40
3817,370225,"SUMMIT MEDICAL CENTER, LLC",OK,Acute Care Hospitals,Physician,true,false,,Not Available,16,40
3818,370227,ST JOHN OWASSO,OK,Acute Care Hospitals,Voluntary non-profit - Private,true,false,5.0,5,29,40
3819,370228,"BAILEY MEDICAL CENTER, LLC",OK,Acute Care Hospitals,Proprietary,true,false,5.0,5,,40
3820,370234,"OKLAHOMA HEART HOSPITAL SOUTH, LLC",OK,Acute Care Hospitals,Physician,true,false,5.0,5,,40
3821,370235,ASCENSION ST JOHN BROKEN ARROW,OK,Acute Care Hospitals,Voluntary non-profit - Private,true,false,4.0,4,29,40
3822,370236,INTEGRIS HEALTH EDMOND HOSPITAL,OK,Acute Care Hospitals,Voluntary non-profit - Private,true,false,2.0,2,,40
3823,370237,"SAINT FRANCIS HOSPITAL VINITA, INC",OK,Acute Care Hospitals,Voluntary non-profit - Private,true,false,3.0,3,,40
3824,370240,INTEGRIS COMMUNITY HOSPITAL - COUNCIL CROSSING,OK,Acute Care Hospitals,Proprietary,true,false,,Not Available,16,40
3825,370243,VALLEY COMMUNITY HOSPITAL,OK,Acute Care Hospitals,Proprietary,true,false,,Not Available,16,40
3826,370244,COUNCIL OAK COMPREHENSIVE HEALTHCARE,OK,Acute Care Hospitals,Tribal,true,false,,Not Available,16,40
3827,370245,CLINTON REGIONAL HOSPITAL,OK,Acute Care Hospitals,Government - Local,true,false,,Not Available,16,40
3828,370246,CARRUS LAKESIDE HOSPITAL,OK,Acute Care Hospitals,Proprietary,true,false,,Not Available,5,40
3829,370247,EXCEPTIONAL COMMUNITY HOSPITAL ARDMORE,OK,Acute Care Hospitals,Proprietary,true,false,,Not Available,5,40
3830,370779,STILLWATER MEDICAL - PERRY,OK,Rural Emergency Hospital,Government - Hospital District or Authority,true,false,,Not Available,19,40
3831,370780,STILLWATER MEDICAL-BLACKWELL,OK,Rural Emergency Hospital,Government - Hospital District or Authority,true,false,,Not Available,19,40
3832,370781,HARPER COUNTY COMMUNITY HOSPITAL,OK,Rural Emergency Hospital,Government - Local,true,false,,Not Available,19,40
3833,370783,ELKVIEW GENERAL HOSPITAL,OK,Rural Emergency Hospital,Government - Hospital District or Authority,true,false,,Not Available,19,40
3834,370784,CLINTON REGIONAL HOSPITAL,OK,Rural Emergency Hospital,Voluntary non-profit - Private,true,false,,Not Available,19,40
3835,371300,ATOKA COUNTY MEDICAL CENTER,OK,Critical Access Hospitals,Government - Local,true,false,4.0,4,,40
3836,371301,PRAGUE REGIONAL MEMORIAL HOSPITAL,OK,Critical Access Hospitals,Government - Local,true,false,,Not Available,16,40
3837,371302,"MERCY HOSPITAL WATONGA, INC",OK,Critical Access Hospitals,Proprietary,true,false,,Not Available,16,40
3838,371303,ROGER MILLS MEMORIAL HOSPITAL,OK,Critical Access Hospitals,Voluntary non-profit - Private,true,false,,Not Available,16,40
3839,371304,MERCY HOSPITAL TISHOMINGO INC,OK,Critical Access Hospitals,Voluntary non-profit - Church,true,false,,Not Available,16,40
3840,371305,ASCENSION ST JOHN NOWATA,OK,Critical Access Hospitals,Voluntary non-profit - Private,true,false,,Not Available,16,40
3841,371306,MERCY HOSPITAL MARIETTA,OK,Critical Access Hospitals,Government - Local,true,false,,Not Available,16,40
3842,371307,CIMARRON MEMORIAL HOSPITAL,OK,Critical Access Hospitals,Government - Hospital District or Authority,true,false,,Not Available,16,40
3843,371309,"PAWHUSKA HOSPITAL, INC",OK,Critical Access Hospitals,Voluntary non-profit - Private,true,false,,Not Available,16,40
3844,371310,"MERCY HOSPITAL HEALDTON, INC.",OK,Critical Access Hospitals,Voluntary non-profit - Private,true,false,,Not Available,16,40
3845,371311,JEFFERSON COUNTY HOSPITAL,OK,Critical Access Hospitals,Voluntary non-profit - Private,true,false,,Not Available,16,40
3846,371312,ASCENSION ST JOHN SAPULPA,OK,Critical Access Hospitals,Voluntary non-profit - Private,true,false,,Not Available,16,40
3847,371313,"MERCY HOSPITAL KINGFISHER, INC",OK,Critical Access Hospitals,Voluntary non-profit - Private,true,false,,Not Available,16,40
3848,371314,THE PHYSICIANS' HOSPITAL IN ANADARKO,OK,Critical Access Hospitals,Proprietary,true,false,,Not Available,16,40
3849,371316,RURAL WELLNESS STROUD HOSPITAL,OK,Critical Access Hospitals,Proprietary,true,false,,Not Available,16,40
3850,371317,MERCY HOSPITAL LOGAN COUNTY,OK,Critical Access Hospitals,Voluntary non-profit - Private,true,false,,Not Available,16,40
3851,371318,RURAL WELLNESS FAIRFAX HOSPITAL,OK,Critical Access Hospitals,Proprietary,true,false,,Not Available,16,40
3852,371319,"COAL COUNTY GENERAL HOSPITAL, INC.",OK,Critical Access Hospitals,Voluntary non-profit - Private,true,false,4.0,4,,40
3853,371320,CLEVELAND AREA HOSPITAL,OK,Critical Access Hospitals,Government - Hospital District or Authority,true,false,,Not Available,16,40
3854,371321,HOLDENVILLE GENERAL HOSPITAL,OK,Critical Access Hospitals,Government - Hospital District or Authority,true,false,,Not Available,16,40
3855,371322,BEAVER COUNTY MEMORIAL HOSPITAL,OK,Critical Access Hospitals,Government - Hospital District or Authority,true,false,,Not Available,16,40
3856,371323,"WEATHERFORD REGIONAL HOSPITAL, INC OF WEATHERFORD",OK,Critical Access Hospitals,Government - Hospital District or Authority,true,false,,Not Available,16,40
3857,371325,CORDELL MEMORIAL HOSPITAL,OK,Critical Access Hospitals,Government - Hospital District or Authority,true,false,,Not Available,16,40
3858,371326,ALLIANCEHEALTH MADILL,OK,Critical Access Hospitals,Voluntary non-profit - Other,true,false,,Not Available,16,40
3859,371327,OKEENE MUNICIPAL HOSPITAL,OK,Critical Access Hospitals,Government - Local,true,false,,Not Available,16,40
3860,371328,ARBUCKLE MEMORIAL HOSPITAL AUTHORITY,OK,Critical Access Hospitals,Government - Local,true,false,4.0,4,,40
3861,371329,FAIRVIEW REGIONAL MEDICAL CENTER AUTHORITY,OK,Critical Access Hospitals,Government - Hospital District or Authority,true,false,,Not Available,16,40
3862,371330,MANGUM REGIONAL MEDICAL CENTER,OK,Critical Access Hospitals,Government - Hospital District or Authority,true,false,,Not Available,16,40
3863,371331,DRUMRIGHT REGIONAL HOSPITAL,OK,Critical Access Hospitals,Government - Local,true,false,,Not Available,16,40
3864,371332,SEILING MUNICIPAL HOSPITAL,OK,Critical Access Hospitals,Government - Hospital District or Authority,true,false,,Not Available,16,40
3865,371333,CREEK NATION COMMUNITY HOSPITAL,OK,Critical Access Hospitals,Tribal,true,false,,Not Available,16,40
3866,371334,CARNEGIE TRI-COUNTY MUNICIPAL HOSPITAL,OK,Critical Access Hospitals,Government - Hospital District or Authority,true,false,,Not Available,16,40
3867,371335,"HASKELL REGIONAL HOSPITAL, INC",OK,Critical Access Hospitals,Voluntary non-profit - Private,true,false,,Not Available,16,40
3868,371336,NEWMAN MEMORIAL HOSPITAL,OK,Critical Access Hospitals,Government - Hospital District or Authority,true,false,,Not Available,16,40
3869,371337,EASTERN OKLAHOMA MEDICAL CENTER,OK,Critical Access Hospitals,Government - Local,true,false,4.0,4,,40
3870,371338,HARMON MEMORIAL HOSPITAL,OK,Critical Access Hospitals,Voluntary non-profit - Other,true,false,,Not Available,16,40
3871,371340,MEMORIAL HOSPITAL OF TEXAS COUNTY AUTHORITY,OK,Critical Access Hospitals,Government - Hospital District or Authority,true,false,,Not Available,16,40
3872,371341,SHARE MEDICAL CENTER,OK,Critical Access Hospitals,Government - Hospital District or Authority,true,false,,Not Available,16,40
3873,371342,MCCURTAIN MEMORIAL HOSPITAL,OK,Critical Access Hospitals,Voluntary non-profit - Private,true,false,4.0,4,,40
3874,373300,J D MCCARTY CENTER FOR CHILDREN,OK,Childrens,Government - State,true,false,,Not Available,19,40
3875,373303,"THE CHILDREN'S CENTER, INC",OK,Childrens,Voluntary non-profit - Private,true,false,,Not Available,19,40
3876,374000,GRIFFIN MEMORIAL HOSPITAL,OK,Psychiatric,Government - State,true,false,,Not Available,19,40
3877,374001,NORTHWEST CENTER FOR BEHAVIORAL HEALTH (NCBH),OK,Psychiatric,Government - State,true,false,,Not Available,19,40
3878,374006,CARL ALBERT COMMUNITY MENTAL HEALTH CENTER,OK,Psychiatric,Government - State,true,false,,Not Available,19,40
3879,374008,JIM TALIAFERRO COMM MENTAL HEALTH CTR,OK,Psychiatric,Government - State,true,false,,Not Available,19,40
3880,374012,"BROOKHAVEN HOSPITAL, LLC",OK,Psychiatric,Proprietary,true,false,,Not Available,19,40
3881,374016,"ROLLING HILLS HOSPITAL, LLC",OK,Psychiatric,Proprietary,true,false,,Not Available,19,40
3882,374020,"LAUREATE PSYCHIATRIC CLINIC AND HOSPITAL, INC",OK,Psychiatric,Voluntary non-profit - Private,true,false,,Not Available,19,40
3883,374021,"PARKSIDE, INC",OK,Psychiatric,Voluntary non-profit - Private,true,false,,Not Available,19,40
3884,374023,CEDAR RIDGE BEHAVIORAL HOSPITAL,OK,Psychiatric,Proprietary,true,false,,Not Available,19,40
3885,374025,"OAKWOOD SPRINGS, LLC",OK,Psychiatric,Proprietary,true,false,,Not Available,19,40
3886,374026,TULSA CENTER FOR BEHAVIORAL HEALTH,OK,Psychiatric,Government - State,true,false,,Not Available,19,40
3887,374027,BEHAVIORAL HEALTH CENTER AT PORTER HEALTH VILLAGE,OK,Psychiatric,Proprietary,true,false,,Not Available,19,40
3888,380001,MID-COLUMBIA MEDICAL CENTER,OR,Acute Care Hospitals,Voluntary non-profit - Other,true,false,4.0,4,,41
3889,380002,ASANTE THREE RIVERS MEDICAL CENTER,OR,Acute Care Hospitals,Voluntary non-profit - Other,true,false,3.0,3,,41
3890,380004,PROVIDENCE ST VINCENT MEDICAL CENTER,OR,Acute Care Hospitals,Voluntary non-profit - Private,true,false,4.0,4,,41
3891,380005,ASANTE ASHLAND COMMUNITY HOSPITAL,OR,Acute Care Hospitals,Government - Local,true,false,,Not Available,16,41
3892,380007,LEGACY EMANUEL MEDICAL CENTER,OR,Acute Care Hospitals,Voluntary non-profit - Private,true,false,3.0,3,,41
3893,380009,OHSU HOSPITAL AND CLINICS,OR,Acute Care Hospitals,Voluntary non-profit - Other,true,false,3.0,3,,41
3894,380014,GOOD SAMARITAN REGIONAL MEDICAL CENTER,OR,Acute Care Hospitals,Voluntary non-profit - Private,true,false,3.0,3,,41
3895,380017,LEGACY GOOD SAMARITAN MEDICAL CENTER,OR,Acute Care Hospitals,Voluntary non-profit - Private,true,false,4.0,4,,41
3896,380018,ASANTE ROGUE REGIONAL MEDICAL CENTER,OR,Acute Care Hospitals,Voluntary non-profit - Private,true,false,4.0,4,,41
3897,380020,MCKENZIE-WILLAMETTE MEDICAL CENTER,OR,Acute Care Hospitals,Voluntary non-profit - Private,true,false,4.0,4,,41
3898,380021,HILLSBORO MEDICAL CENTER,OR,Acute Care Hospitals,Voluntary non-profit - Private,true,false,3.0,3,,41
3899,380022,SAMARITAN ALBANY GENERAL HOSPITAL,OR,Acute Care Hospitals,Voluntary non-profit - Church,true,false,4.0,4,,41
3900,380025,LEGACY MOUNT HOOD MEDICAL CENTER,OR,Acute Care Hospitals,Voluntary non-profit - Private,true,false,3.0,3,,41
3901,380027,MERCY MEDICAL CENTER,OR,Acute Care Hospitals,Government - Hospital District or Authority,true,false,4.0,4,,41
3902,380029,LEGACY SILVERTON MEDICAL CENTER,OR,Acute Care Hospitals,Voluntary non-profit - Private,true,false,,Not Available,16,41
3903,380037,PROVIDENCE NEWBERG MEDICAL CENTER,OR,Acute Care Hospitals,Voluntary non-profit - Church,true,false,4.0,4,,41
3904,380038,PROVIDENCE WILLAMETTE FALLS MEDICAL CENTER,OR,Acute Care Hospitals,Voluntary non-profit - Private,true,false,4.0,4,,41
3905,38003F,PORTLAND VA MEDICAL CENTER,OR,Acute Care - Veterans Administration,Veterans Health Administration,true,true,5.0,5,,41
3906,380047,ST CHARLES MEDICAL CENTER - BEND,OR,Acute Care Hospitals,Voluntary non-profit - Private,true,false,4.0,4,,41
3907,38004F,VA ROSEBURG HEALTHCARE SYSTEM,OR,Acute Care - Veterans Administration,Veterans Health Administration,true,true,,Not Available,16,41
3908,380050,SKY LAKES MEDICAL CENTER,OR,Acute Care Hospitals,Voluntary non-profit - Private,true,false,2.0,2,,41
3909,380051,SALEM HOSPITAL,OR,Acute Care Hospitals,Voluntary non-profit - Other,true,false,3.0,3,,41
3910,380052,SAINT ALPHONSUS MEDICAL CENTER ONTARIO,OR,Acute Care Hospitals,Voluntary non-profit - Church,true,false,2.0,2,,41
3911,380056,SANTIAM HOSPITAL & CLINICS,OR,Acute Care Hospitals,Voluntary non-profit - Private,true,false,,Not Available,16,41
3912,380060,ADVENTIST HEALTH PORTLAND,OR,Acute Care Hospitals,Voluntary non-profit - Church,true,false,4.0,4,,41
3913,380061,PROVIDENCE PORTLAND MEDICAL CENTER,OR,Acute Care Hospitals,Voluntary non-profit - Private,true,false,4.0,4,,41
3914,380071,WILLAMETTE VALLEY MEDICAL CENTER,OR,Acute Care Hospitals,Voluntary non-profit - Private,true,false,2.0,2,,41
3915,380075,PROVIDENCE MEDFORD MEDICAL CENTER,OR,Acute Care Hospitals,Voluntary non-profit - Church,true,false,2.0,2,,41
3916,380082,PROVIDENCE MILWAUKIE HOSPITAL,OR,Acute Care Hospitals,Voluntary non-profit - Church,true,false,3.0,3,,41
3917,380089,LEGACY MERIDIAN PARK MEDICAL CENTER,OR,Acute Care Hospitals,Voluntary non-profit - Private,true,false,2.0,2,,41
3918,380090,BAY AREA HOSPITAL,OR,Acute Care Hospitals,Government - Hospital District or Authority,true,false,2.0,2,,41
3919,380091,KAISER SUNNYSIDE MEDICAL CENTER,OR,Acute Care Hospitals,Voluntary non-profit - Other,true,false,4.0,4,,41
3920,380102,SACRED HEART MEDICAL CENTER - RIVERBEND,OR,Acute Care Hospitals,Voluntary non-profit - Private,true,false,4.0,4,,41
3921,380103,KAISER FOUNDATION HOSPITAL WESTSIDE,OR,Acute Care Hospitals,Voluntary non-profit - Private,true,false,4.0,4,,41
3922,381301,PEACEHEALTH COTTAGE GROVE COMMUNITY MEDICAL CENTER,OR,Critical Access Hospitals,Voluntary non-profit - Church,true,false,,Not Available,16,41
3923,381302,SAMARITAN NORTH LINCOLN HOSPITAL,OR,Critical Access Hospitals,Voluntary non-profit - Private,true,false,3.0,3,,41
3924,381303,PROVIDENCE SEASIDE HOSPITAL,OR,Critical Access Hospitals,Voluntary non-profit - Church,true,false,3.0,3,,41
3925,381304,SOUTHERN COOS HOSPITAL & HEALTH CENTER,OR,Critical Access Hospitals,Government - Hospital District or Authority,true,false,2.0,2,,41
3926,381305,BLUE MOUNTAIN HOSPITAL,OR,Critical Access Hospitals,Government - Hospital District or Authority,true,false,,Not Available,16,41
3927,381306,WALLOWA MEMORIAL HOSPITAL,OR,Critical Access Hospitals,Government - Hospital District or Authority,true,false,3.0,3,,41
3928,381307,HARNEY DISTRICT HOSPITAL,OR,Critical Access Hospitals,Government - Hospital District or Authority,true,false,,Not Available,16,41
3929,381308,SALEM HEALTH WEST VALLEY,OR,Critical Access Hospitals,Voluntary non-profit - Private,true,false,,Not Available,16,41
3930,381309,LAKE DISTRICT HOSPITAL,OR,Critical Access Hospitals,Government - Hospital District or Authority,true,false,,Not Available,16,41
3931,381310,PIONEER MEMORIAL HOSPITAL,OR,Critical Access Hospitals,Government - Hospital District or Authority,true,false,,Not Available,16,41
3932,381311,LOWER UMPQUA HOSPITAL DISTRICT,OR,Critical Access Hospitals,Government - Hospital District or Authority,true,false,,Not Available,16,41
3933,381312,COQUILLE VALLEY HOSPITAL,OR,Critical Access Hospitals,Government - Hospital District or Authority,true,false,,Not Available,16,41
3934,381313,ST CHARLES MEDICAL CENTER PRINEVILLE,OR,Critical Access Hospitals,Voluntary non-profit - Private,true,false,3.0,3,,41
3935,381314,SAMARITAN PACIFIC COMMUNITY HOSPITAL,OR,Critical Access Hospitals,Voluntary non-profit - Private,true,false,1.0,1,,41
3936,381315,ST. ALPHONSUS MEDICAL CENTER - BAKER CITY,OR,Critical Access Hospitals,Voluntary non-profit - Church,true,false,1.0,1,,41
3937,381316,PEACE HARBOR MEDICAL CENTER,OR,Critical Access Hospitals,Voluntary non-profit - Church,true,false,5.0,5,,41
3938,381317,ADVENTIST HEALTH TILLAMOOK,OR,Critical Access Hospitals,Voluntary non-profit - Church,true,false,4.0,4,,41
3939,381318,PROVIDENCE HOOD RIVER MEMORIAL HOSPITAL,OR,Critical Access Hospitals,Voluntary non-profit - Church,true,false,4.0,4,,41
3940,381319,ST ANTHONY HOSPITAL,OR,Critical Access Hospitals,Voluntary non-profit - Church,true,false,3.0,3,,41
3941,381320,COLUMBIA MEMORIAL HOSPITAL,OR,Critical Access Hospitals,Proprietary,true,false,,Not Available,5,41
3942,381321,GRANDE RONDE HOSPITAL,OR,Critical Access Hospitals,Voluntary non-profit - Private,true,false,5.0,5,,41
3943,381322,CURRY GENERAL HOSPITAL,OR,Critical Access Hospitals,Government - Hospital District or Authority,true,false,2.0,2,,41
3944,381323,SAMARITAN LEBANON COMMUNITY HOSPITAL,OR,Critical Access Hospitals,Voluntary non-profit - Church,true,false,3.0,3,,41
3945,381324,ST CHARLES MADRAS,OR,Critical Access Hospitals,Voluntary non-profit - Private,true,false,,Not Available,16,41
3946,381325,GOOD SHEPHERD MEDICAL CENTER,OR,Critical Access Hospitals,Voluntary non-profit - Private,true,false,,Not Available,5,41
3947,383300,SHRINERS HOSPITAL FOR CHILDREN - PORTLAND,OR,Childrens,Voluntary non-profit - Private,true,false,,Not Available,19,41
3948,384008,OREGON STATE HOSPITAL DISTINCT PART,OR,Psychiatric,Government - State,true,false,,Not Available,19,41
3949,384012,CEDAR HILLS HOSPITAL,OR,Psychiatric,Proprietary,true,false,,Not Available,19,41
3950,390001,GEISINGER-COMMUNITY MEDICAL CENTER,PA,Acute Care Hospitals,Voluntary non-profit - Private,true,false,2.0,2,,42
3951,390002,UPMC MCKEESPORT HOSPITAL,PA,Acute Care Hospitals,Voluntary non-profit - Private,true,false,3.0,3,,42
3952,390003,GEISINGER-BLOOMSBURG HOSPITAL,PA,Acute Care Hospitals,Voluntary non-profit - Private,true,false,4.0,4,,42
3953,390004,PENN STATE HEALTH HOLY SPIRIT MEDICAL CENTER,PA,Acute Care Hospitals,Voluntary non-profit - Private,true,false,3.0,3,,42
3954,390006,GEISINGER MEDICAL CENTER,PA,Acute Care Hospitals,Voluntary non-profit - Private,true,false,4.0,4,,42
3955,390009,SAINT VINCENT HOSPITAL,PA,Acute Care Hospitals,Voluntary non-profit - Private,true,false,4.0,4,,42
3956,390012,JEFFERSON LANSDALE HOSPITAL,PA,Acute Care Hospitals,Voluntary non-profit - Private,true,false,3.0,3,,42
3957,390013,WELLSPAN EVANGELICAL COMMUNITY HOSPITAL,PA,Acute Care Hospitals,Voluntary non-profit - Private,true,false,4.0,4,,42
3958,390016,UPMC JAMESON,PA,Acute Care Hospitals,Voluntary non-profit - Other,true,false,3.0,3,,42
3959,39001F,JAMES E. VAN ZANDT VA MEDICAL CENTER (ALTOONA),PA,Acute Care - Veterans Administration,Veterans Health Administration,true,true,5.0,5,,42
3960,390025,KENSINGTON HOSPITAL,PA,Acute Care Hospitals,Voluntary non-profit - Other,true,false,,Not Available,16,42
3961,390026,TEMPLE HEALTH - CHESTNUT HILL HOSPITAL,PA,Acute Care Hospitals,Voluntary non-profit - Private,true,false,2.0,2,,42
3962,390027,TEMPLE UNIVERSITY HOSPITAL,PA,Acute Care Hospitals,Voluntary non-profit - Private,true,false,4.0,4,,42
3963,390028,UPMC MERCY,PA,Acute Care Hospitals,Voluntary non-profit - Private,true,false,4.0,4,,42
3964,390030,SCHUYLKILL MEDICAL CENTER - SOUTH JACKSON STREET,PA,Acute Care Hospitals,Voluntary non-profit - Private,true,false,4.0,4,,42
3965,390032,ALLEGHENY VALLEY HOSPITAL,PA,Acute Care Hospitals,Voluntary non-profit - Private,true,false,4.0,4,,42
3966,390035,ST LUKE'S HOSPITAL - UPPER BUCKS CAMPUS,PA,Acute Care Hospitals,Proprietary,true,false,5.0,5,,42
3967,390036,HERITAGE VALLEY BEAVER,PA,Acute Care Hospitals,Voluntary non-profit - Private,true,false,3.0,3,,42
3968,390037,HERITAGE VALLEY SEWICKLEY,PA,Acute Care Hospitals,Voluntary non-profit - Private,true,false,4.0,4,,42
3969,390039,UPMC SOMERSET,PA,Acute Care Hospitals,Voluntary non-profit - Private,true,false,4.0,4,,42
3970,390041,UNIONTOWN HOSPITAL,PA,Acute Care Hospitals,Voluntary non-profit - Private,true,false,2.0,2,,42
3971,390042,"WASHINGTON HOSPITAL, THE",PA,Acute Care Hospitals,Voluntary non-profit - Private,true,false,4.0,4,,42
3972,390044,READING HOSPITAL,PA,Acute Care Hospitals,Voluntary non-profit - Private,true,false,4.0,4,,42
3973,390045,UPMC WILLIAMSPORT,PA,Acute Care Hospitals,Voluntary non-profit - Private,true,false,3.0,3,,42
3974,390046,WELLSPAN YORK HOSPITAL,PA,Acute Care Hospitals,Voluntary non-profit - Private,true,false,4.0,4,,42
3975,390048,GEISINGER-LEWISTOWN HOSPITAL,PA,Acute Care Hospitals,Voluntary non-profit - Private,true,false,5.0,5,,42
3976,390049,ST LUKES HOSPITAL,PA,Acute Care Hospitals,Voluntary non-profit - Private,true,false,5.0,5,,42
3977,39004F,COATESVILLE VA MEDICAL CENTER,PA,Acute Care - Veterans Administration,Veterans Health Administration,true,true,,Not Available,16,42
3978,390050,ALLEGHENY GENERAL HOSPITAL,PA,Acute Care Hospitals,Voluntary non-profit - Private,true,false,3.0,3,,42
3979,390056,PENN HIGHLANDS HUNTINGDON,PA,Acute Care Hospitals,Voluntary non-profit - Private,true,false,3.0,3,,42
3980,390057,ST LUKE'S HOSPITAL - GRAND VIEW CAMPUS,PA,Acute Care Hospitals,Voluntary non-profit - Other,true,false,4.0,4,,42
3981,390058,UPMC CARLISLE,PA,Acute Care Hospitals,Voluntary non-profit - Private,true,false,4.0,4,,42
3982,39005F,ERIE VA MEDICAL CENTER,PA,Acute Care - Veterans Administration,Veterans Health Administration,true,true,,Not Available,16,42
3983,390062,CONEMAUGH NASON MEDICAL CENTER,PA,Acute Care Hospitals,Voluntary non-profit - Other,true,false,5.0,5,,42
3984,390063,UPMC HAMOT,PA,Acute Care Hospitals,Voluntary non-profit - Private,true,false,3.0,3,,42
3985,390065,GETTYSBURG HOSPITAL,PA,Acute Care Hospitals,Voluntary non-profit - Private,true,false,4.0,4,,42
3986,390066,WELLSPAN GOOD SAMARITAN HOSPITAL,PA,Acute Care Hospitals,Voluntary non-profit - Private,true,false,5.0,5,,42
3987,390067,UPMC PINNACLE HOSPITALS,PA,Acute Care Hospitals,Voluntary non-profit - Private,true,false,4.0,4,,42
3988,390068,UPMC LITITZ,PA,Acute Care Hospitals,Voluntary non-profit - Other,true,false,4.0,4,,42
3989,39006F,LEBANON VA MEDICAL CENTER,PA,Acute Care - Veterans Administration,Veterans Health Administration,true,true,5.0,5,,42
3990,390070,LOWER BUCKS HOSPITAL,PA,Acute Care Hospitals,Voluntary non-profit - Private,true,false,3.0,3,,42
3991,390073,UPMC ALTOONA,PA,Acute Care Hospitals,Voluntary non-profit - Private,true,false,3.0,3,,42
3992,390079,ROBERT PACKER HOSPITAL,PA,Acute Care Hospitals,Voluntary non-profit - Private,true,false,2.0,2,,42
3993,390086,PENN HIGHLANDS DUBOIS,PA,Acute Care Hospitals,Voluntary non-profit - Private,true,false,2.0,2,,42
3994,390090,WEST PENN HOSPITAL,PA,Acute Care Hospitals,Voluntary non-profit - Private,true,false,3.0,3,,42
3995,390091,UPMC NORTHWEST,PA,Acute Care Hospitals,Voluntary non-profit - Other,true,false,4.0,4,,42
3996,390093,INDEPENDENCE HEALTH SYSTEM CLARION HOSPITAL,PA,Acute Care Hospitals,Voluntary non-profit - Private,true,false,2.0,2,,42
3997,390096,PENN STATE HEALTH ST. JOSEPH,PA,Acute Care Hospitals,Voluntary non-profit - Private,true,false,3.0,3,,42
3998,390097,HOLY REDEEMER HOSPITAL AND MEDICAL CENTER,PA,Acute Care Hospitals,Voluntary non-profit - Church,true,false,3.0,3,,42
3999,39009F,PHILADELPHIA VA MEDICAL CENTER,PA,Acute Care - Veterans Administration,Veterans Health Administration,true,true,5.0,5,,42
4000,390100,LANCASTER GENERAL HOSPITAL,PA,Acute Care Hospitals,Voluntary non-profit - Private,true,false,5.0,5,,42
4001,390101,UPMC MEMORIAL,PA,Acute Care Hospitals,Voluntary non-profit - Private,true,false,4.0,4,,42
4002,390102,UPMC ST MARGARET,PA,Acute Care Hospitals,Voluntary non-profit - Private,true,false,3.0,3,,42
4003,390107,UPMC PASSAVANT,PA,Acute Care Hospitals,Voluntary non-profit - Private,true,false,4.0,4,,42
4004,390110,CONEMAUGH MEMORIAL MEDICAL CENTER,PA,Acute Care Hospitals,Proprietary,true,false,2.0,2,,42
4005,390111,HOSPITAL OF UNIV OF PENNSYLVANIA,PA,Acute Care Hospitals,Voluntary non-profit - Private,true,false,5.0,5,,42
4006,390112,CHAN SOON- SHIONG MEDICAL CENTER AT WINDBER,PA,Acute Care Hospitals,Voluntary non-profit - Private,true,false,2.0,2,,42
4007,390113,MEADVILLE MEDICAL CENTER,PA,Acute Care Hospitals,Voluntary non-profit - Private,true,false,4.0,4,,42
4008,390114,MAGEE WOMENS HOSPITAL OF UPMC HEALTH SYSTEM,PA,Acute Care Hospitals,Voluntary non-profit - Other,true,false,4.0,4,,42
4009,390115,JEFFERSON HEALTH- NORTHEAST,PA,Acute Care Hospitals,Voluntary non-profit - Private,true,false,2.0,2,,42
4010,390116,SUBURBAN COMMUNITY HOSPITAL,PA,Acute Care Hospitals,Voluntary non-profit - Private,true,false,4.0,4,,42
4011,390117,UPMC BEDFORD MEMORIAL,PA,Acute Care Hospitals,Voluntary non-profit - Private,true,false,4.0,4,,42
4012,390123,POTTSTOWN HOSPITAL,PA,Acute Care Hospitals,Voluntary non-profit - Private,true,false,2.0,2,,42
4013,390125,WAYNE MEMORIAL HOSPITAL,PA,Acute Care Hospitals,Voluntary non-profit - Private,true,false,2.0,2,,42
4014,390127,PHOENIXVILLE HOSPITAL,PA,Acute Care Hospitals,Voluntary non-profit - Private,true,false,3.0,3,,42
4015,39012F,VA PITTSBURGH HEALTHCARE SYSTEM - UNIV DR,PA,Acute Care - Veterans Administration,Veterans Health Administration,true,true,4.0,4,,42
4016,390133,LEHIGH VALLEY HOSPITAL,PA,Acute Care Hospitals,Voluntary non-profit - Private,true,false,4.0,4,,42
4017,390137,WILKES-BARRE GENERAL HOSPITAL,PA,Acute Care Hospitals,Proprietary,true,false,2.0,2,,42
4018,390138,WELLSPAN WAYNESBORO HOSPITAL,PA,Acute Care Hospitals,Voluntary non-profit - Private,true,false,4.0,4,,42
4019,390139,BRYN MAWR HOSPITAL,PA,Acute Care Hospitals,Voluntary non-profit - Private,true,false,5.0,5,,42
4020,39013F,WILKES BARRE VA MEDICAL CENTER,PA,Acute Care - Veterans Administration,Veterans Health Administration,true,true,5.0,5,,42
4021,390142,JEFFERSON EINSTEIN PHILADELPHIA HOSPITAL,PA,Acute Care Hospitals,Voluntary non-profit - Other,true,false,3.0,3,,42
4022,390145,EXCELA HEALTH WESTMORELAND REGIONAL HOSPITAL,PA,Acute Care Hospitals,Voluntary non-profit - Other,true,false,3.0,3,,42
4023,390146,WARREN GENERAL HOSPITAL,PA,Acute Care Hospitals,Voluntary non-profit - Private,true,false,3.0,3,,42
4024,390147,PENN HIGHLANDS MON VALLEY,PA,Acute Care Hospitals,Voluntary non-profit - Private,true,false,1.0,1,,42
4025,390150,UPMC GREENE,PA,Acute Care Hospitals,Voluntary non-profit - Private,true,false,,Not Available,16,42
4026,390151,WELLSPAN CHAMBERSBURG HOSPITAL,PA,Acute Care Hospitals,Voluntary non-profit - Private,true,false,4.0,4,,42
4027,390153,PAOLI HOSPITAL,PA,Acute Care Hospitals,Voluntary non-profit - Private,true,false,5.0,5,,42
4028,390156,MERCY CATHOLIC MEDICAL CENTER- MERCY FITZGERALD,PA,Acute Care Hospitals,Voluntary non-profit - Private,true,false,2.0,2,,42
4029,390160,CANONSBURG GENERAL HOSPITAL,PA,Acute Care Hospitals,Voluntary non-profit - Private,true,false,3.0,3,,42
4030,390162,ST LUKE'S HOSPITAL - EASTON CAMPUS,PA,Acute Care Hospitals,Voluntary non-profit - Private,true,false,4.0,4,,42
4031,390163,ACMH HOSPITAL,PA,Acute Care Hospitals,Voluntary non-profit - Private,true,false,3.0,3,,42
4032,390164,UPMC PRESBYTERIAN SHADYSIDE,PA,Acute Care Hospitals,Voluntary non-profit - Private,true,false,4.0,4,,42
4033,390168,INDEPENDENCE HEALTH SYSTEM BUTLER MEMORIAL HOSPITA,PA,Acute Care Hospitals,Voluntary non-profit - Private,true,false,2.0,2,,42
4034,390173,INDIANA REGIONAL MEDICAL CENTER,PA,Acute Care Hospitals,Voluntary non-profit - Private,true,false,2.0,2,,42
4035,390174,THOMAS JEFFERSON UNIVERSITY HOSPITAL,PA,Acute Care Hospitals,Voluntary non-profit - Private,true,false,3.0,3,,42
4036,390178,UPMC HORIZON,PA,Acute Care Hospitals,Voluntary non-profit - Private,true,false,4.0,4,,42
4037,390179,CHESTER COUNTY HOSPITAL,PA,Acute Care Hospitals,Voluntary non-profit - Private,true,false,5.0,5,,42
4038,390180,CROZER CHESTER MEDICAL CENTER,PA,Acute Care Hospitals,Voluntary non-profit - Other,true,false,1.0,1,,42
4039,390183,ST LUKE'S MINERS MEMORIAL HOSPITAL,PA,Acute Care Hospitals,Voluntary non-profit - Private,true,false,4.0,4,,42
4040,390184,PENN HIGHLANDS CONNELLSVILLE,PA,Acute Care Hospitals,Voluntary non-profit - Private,true,false,,Not Available,16,42
4041,390185,LEHIGH VALLEY HOSPITAL - HAZLETON,PA,Acute Care Hospitals,Voluntary non-profit - Other,true,false,2.0,2,,42
4042,390195,MAIN LINE HOSPITAL LANKENAU,PA,Acute Care Hospitals,Voluntary non-profit - Private,true,false,4.0,4,,42
4043,390198,LECOM MEDICAL CENTER AND BEHAVIORAL HEALTH PAV,PA,Acute Care Hospitals,Voluntary non-profit - Private,true,false,1.0,1,,42
4044,390199,PUNXSUTAWNEY AREA HOSPITAL,PA,Acute Care Hospitals,Voluntary non-profit - Private,true,false,2.0,2,,42
4045,390201,LEHIGH VALLEY HOSPITAL - POCONO,PA,Acute Care Hospitals,Voluntary non-profit - Private,true,false,3.0,3,,42
4046,390203,DOYLESTOWN HOSPITAL,PA,Acute Care Hospitals,Voluntary non-profit - Private,true,false,4.0,4,,42
4047,390204,NAZARETH HOSPITAL,PA,Acute Care Hospitals,Voluntary non-profit - Private,true,false,2.0,2,,42
4048,390211,SHARON REGIONAL MEDICAL CENTER,PA,Acute Care Hospitals,Proprietary,true,false,3.0,3,,42
4049,390217,EXCELA HEALTH - FRICK HOSPITAL,PA,Acute Care Hospitals,Voluntary non-profit - Other,true,false,3.0,3,,42
4050,390219,EXCELA HEALTH LATROBE HOSPITAL,PA,Acute Care Hospitals,Voluntary non-profit - Private,true,false,4.0,4,,42
4051,390222,RIDDLE MEMORIAL HOSPITAL,PA,Acute Care Hospitals,Voluntary non-profit - Private,true,false,4.0,4,,42
4052,390223,PENN PRESBYTERIAN MEDICAL CENTER,PA,Acute Care Hospitals,Voluntary non-profit - Other,true,false,4.0,4,,42
4053,390225,WELLSPAN EPHRATA COMMUNITY HOSPITAL,PA,Acute Care Hospitals,Voluntary non-profit - Other,true,false,5.0,5,,42
4054,390226,PENNSYLVANIA HOSPITAL,PA,Acute Care Hospitals,Voluntary non-profit - Private,true,false,4.0,4,,42
4055,390228,ST CLAIR HOSPITAL,PA,Acute Care Hospitals,Voluntary non-profit - Private,true,false,4.0,4,,42
4056,390231,JEFFERSON ABINGTON HOSPITAL,PA,Acute Care Hospitals,Voluntary non-profit - Private,true,false,3.0,3,,42
4057,390233,UPMC HANOVER,PA,Acute Care Hospitals,Voluntary non-profit - Private,true,false,4.0,4,,42
4058,390237,REGIONAL HOSPITAL OF SCRANTON,PA,Acute Care Hospitals,Proprietary,true,false,2.0,2,,42
4059,390256,MILTON S HERSHEY MEDICAL CENTER,PA,Acute Care Hospitals,Voluntary non-profit - Private,true,false,4.0,4,,42
4060,390258,ST MARY MEDICAL CENTER,PA,Acute Care Hospitals,Voluntary non-profit - Private,true,false,2.0,2,,42
4061,390265,JEFFERSON HOSPITAL,PA,Acute Care Hospitals,Voluntary non-profit - Private,true,false,4.0,4,,42
4062,390266,GROVE CITY MEDICAL CENTER,PA,Acute Care Hospitals,Voluntary non-profit - Private,true,false,4.0,4,,42
4063,390267,FORBES HOSPITAL,PA,Acute Care Hospitals,Voluntary non-profit - Private,true,false,3.0,3,,42
4064,390268,MOUNT NITTANY MEDICAL CENTER,PA,Acute Care Hospitals,Voluntary non-profit - Private,true,false,5.0,5,,42
4065,390270,GEISINGER WYOMING VALLEY MEDICAL CENTER,PA,Acute Care Hospitals,Voluntary non-profit - Private,true,false,4.0,4,,42
4066,390272,VALLEY FORGE MEDICAL CENTER,PA,Acute Care Hospitals,Proprietary,true,false,,Not Available,16,42
4067,390278,EAGLEVILLE HOSPITAL,PA,Acute Care Hospitals,Voluntary non-profit - Private,true,false,,Not Available,19,42
4068,390304,ROXBOROUGH MEMORIAL HOSPITAL,PA,Acute Care Hospitals,Proprietary,true,false,2.0,2,,42
4069,390307,EDGEWOOD SURGICAL HOSPITAL,PA,Acute Care Hospitals,Physician,true,false,,Not Available,16,42
4070,390316,SURGICAL INSTITUTE OF READING,PA,Acute Care Hospitals,Physician,true,false,,Not Available,16,42
4071,390322,ROTHMAN ORTHOPAEDIC SPECIALTY HOSPITAL,PA,Acute Care Hospitals,Proprietary,true,false,,Not Available,16,42
4072,390323,ADVANCED SURGICAL HOSPITAL,PA,Acute Care Hospitals,Physician,true,false,,Not Available,16,42
4073,390324,PHYSICIANS CARE SURGICAL HOSPITAL,PA,Acute Care Hospitals,Physician,true,false,,Not Available,16,42
4074,390325,OSS ORTHOPAEDIC HOSPITAL,PA,Acute Care Hospitals,Proprietary,true,false,,Not Available,16,42
4075,390327,WELLSPAN SURGERY AND REHABILITATION HOSPITAL,PA,Acute Care Hospitals,Voluntary non-profit - Private,true,false,,Not Available,16,42
4076,390328,UPMC EAST,PA,Acute Care Hospitals,Voluntary non-profit - Private,true,false,4.0,4,,42
4077,390329,JEFFERSON EINSTEIN MONTGOMERY HOSPITAL,PA,Acute Care Hospitals,Voluntary non-profit - Private,true,false,4.0,4,,42
4078,390330,ST LUKE'S HOSPITAL - MONROE CAMPUS,PA,Acute Care Hospitals,Voluntary non-profit - Private,true,false,5.0,5,,42
4079,390331,WILLS EYE HOSPITAL,PA,Acute Care Hospitals,Voluntary non-profit - Private,true,false,,Not Available,16,42
4080,390332,GEISINGER ST. LUKE'S  HOSPITAL,PA,Acute Care Hospitals,Voluntary non-profit - Private,true,false,5.0,5,,42
4081,390333,"AHN EMERUS WESTMORELAND, LLC",PA,Acute Care Hospitals,Proprietary,true,false,,Not Available,16,42
4082,390334,AHN WEXFORD HOSPITAL,PA,Acute Care Hospitals,Voluntary non-profit - Private,true,false,5.0,5,,42
4083,390335,ST LUKE'S HOSPITAL - CARBON CAMPUS,PA,Acute Care Hospitals,Voluntary non-profit - Private,true,false,5.0,5,,42
4084,390336,PENN STATE HEALTH HAMPDEN MEDICAL CENTER,PA,Acute Care Hospitals,Voluntary non-profit - Private,true,false,4.0,4,,42
4085,390338,LEHIGH VALLEY HOSPITAL - DICKSON CITY,PA,Acute Care Hospitals,Voluntary non-profit - Private,true,false,3.0,3,,42
4086,390339,PENN STATE HEALTH LANCASTER MEDICAL CENTER,PA,Acute Care Hospitals,Voluntary non-profit - Private,true,false,3.0,3,,42
4087,390430,LEHIGH VALLEY HOSPITAL - MACUNGIE,PA,Acute Care Hospitals,Proprietary,true,false,,Not Available,5,42
4088,391300,GEISINGER JERSEY SHORE HOSPITAL,PA,Critical Access Hospitals,Voluntary non-profit - Private,true,false,3.0,3,,42
4089,391301,UPMC MUNCY,PA,Critical Access Hospitals,Voluntary non-profit - Private,true,false,4.0,4,,42
4090,391302,CONEMAUGH MEYERSDALE MEDICAL CENTER,PA,Critical Access Hospitals,Proprietary,true,false,,Not Available,16,42
4091,391303,FULTON COUNTY MEDICAL CENTER,PA,Critical Access Hospitals,Voluntary non-profit - Private,true,false,3.0,3,,42
4092,391304,BUCKTAIL MEDICAL CENTER,PA,Critical Access Hospitals,Voluntary non-profit - Private,true,false,,Not Available,16,42
4093,391305,TROY COMMUNITY HOSPITAL,PA,Critical Access Hospitals,Voluntary non-profit - Private,true,false,4.0,4,,42
4094,391306,ENDLESS MOUNTAINS HEALTH SYSTEMS,PA,Critical Access Hospitals,Voluntary non-profit - Private,true,false,1.0,1,,42
4095,391307,PENN HIGHLANDS TYRONE,PA,Critical Access Hospitals,Voluntary non-profit - Private,true,false,,Not Available,16,42
4096,391308,LECOM HEALTH CORRY MEMORIAL HOSPITAL,PA,Critical Access Hospitals,Government - Hospital District or Authority,true,false,,Not Available,16,42
4097,391309,BARNES-KASSON COUNTY HOSPITAL,PA,Critical Access Hospitals,Voluntary non-profit - Private,true,false,,Not Available,16,42
4098,391312,PENN HIGHLANDS BROOKVILLE,PA,Critical Access Hospitals,Voluntary non-profit - Private,true,false,4.0,4,,42
4099,391313,UPMC COLE,PA,Critical Access Hospitals,Voluntary non-profit - Private,true,false,4.0,4,,42
4100,391314,TITUSVILLE AREA HOSPITAL,PA,Critical Access Hospitals,Voluntary non-profit - Private,true,false,2.0,2,,42
4101,391315,PENN HIGHLANDS ELK,PA,Critical Access Hospitals,Voluntary non-profit - Private,true,false,4.0,4,,42
4102,391316,UPMC WELLSBORO,PA,Critical Access Hospitals,Voluntary non-profit - Private,true,false,3.0,3,,42
4103,391317,CONEMAUGH MINERS MEDICAL CENTER,PA,Critical Access Hospitals,Proprietary,true,false,,Not Available,16,42
4104,391318,UPMC KANE,PA,Critical Access Hospitals,Voluntary non-profit - Private,true,false,,Not Available,5,42
4105,393302,UPMC CHILDREN'S HOSPITAL OF PITTSBURGH,PA,Childrens,Voluntary non-profit - Other,true,false,,Not Available,19,42
4106,393303,CHILDREN'S HOSPITAL OF PHILADELPHIA,PA,Childrens,Voluntary non-profit - Private,true,false,,Not Available,19,42
4107,393304,CHILDREN'S HOME OF PITTSBURGH,PA,Childrens,Voluntary non-profit - Private,true,false,,Not Available,19,42
4108,393307,ST CHRISTOPHER'S HOSPITAL FOR CHILDREN,PA,Childrens,Proprietary,true,false,,Not Available,19,42
4109,393309,SHRINERS HOSPITALS FOR CHILDREN - PHILADELPHIA,PA,Childrens,Voluntary non-profit - Other,true,false,,Not Available,19,42
4110,394001,NORRISTOWN STATE HOSPITAL,PA,Psychiatric,Government - State,true,false,,Not Available,19,42
4111,394004,DANVILLE STATE HOSPITAL,PA,Psychiatric,Government - State,true,false,,Not Available,19,42
4112,394008,FRIENDS HOSPITAL,PA,Psychiatric,Proprietary,true,false,,Not Available,19,42
4113,394012,CLARKS SUMMIT STATE HOSPITAL,PA,Psychiatric,Government - State,true,false,,Not Available,19,42
4114,394014,WERNERSVILLE STATE HOSPITAL,PA,Psychiatric,Government - State,true,false,,Not Available,19,42
4115,394016,WARREN STATE HOSPITAL,PA,Psychiatric,Government - State,true,false,,Not Available,19,42
4116,394020,PHILHAVEN HOSPITAL,PA,Psychiatric,Voluntary non-profit - Church,true,false,,Not Available,19,42
4117,394023,BELMONT BEHAVIORAL HOSPITAL,PA,Psychiatric,Voluntary non-profit - Private,true,false,,Not Available,19,42
4118,394026,TORRANCE STATE HOSPITAL,PA,Psychiatric,Government - State,true,false,,Not Available,19,42
4119,394027,FAIRMOUNT BEHAVIORAL HEALTH SYSTEM,PA,Psychiatric,Proprietary,true,false,,Not Available,19,42
4120,394033,MONTGOMERY COUNTY EMERGENCY SERVICE,PA,Psychiatric,Voluntary non-profit - Private,true,false,,Not Available,19,42
4121,394034,HORSHAM CLINIC,PA,Psychiatric,Proprietary,true,false,,Not Available,19,42
4122,394040,MEADOWS PSYCHIATRIC CENTER,PA,Psychiatric,Proprietary,true,false,,Not Available,19,42
4123,394043,CLARION PSYCHIATRIC CENTER,PA,Psychiatric,Proprietary,true,false,,Not Available,19,42
4124,394049,BROOKE GLEN BEHAVIORAL HOSPITAL,PA,Psychiatric,Voluntary non-profit - Private,true,false,,Not Available,19,42
4125,394050,ROXBURY TREATMENT CENTER,PA,Psychiatric,Proprietary,true,false,,Not Available,19,42
4126,394051,PENNSYLVANIA PSYCHIATRIC INSTITUTE,PA,Psychiatric,Proprietary,true,false,,Not Available,19,42
4127,394052,HAVEN BEHAVIORAL HOSPITAL OF EASTERN PENNSYLVANIA,PA,Psychiatric,Proprietary,true,false,,Not Available,19,42
4128,394053,HAVEN BEHAVIORAL HOSPITAL OF PHILADELPHIA,PA,Psychiatric,Proprietary,true,false,,Not Available,19,42
4129,394055,LANCASTER BEHAVIORAL HEALTH HOSPITAL,PA,Psychiatric,Voluntary non-profit - Other,true,false,,Not Available,19,42
4130,394056,TOWER BEHAVIORAL HEALTH,PA,Psychiatric,Proprietary,true,false,,Not Available,19,42
4131,394057,MALVERN BEHAVIORAL HEALTH,PA,Psychiatric,Voluntary non-profit - Other,true,false,,Not Available,19,42
4132,394058,BERWICK HOSPITAL CENTER,PA,Psychiatric,Proprietary,true,false,,Not Available,19,42
4133,394059,GEISINGER BEHAVIORAL HEALTH CENTER NORTHEAST,PA,Psychiatric,Proprietary,true,false,,Not Available,19,42
4134,394062,HAVEN BEHAVIORAL HOSPITAL OF WEST CHESTER,PA,Psychiatric,Proprietary,true,false,,Not Available,19,42
4135,394063,GEISINGER BEHAVIORAL HEALTH CENTER DANVILLE,PA,Psychiatric,Proprietary,true,false,,Not Available,19,42
4136,400001,PRESBYTERIAN COMMUNITY HOSPITAL,PR,Acute Care Hospitals,Voluntary non-profit - Private,true,false,,Not Available,16,43
4137,400003,HOSPITAL METROPOLITANO DR PILA,PR,Acute Care Hospitals,Proprietary,true,false,,Not Available,16,43
4138,400004,"ASOCIACION HOSPITAL DEL MAESTRO, INC",PR,Acute Care Hospitals,Voluntary non-profit - Private,true,false,,Not Available,16,43
4139,400005,HOPE MEDICAL CENTER,PR,Acute Care Hospitals,Voluntary non-profit - Other,true,false,,Not Available,16,43
4140,400006,DOCTORS' CENTER HOSPITAL SAN JUAN,PR,Acute Care Hospitals,Proprietary,true,false,,Not Available,16,43
4141,400007,RYDER MEMORIAL HOSPITAL INC,PR,Acute Care Hospitals,Voluntary non-profit - Private,true,false,,Not Available,16,43
4142,400010,HOSPITAL GENERAL DE CASTANER,PR,Acute Care Hospitals,Voluntary non-profit - Private,true,false,,Not Available,16,43
4143,400011,"HOSPITAL MENONITA HUMACAO, INC",PR,Acute Care Hospitals,Proprietary,true,false,,Not Available,16,43
4144,400012,HOSPITAL ONCOLOGICO DR ISAAC GONZALEZ MARTINEZ,PR,Acute Care Hospitals,Voluntary non-profit - Private,true,false,,Not Available,16,43
4145,400013,HOSPITAL MENONITA DE CAYEY,PR,Acute Care Hospitals,Voluntary non-profit - Private,true,false,,Not Available,16,43
4146,400014,BELLA VISTA HOSPITAL,PR,Acute Care Hospitals,Voluntary non-profit - Church,true,false,,Not Available,16,43
4147,400015,SAN JUAN MUNICIPALITY HOSPITAL,PR,Acute Care Hospitals,Government - Local,true,false,,Not Available,16,43
4148,400016,AUXILIO MUTUO HOSPITAL,PR,Acute Care Hospitals,Voluntary non-profit - Private,true,false,4.0,4,,43
4149,400018,HOSPITAL MENONITA DE AIBONITO,PR,Acute Care Hospitals,Voluntary non-profit - Private,true,false,,Not Available,16,43
4150,400019,HOSPITAL PAVIA SANTURCE,PR,Acute Care Hospitals,Proprietary,true,false,1.0,1,,43
4151,400021,HOSPITAL DE LA CONCEPCION,PR,Acute Care Hospitals,Voluntary non-profit - Private,true,false,,Not Available,16,43
4152,400022,HOSPITAL DAMAS INC,PR,Acute Care Hospitals,Voluntary non-profit - Private,true,false,,Not Available,16,43
4153,400032,BAYAMON MEDICAL CENTER,PR,Acute Care Hospitals,Proprietary,true,false,,Not Available,16,43
4154,40003F,SAN JUAN VA MEDICAL CENTER,PR,Acute Care - Veterans Administration,Veterans Health Administration,true,true,2.0,2,,43
4155,400044,HOSPITAL EPISCOPAL SAN LUCAS II,PR,Acute Care Hospitals,Voluntary non-profit - Private,true,false,,Not Available,16,43
4156,400048,HOSPITAL MENONITA GUAYAMA,PR,Acute Care Hospitals,Voluntary non-profit - Private,true,false,,Not Available,16,43
4157,400061,HOSPITAL UNIVERSITARIO DE ADULTO,PR,Acute Care Hospitals,Government - State,true,false,,Not Available,16,43
4158,400079,HOSPITAL  COMUNITARIO BUEN SAMARITANO INC,PR,Acute Care Hospitals,Voluntary non-profit - Private,true,false,,Not Available,16,43
4159,400087,HOSPITAL PAVIA ARECIBO,PR,Acute Care Hospitals,Proprietary,true,false,,Not Available,16,43
4160,400098,HOSPITAL SAN FRANCISCO,PR,Acute Care Hospitals,Proprietary,true,false,,Not Available,16,43
4161,400102,DOCTORS' CENTER BAYAMON,PR,Acute Care Hospitals,Proprietary,true,false,,Not Available,16,43
4162,400103,MAYAGUEZ MEDICAL CENTER DR RAMON EMETERIO BETANCES,PR,Acute Care Hospitals,Proprietary,true,false,1.0,1,,43
4163,400104,HOSPITAL MENONITA CAGUAS INC,PR,Acute Care Hospitals,Voluntary non-profit - Private,true,false,,Not Available,16,43
4164,400105,HOSPITAL UNIVERSITARIO DR RUIZ ARNAU,PR,Acute Care Hospitals,Government - State,true,false,,Not Available,16,43
4165,400106,METROPOLITAN HOSPITAL,PR,Acute Care Hospitals,Proprietary,true,false,,Not Available,16,43
4166,400109,HOSPITAL ESPANOL AUXILIO MUTUO SAN PABLO,PR,Acute Care Hospitals,Voluntary non-profit - Private,true,false,,Not Available,16,43
4167,400110,HOSPITAL PAVIA YAUCO,PR,Acute Care Hospitals,Proprietary,true,false,,Not Available,16,43
4168,400111,HOSPITAL SAN CARLOS BORROMEO,PR,Acute Care Hospitals,Voluntary non-profit - Private,true,false,,Not Available,16,43
4169,400112,"HOSPITAL UPR, DR  FEDERICO TRILLA",PR,Acute Care Hospitals,Voluntary non-profit - Private,true,false,,Not Available,16,43
4170,400113,HOSPITAL MENONITA PONCE,PR,Acute Care Hospitals,Voluntary non-profit - Private,true,false,,Not Available,16,43
4171,400114,MANATI MEDICAL CENTER DR OTERO LOPEZ,PR,Acute Care Hospitals,Voluntary non-profit - Private,true,false,1.0,1,,43
4172,400115,CENTRO MEDICO WILMA N VAZQUEZ,PR,Acute Care Hospitals,Proprietary,true,false,,Not Available,16,43
4173,400117,HOSPITAL METROPOLITANO  DR SUSONI,PR,Acute Care Hospitals,Voluntary non-profit - Private,true,false,,Not Available,16,43
4174,400118,"DOCTORS' CENTER HOSPITAL, INC",PR,Acute Care Hospitals,Proprietary,true,false,1.0,1,,43
4175,400120,HOSPITAL PAVIA CAGUAS,PR,Acute Care Hospitals,Proprietary,true,false,,Not Available,16,43
4176,400122,PROFESSIONAL HOSPITAL GUAYNABO INC,PR,Acute Care Hospitals,Proprietary,true,false,,Not Available,5,43
4177,400123,HOSPITAL PEREA,PR,Acute Care Hospitals,Voluntary non-profit - Private,true,false,,Not Available,16,43
4178,400124,CENTRO CARDIOVASCULAR DE PUERTO RICO Y EL CARIBE,PR,Acute Care Hospitals,Government - State,true,false,,Not Available,16,43
4179,400127,ASEM,PR,Acute Care Hospitals,Government - State,true,false,,Not Available,16,43
4180,400128,"HOSPITAL PAVIA HATO REY, INC",PR,Acute Care Hospitals,Proprietary,true,false,,Not Available,16,43
4181,400130,HOSPITAL METROPOLITANO DE LA MONTANA,PR,Acute Care Hospitals,Proprietary,true,false,,Not Available,16,43
4182,400131,CARIBBEAN MEDICAL CENTER,PR,Acute Care Hospitals,Proprietary,true,false,,Not Available,5,43
4183,400132,DOCTORS CENTER HOSPITAL  CAROLINA LLC,PR,Acute Care Hospitals,Proprietary,true,false,,Not Available,16,43
4184,400134,THE SAN JORGE HOSPITAL INC,PR,Acute Care Hospitals,Proprietary,true,false,,Not Available,16,43
4185,400135,HOSPITAL  CENTRO COMPRENSIVO DEL CANCER,PR,Acute Care Hospitals,Government - State,true,false,,Not Available,16,43
4186,400137,DOCTORS CENTER HOSPITAL ORLANDO HEALTH DORADO,PR,Acute Care Hospitals,Proprietary,true,false,2.0,2,,43
4187,400138,PUERTO RICO WOMEN AND CHILDREN HOSPITAL LLC,PR,Acute Care Hospitals,Proprietary,true,false,,Not Available,5,43
4188,400139,HOSPITAL EPISCOPAL  SAN LUCAS METRO,PR,Acute Care Hospitals,Voluntary non-profit - Private,true,false,,Not Available,19,43
4189,400141,CENTRO MEDICO DEL NORESTE,PR,Acute Care Hospitals,Proprietary,true,false,,Not Available,19,43
4190,403301,UNIVERSITY PEDIATRIC HOSPITAL,PR,Childrens,Government - State,true,false,,Not Available,19,43
4191,404004,FIRST HOSPITAL PANAMERICANO,PR,Psychiatric,Proprietary,true,false,,Not Available,19,43
4192,404005,SAN JUAN CAPESTRANO  HOSPITAL INC,PR,Psychiatric,Proprietary,true,false,,Not Available,19,43
4193,404007,HOSPITAL METROPOLITANO  PSIQUIATRICO DE CABO ROJO,PR,Psychiatric,Proprietary,true,false,,Not Available,19,43
4194,404009,CENTRO DE SALUD CONDUCTUAL MENONITA-CIMA,PR,Psychiatric,Voluntary non-profit - Private,true,false,,Not Available,19,43
4195,410004,ROGER WILLIAMS MEDICAL CENTER,RI,Acute Care Hospitals,Proprietary,true,false,3.0,3,,44
4196,410005,OUR LADY OF FATIMA HOSPITAL,RI,Acute Care Hospitals,Proprietary,true,false,3.0,3,,44
4197,410006,NEWPORT HOSPITAL,RI,Acute Care Hospitals,Voluntary non-profit - Private,true,false,4.0,4,,44
4198,410007,RHODE ISLAND HOSPITAL,RI,Acute Care Hospitals,Voluntary non-profit - Private,true,false,4.0,4,,44
4199,410008,SOUTH COUNTY HOSPITAL INC,RI,Acute Care Hospitals,Voluntary non-profit - Private,true,false,4.0,4,,44
4200,410009,KENT COUNTY MEMORIAL HOSPITAL,RI,Acute Care Hospitals,Proprietary,true,false,3.0,3,,44
4201,410010,WOMEN & INFANTS HOSPITAL OF RHODE ISLAND,RI,Acute Care Hospitals,Voluntary non-profit - Private,true,false,4.0,4,,44
4202,410011,LANDMARK MEDICAL CENTER,RI,Acute Care Hospitals,Voluntary non-profit - Private,true,false,2.0,2,,44
4203,410012,THE MIRIAM HOSPITAL,RI,Acute Care Hospitals,Voluntary non-profit - Private,true,false,4.0,4,,44
4204,410013,WESTERLY HOSPITAL,RI,Acute Care Hospitals,Voluntary non-profit - Private,true,false,4.0,4,,44
4205,41005F,PROVIDENCE VA MEDICAL CENTER,RI,Acute Care - Veterans Administration,Veterans Health Administration,true,true,4.0,4,,44
4206,414000,BUTLER HOSPITAL,RI,Psychiatric,Voluntary non-profit - Private,true,false,,Not Available,19,44
4207,414003,EMMA PENDLETON BRADLEY HOSPITAL,RI,Psychiatric,Voluntary non-profit - Private,true,false,,Not Available,19,44
4208,420002,PIEDMONT MEDICAL CENTER,SC,Acute Care Hospitals,Proprietary,true,false,2.0,2,,45
4209,420004,MUSC MEDICAL CENTER,SC,Acute Care Hospitals,Government - Hospital District or Authority,true,false,2.0,2,,45
4210,420005,MCLEOD MEDICAL CENTER - DILLON,SC,Acute Care Hospitals,Voluntary non-profit - Private,true,false,3.0,3,,45
4211,420007,SPARTANBURG MEDICAL CENTER,SC,Acute Care Hospitals,Government - Hospital District or Authority,true,false,2.0,2,,45
4212,420009,PRISMA HEALTH OCONEE MEMORIAL HOSPITAL,SC,Acute Care Hospitals,Voluntary non-profit - Private,true,false,4.0,4,,45
4213,420010,CAROLINA PINES REGIONAL MEDICAL CENTER,SC,Acute Care Hospitals,Proprietary,true,false,2.0,2,,45
4214,420011,CANNON MEMORIAL HOSPITAL,SC,Acute Care Hospitals,Voluntary non-profit - Private,true,false,,Not Available,16,45
4215,420015,PRISMA HEALTH BAPTIST EASLEY HOSPITAL,SC,Acute Care Hospitals,Voluntary non-profit - Private,true,false,4.0,4,,45
4216,420018,PRISMA HEALTH RICHLAND HOSPITAL,SC,Acute Care Hospitals,Voluntary non-profit - Private,true,false,3.0,3,,45
4217,420019,MUSC HEALTH CHESTER MEDICAL CENTER,SC,Acute Care Hospitals,Proprietary,true,false,,Not Available,16,45
4218,420020,TIDELANDS GEORGETOWN MEMORIAL HOSPITAL,SC,Acute Care Hospitals,Voluntary non-profit - Private,true,false,2.0,2,,45
4219,420023,ST FRANCIS-DOWNTOWN,SC,Acute Care Hospitals,Voluntary non-profit - Private,true,false,4.0,4,,45
4220,420026,MUSC HEALTH COLUMBIA MEDICAL CENTER DOWNTOWN,SC,Acute Care Hospitals,Voluntary non-profit - Private,true,false,3.0,3,,45
4221,420027,ANMED HEALTH,SC,Acute Care Hospitals,Voluntary non-profit - Private,true,false,4.0,4,,45
4222,420030,COLLETON MEDICAL CENTER,SC,Acute Care Hospitals,Proprietary,true,false,3.0,3,,45
4223,420033,PRISMA HEALTH GREER MEMORIAL HOSPITAL,SC,Acute Care Hospitals,Voluntary non-profit - Private,true,false,5.0,5,,45
4224,420036,MUSC HEALTH LANCASTER MEDICAL CENTER,SC,Acute Care Hospitals,Proprietary,true,false,4.0,4,,45
4225,420037,PRISMA HEALTH HILLCREST HOSPITAL,SC,Acute Care Hospitals,Voluntary non-profit - Private,true,false,4.0,4,,45
4226,420038,PRISMA HEALTH LAURENS COUNTY HOSPITAL,SC,Acute Care Hospitals,Voluntary non-profit - Private,true,false,4.0,4,,45
4227,420043,CHEROKEE MEDICAL CENTER,SC,Acute Care Hospitals,Government - Hospital District or Authority,true,false,2.0,2,,45
4228,420048,KERSHAWHEALTH,SC,Acute Care Hospitals,Proprietary,true,false,3.0,3,,45
4229,420049,CONWAY MEDICAL CENTER,SC,Acute Care Hospitals,Voluntary non-profit - Private,true,false,2.0,2,,45
4230,420051,MCLEOD REGIONAL MEDICAL CENTER-PEE DEE,SC,Acute Care Hospitals,Voluntary non-profit - Private,true,false,3.0,3,,45
4231,420053,NEWBERRY COUNTY MEMORIAL HOSPITAL,SC,Acute Care Hospitals,Voluntary non-profit - Other,true,false,3.0,3,,45
4232,420055,MUSC HEALTH MARION MEDICAL CENTER,SC,Acute Care Hospitals,Government - State,true,false,3.0,3,,45
4233,420065,BON SECOURS-ST FRANCIS XAVIER HOSPITAL,SC,Acute Care Hospitals,Voluntary non-profit - Private,true,false,3.0,3,,45
4234,420067,BEAUFORT COUNTY MEMORIAL HOSPITAL,SC,Acute Care Hospitals,Government - Local,true,false,4.0,4,,45
4235,420070,PRISMA HEALTH TUOMEY HOSPITAL,SC,Acute Care Hospitals,Voluntary non-profit - Private,true,false,3.0,3,,45
4236,420071,SELF REGIONAL HEALTHCARE,SC,Acute Care Hospitals,Voluntary non-profit - Private,true,false,4.0,4,,45
4237,420072,HAMPTON REGIONAL MEDICAL CENTER,SC,Acute Care Hospitals,Voluntary non-profit - Private,true,false,,Not Available,16,45
4238,420073,LEXINGTON MEDICAL CENTER,SC,Acute Care Hospitals,Voluntary non-profit - Private,true,false,3.0,3,,45
4239,420078,PRISMA HEALTH GREENVILLE MEMORIAL HOSPITAL,SC,Acute Care Hospitals,Voluntary non-profit - Private,true,false,4.0,4,,45
4240,420079,TRIDENT MEDICAL CENTER,SC,Acute Care Hospitals,Proprietary,true,false,3.0,3,,45
4241,420080,NOVANT HEALTH HILTON HEAD MEDICAL CENTER,SC,Acute Care Hospitals,Voluntary non-profit - Other,true,false,2.0,2,,45
4242,420082,AIKEN REGIONAL MEDICAL CENTER,SC,Acute Care Hospitals,Proprietary,true,false,2.0,2,,45
4243,420085,GRAND STRAND REGIONAL MEDICAL CENTER,SC,Acute Care Hospitals,Proprietary,true,false,2.0,2,,45
4244,420086,PRISMA HEALTH BAPTIST,SC,Acute Care Hospitals,Voluntary non-profit - Private,true,false,4.0,4,,45
4245,420087,ROPER HOSPITAL,SC,Acute Care Hospitals,Voluntary non-profit - Private,true,false,4.0,4,,45
4246,420089,NOVANT HEALTH EAST COOPER MEDICAL CENTER,SC,Acute Care Hospitals,Proprietary,true,false,4.0,4,,45
4247,420091,MUSC HEALTH FLORENCE MEDICAL CENTER,SC,Acute Care Hospitals,Government - State,true,false,3.0,3,,45
4248,420098,TIDELANDS WACCAMAW COMMUNITY HOSPITAL,SC,Acute Care Hospitals,Voluntary non-profit - Private,true,false,4.0,4,,45
4249,42009F,NH Beaufort,SC,Acute Care - Department of Defense,Department of Defense,true,true,,Not Available,22,45
4250,420101,COASTAL CAROLINA HOSPITAL,SC,Acute Care Hospitals,Proprietary,true,false,4.0,4,,45
4251,420102,PRISMA HEALTH  PATEWOOD HOSPITAL,SC,Acute Care Hospitals,Voluntary non-profit - Private,true,false,5.0,5,,45
4252,420103,PELHAM MEDICAL CENTER,SC,Acute Care Hospitals,Government - Hospital District or Authority,true,false,5.0,5,,45
4253,420104,MOUNT PLEASANT HOSPITAL,SC,Acute Care Hospitals,Voluntary non-profit - Private,true,false,5.0,5,,45
4254,420105,MCLEOD LORIS  HOSPITAL,SC,Acute Care Hospitals,Voluntary non-profit - Private,true,false,4.0,4,,45
4255,420106,PRISMA HEALTH BAPTIST PARKRIDGE,SC,Acute Care Hospitals,Voluntary non-profit - Private,true,false,4.0,4,,45
4256,420107,MCLEOD HEALTH CHERAW,SC,Acute Care Hospitals,Voluntary non-profit - Private,true,false,3.0,3,,45
4257,420108,UNION MEDICAL CENTER,SC,Acute Care Hospitals,Voluntary non-profit - Other,true,false,,Not Available,16,45
4258,420109,MCLEOD HEALTH CLARENDON,SC,Acute Care Hospitals,Voluntary non-profit - Private,true,false,3.0,3,,45
4259,420110,ROPER ST FRANCIS HOSPITAL-BERKELEY INC,SC,Acute Care Hospitals,Voluntary non-profit - Private,true,false,5.0,5,,45
4260,42011F,COLUMBIA SC VA MEDICAL CENTER,SC,Acute Care - Veterans Administration,Veterans Health Administration,true,true,5.0,5,,45
4261,42029F,CHARLESTON VA MEDICAL CENTER,SC,Acute Care - Veterans Administration,Veterans Health Administration,true,true,5.0,5,,45
4262,421300,ALLENDALE COUNTY HOSPITAL,SC,Critical Access Hospitals,Government - Local,true,false,,Not Available,16,45
4263,421301,ABBEVILLE AREA MEDICAL CENTER,SC,Critical Access Hospitals,Voluntary non-profit - Other,true,false,,Not Available,16,45
4264,421304,EDGEFIELD COUNTY HEALTHCARE AN AFFILIATE OF SELF R,SC,Critical Access Hospitals,Voluntary non-profit - Private,true,false,,Not Available,16,45
4265,423300,SHRINERS HOSPITALS FOR CHILDREN,SC,Childrens,Voluntary non-profit - Private,true,false,,Not Available,19,45
4266,424002,LIGHTHOUSE BEHAVIORAL HEALTH HOSPITAL,SC,Psychiatric,Proprietary,true,false,,Not Available,19,45
4267,424005,G WERBER BRYAN PSYCH HOSP,SC,Psychiatric,Government - State,true,false,,Not Available,19,45
4268,424006,PALMETTO LOWCOUNTRY BEHAVIORAL HEALTH,SC,Psychiatric,Proprietary,true,false,,Not Available,19,45
4269,424007,SPRINGBROOK BEHAVIORAL HEALTH SYSTEM,SC,Psychiatric,Proprietary,true,false,,Not Available,19,45
4270,424008,THREE RIVERS BEHAVIORAL HEALTH,SC,Psychiatric,Proprietary,true,false,,Not Available,19,45
4271,424010,"CAROLINA CTR FOR BEHAVIORAL HEALTH,THE",SC,Psychiatric,Proprietary,true,false,,Not Available,19,45
4272,424011,PATRICK B HARRIS PSYCHIATRIC HOSPITAL,SC,Psychiatric,Government - State,true,false,,Not Available,19,45
4273,424014,REBOUND BEHAVIORAL HEALTH,SC,Psychiatric,Proprietary,true,false,,Not Available,19,45
4274,430005,"PRAIRIE LAKES HEALTHCARE SYSTEM, INC",SD,Acute Care Hospitals,Voluntary non-profit - Private,true,false,3.0,3,,46
4275,430008,BROOKINGS HEALTH SYSTEM,SD,Acute Care Hospitals,Government - Local,true,false,4.0,4,,46
4276,430012,AVERA SACRED HEART HOSPITAL,SD,Acute Care Hospitals,Voluntary non-profit - Private,true,false,3.0,3,,46
4277,430014,AVERA ST LUKES,SD,Acute Care Hospitals,Voluntary non-profit - Church,true,false,4.0,4,,46
4278,430015,AVERA ST MARY'S HOSPITAL,SD,Acute Care Hospitals,Voluntary non-profit - Private,true,false,2.0,2,,46
4279,430016,AVERA MCKENNAN HOSPITAL & UNIVERSITY HEALTH CENTER,SD,Acute Care Hospitals,Voluntary non-profit - Private,true,false,4.0,4,,46
4280,430027,SANFORD USD MEDICAL CENTER,SD,Acute Care Hospitals,Voluntary non-profit - Private,true,false,5.0,5,,46
4281,43002F,VA BLACK HILLS HEALTHCARE SYSTEM,SD,Acute Care - Veterans Administration,Veterans Health Administration,true,true,5.0,5,,46
4282,430048,MONUMENT HEALTH SPEARFISH HOSPITAL,SD,Acute Care Hospitals,Voluntary non-profit - Private,true,false,4.0,4,,46
4283,43005F,SIOUX FALLS VA MEDICAL CENTER,SD,Acute Care - Veterans Administration,Veterans Health Administration,true,true,5.0,5,,46
4284,430077,MONUMENT HEALTH RAPID CITY HOSPITAL,SD,Acute Care Hospitals,Voluntary non-profit - Private,true,false,3.0,3,,46
4285,430084,PHS INDIAN HOSPITAL AT ROSEBUD,SD,Acute Care Hospitals,Government - Federal,true,false,,Not Available,16,46
4286,430089,DUNES SURGICAL HOSPITAL,SD,Acute Care Hospitals,Proprietary,true,false,,Not Available,16,46
4287,430090,SIOUX FALLS SPECIALTY HOSPITAL,SD,Acute Care Hospitals,Proprietary,true,false,,Not Available,16,46
4288,430091,BLACK HILLS SURGICAL HOSPITAL LLC,SD,Acute Care Hospitals,Proprietary,true,false,,Not Available,16,46
4289,430093,SAME DAY SURGERY CENTER LLC,SD,Acute Care Hospitals,Proprietary,true,false,,Not Available,16,46
4290,430095,AVERA HEART HOSPITAL OF SOUTH DAKOTA,SD,Acute Care Hospitals,Proprietary,true,false,5.0,5,,46
4291,430097,SANFORD MEDICAL CENTER ABERDEEN,SD,Acute Care Hospitals,Voluntary non-profit - Private,true,false,4.0,4,,46
4292,430098,PINE RIDGE IHS HOSPITAL,SD,Acute Care Hospitals,Government - Federal,true,false,,Not Available,16,46
4293,430779,LANDMANN JUNGMAN MEMORIAL HOSPITAL CORPORATION,SD,Rural Emergency Hospital,Voluntary non-profit - Private,true,false,,Not Available,19,46
4294,431300,MADISON REGIONAL HEALTH SYSTEM,SD,Critical Access Hospitals,Voluntary non-profit - Private,true,false,,Not Available,16,46
4295,431301,FAULKTON AREA MEDICAL CENTER,SD,Critical Access Hospitals,Voluntary non-profit - Private,true,false,,Not Available,16,46
4296,431302,AVERA MISSOURI RIVER HEALTH CENTER,SD,Critical Access Hospitals,Voluntary non-profit - Private,true,false,,Not Available,16,46
4297,431305,DOUGLAS COUNTY MEMORIAL HOSPITAL-CAH,SD,Critical Access Hospitals,Voluntary non-profit - Private,true,false,,Not Available,16,46
4298,431306,PLATTE HEALTH CENTER,SD,Critical Access Hospitals,Voluntary non-profit - Private,true,false,,Not Available,16,46
4299,431307,SANFORD CLEAR LAKE MEDICAL CENTER,SD,Critical Access Hospitals,Voluntary non-profit - Private,true,false,,Not Available,16,46
4300,431308,EUREKA COMMUNITY HEALTH SERVICES - CAH,SD,Critical Access Hospitals,Voluntary non-profit - Other,true,false,,Not Available,16,46
4301,431309,COMMUNITY MEMORIAL HOSPITAL,SD,Critical Access Hospitals,Voluntary non-profit - Private,true,false,,Not Available,16,46
4302,431310,AVERA FLANDREAU HOSPITAL - CAH,SD,Critical Access Hospitals,Voluntary non-profit - Private,true,false,,Not Available,16,46
4303,431311,SANFORD HOSPITAL WEBSTER - CAH,SD,Critical Access Hospitals,Voluntary non-profit - Private,true,false,,Not Available,16,46
4304,431312,MARSHALL COUNTY HEALTHCARE CENTER - CAH,SD,Critical Access Hospitals,Voluntary non-profit - Private,true,false,,Not Available,16,46
4305,431313,FREEMAN MEDICAL CENTER - CAH,SD,Critical Access Hospitals,Voluntary non-profit - Private,true,false,,Not Available,16,46
4306,431314,BENNETT COUNTY HOSPITAL AND NURSING HOME - CAH,SD,Critical Access Hospitals,Voluntary non-profit - Private,true,false,,Not Available,16,46
4307,431315,WAGNER COMMUNITY MEMORIAL HOSPITAL - CAH,SD,Critical Access Hospitals,Voluntary non-profit - Private,true,false,,Not Available,16,46
4308,431316,COMMUNITY MEMORIAL HOSPITAL,SD,Critical Access Hospitals,Government - Local,true,false,4.0,4,,46
4309,431318,BOWDLE HOSPITAL - CAH,SD,Critical Access Hospitals,Government - Local,true,false,,Not Available,16,46
4310,431319,HANS P PETERSON MEMORIAL HOSPITAL - CAH,SD,Critical Access Hospitals,Voluntary non-profit - Private,true,false,,Not Available,16,46
4311,431320,MONUMENT HEALTH LEAD-DEADWOOD HOSPITAL,SD,Critical Access Hospitals,Voluntary non-profit - Private,true,false,,Not Available,16,46
4312,431321,MONUMENT HEALTH STURGIS HOSPITAL,SD,Critical Access Hospitals,Voluntary non-profit - Other,true,false,,Not Available,16,46
4313,431322,FALL RIVER HOSPITAL - CAH,SD,Critical Access Hospitals,Government - Local,true,false,,Not Available,16,46
4314,431323,MONUMENT HEALTH CUSTER HOSPITAL,SD,Critical Access Hospitals,Voluntary non-profit - Private,true,false,,Not Available,16,46
4315,431324,AVERA WESKOTA MEMORIAL MEDICAL CENTER - CAH,SD,Critical Access Hospitals,Voluntary non-profit - Private,true,false,,Not Available,16,46
4316,431325,MOBRIDGE REGIONAL HOSPITAL - CAH,SD,Critical Access Hospitals,Voluntary non-profit - Private,true,false,,Not Available,16,46
4317,431326,MILBANK AREA HOSPITAL/AVERA HEALTH,SD,Critical Access Hospitals,Voluntary non-profit - Private,true,false,,Not Available,16,46
4318,431327,ST MICHAEL'S HOSPITAL - CAH,SD,Critical Access Hospitals,Government - Local,true,false,,Not Available,16,46
4319,431328,PIONEER MEMORIAL HOSPITAL - CAH,SD,Critical Access Hospitals,Voluntary non-profit - Private,true,false,,Not Available,16,46
4320,431329,SANFORD CHAMBERLAIN MEDICAL CENTER,SD,Critical Access Hospitals,Voluntary non-profit - Private,true,false,,Not Available,16,46
4321,431330,AVERA ST BENEDICT HEALTH CENTER - CAH,SD,Critical Access Hospitals,Voluntary non-profit - Private,true,false,5.0,5,,46
4322,431331,AVERA DELLS AREA HOSPITAL  - CAH,SD,Critical Access Hospitals,Voluntary non-profit - Private,true,false,,Not Available,16,46
4323,431332,AVERA DE SMET MEMORIAL HOSPITAL - CAH,SD,Critical Access Hospitals,Voluntary non-profit - Private,true,false,,Not Available,16,46
4324,431333,SANFORD CANTON-INWOOD MEDICAL CENTER - CAH,SD,Critical Access Hospitals,Voluntary non-profit - Private,true,false,,Not Available,16,46
4325,431334,WINNER REGIONAL HEALTHCARE CENTER - CAH,SD,Critical Access Hospitals,Voluntary non-profit - Private,true,false,,Not Available,16,46
4326,431335,HURON REGIONAL MEDICAL CENTER,SD,Critical Access Hospitals,Voluntary non-profit - Private,true,false,2.0,2,,46
4327,431336,SANFORD VERMILLION MEDICAL CENTER,SD,Critical Access Hospitals,Voluntary non-profit - Private,true,false,,Not Available,16,46
4328,431337,AVERA HAND COUNTY MEMORIAL HOSPITAL AND CLINIC,SD,Critical Access Hospitals,Voluntary non-profit - Private,true,false,,Not Available,16,46
4329,431338,AVERA GREGORY HOSPITAL,SD,Critical Access Hospitals,Voluntary non-profit - Private,true,false,,Not Available,16,46
4330,431339,COTEAU DES PRAIRIES HEALTH CARE SYSTEM,SD,Critical Access Hospitals,Voluntary non-profit - Private,true,false,4.0,4,,46
4331,431340,AVERA QUEEN OF PEACE,SD,Critical Access Hospitals,Voluntary non-profit - Private,true,false,4.0,4,,46
4332,431383,EAGLE BUTTE INDIAN HEALTH SERVICE HOSPITAL,SD,Critical Access Hospitals,Government - Federal,true,false,,Not Available,16,46
4333,433300,LIFESCAPE,SD,Childrens,Voluntary non-profit - Private,true,false,,Not Available,19,46
4334,434003,SOUTH DAKOTA HUMAN SERVICES CENTER,SD,Psychiatric,Government - State,true,false,,Not Available,19,46
4335,440002,JACKSON-MADISON COUNTY GENERAL HOSPITAL,TN,Acute Care Hospitals,Government - Hospital District or Authority,true,false,3.0,3,,47
4336,440003,HIGHPOINT HEALTH-SUMNER WITH ASCENSION SAINT THOMA,TN,Acute Care Hospitals,Proprietary,true,false,3.0,3,,47
4337,440006,TRISTAR SKYLINE MEDICAL CENTER,TN,Acute Care Hospitals,Voluntary non-profit - Private,true,false,2.0,2,,47
4338,440007,UNITY MEDICAL CENTER,TN,Acute Care Hospitals,Voluntary non-profit - Private,true,false,3.0,3,,47
4339,440008,HENDERSON COUNTY COMMUNITY HOSPITAL,TN,Acute Care Hospitals,Proprietary,true,false,,Not Available,16,47
4340,440009,CUMBERLAND MEDICAL CENTER,TN,Acute Care Hospitals,Voluntary non-profit - Private,true,false,4.0,4,,47
4341,440011,BLOUNT MEMORIAL HOSPITAL,TN,Acute Care Hospitals,Government - Local,true,false,2.0,2,,47
4342,440012,WELLMONT BRISTOL REGIONAL MEDICAL CENTER,TN,Acute Care Hospitals,Government - Hospital District or Authority,true,false,2.0,2,,47
4343,440015,"UNIVERSITY HEALTH SYSTEM, INC",TN,Acute Care Hospitals,Voluntary non-profit - Private,true,false,4.0,4,,47
4344,440016,BAPTIST MEMORIAL HOSPITAL - CARROLL COUNTY,TN,Acute Care Hospitals,Voluntary non-profit - Private,true,false,4.0,4,23,47
4345,440017,WELLMONT HOLSTON VALLEY MEDICAL CENTER,TN,Acute Care Hospitals,Voluntary non-profit - Private,true,false,2.0,2,,47
4346,440018,SYCAMORE SHOALS HOSPITAL,TN,Acute Care Hospitals,Voluntary non-profit - Private,true,false,2.0,2,,47
4347,440020,SOUTHERN TENNESSEE REGIONAL HEALTH SYSTEM PULASKI,TN,Acute Care Hospitals,Proprietary,true,false,3.0,3,,47
4348,440029,WILLIAMSON MEDICAL CENTER,TN,Acute Care Hospitals,Government - Hospital District or Authority,true,false,5.0,5,,47
4349,440030,MORRISTOWN HAMBLEN HOSPITAL ASSOCIATION,TN,Acute Care Hospitals,Government - Local,true,false,2.0,2,,47
4350,440031,ROANE MEDICAL CENTER,TN,Acute Care Hospitals,Government - Hospital District or Authority,true,false,4.0,4,,47
4351,440032,HAWKINS COUNTY MEMORIAL HOSPITAL,TN,Acute Care Hospitals,Voluntary non-profit - Private,true,false,,Not Available,16,47
4352,440033,LAFOLLETTE MEDICAL CENTER,TN,Acute Care Hospitals,Voluntary non-profit - Church,true,false,3.0,3,,47
4353,440034,METHODIST MEDICAL CENTER OF OAK RIDGE,TN,Acute Care Hospitals,Voluntary non-profit - Private,true,false,4.0,4,,47
4354,440035,VANDERBILT CLARKSVILLE HOSPITAL,TN,Acute Care Hospitals,Proprietary,true,false,1.0,1,,47
4355,440039,VANDERBILT UNIVERSITY MEDICAL CENTER,TN,Acute Care Hospitals,Voluntary non-profit - Private,true,false,5.0,5,,47
4356,440046,TRISTAR HORIZON MEDICAL CENTER,TN,Acute Care Hospitals,Proprietary,true,false,3.0,3,,47
4357,440048,BAPTIST MEMORIAL HOSPITAL,TN,Acute Care Hospitals,Voluntary non-profit - Private,true,false,3.0,3,23,47
4358,440049,METHODIST HOSPITALS OF MEMPHIS,TN,Acute Care Hospitals,Voluntary non-profit - Church,true,false,3.0,3,,47
4359,440050,GREENEVILLE COMMUNITY HOSPITAL,TN,Acute Care Hospitals,Voluntary non-profit - Private,true,false,2.0,2,,47
4360,440053,SAINT THOMAS RUTHERFORD HOSPITAL,TN,Acute Care Hospitals,Voluntary non-profit - Church,true,false,3.0,3,29,47
4361,440056,TENNOVA HEALTHCARE-JEFFERSON MEMORIAL HOSPITAL,TN,Acute Care Hospitals,Proprietary,true,false,2.0,2,,47
4362,440057,CLAIBORNE MEDICAL CENTER,TN,Acute Care Hospitals,Government - Local,true,false,,Not Available,16,47
4363,440058,SOUTHERN TENNESSEE REGIONAL HEALTH SYSTEM WINCHEST,TN,Acute Care Hospitals,Proprietary,true,false,3.0,3,,47
4364,440059,COOKEVILLE REGIONAL MEDICAL CENTER,TN,Acute Care Hospitals,Government - Local,true,false,2.0,2,,47
4365,440060,WEST TENNESSEE HEALTHCARE MILAN HOSPITAL,TN,Acute Care Hospitals,Government - Local,true,false,,Not Available,16,47
4366,440061,VOLUNTEER COMMUNITY HOSPITAL,TN,Acute Care Hospitals,Proprietary,true,false,2.0,2,,47
4367,440063,JOHNSON CITY MEDICAL CENTER,TN,Acute Care Hospitals,Voluntary non-profit - Private,true,false,1.0,1,,47
4368,440065,TRISTAR NORTHCREST MEDICAL CENTER,TN,Acute Care Hospitals,Voluntary non-profit - Other,true,false,3.0,3,,47
4369,440068,STARR REGIONAL MEDICAL CENTER ATHENS,TN,Acute Care Hospitals,Proprietary,true,false,3.0,3,,47
4370,440072,DYERSBURG REGIONAL MEDICAL CENTER,TN,Acute Care Hospitals,Proprietary,true,false,4.0,4,,47
4371,440073,MAURY REGIONAL HOSPITAL,TN,Acute Care Hospitals,Government - Local,true,false,3.0,3,,47
4372,440081,LECONTE MEDICAL CENTER,TN,Acute Care Hospitals,Voluntary non-profit - Other,true,false,5.0,5,,47
4373,440082,ASCENSION SAINT THOMAS HOSPITAL,TN,Acute Care Hospitals,Voluntary non-profit - Private,true,false,3.0,3,29,47
4374,440084,SWEETWATER HOSPITAL ASSOCIATION,TN,Acute Care Hospitals,Voluntary non-profit - Private,true,false,1.0,1,,47
4375,440091,"MEMORIAL HEALTHCARE SYSTEM, INC",TN,Acute Care Hospitals,Voluntary non-profit - Church,true,false,5.0,5,,47
4376,440102,LINCOLN MEDICAL CENTER,TN,Acute Care Hospitals,Government - Local,true,false,3.0,3,,47
4377,440104,ERLANGER MEDICAL CENTER,TN,Acute Care Hospitals,Government - Hospital District or Authority,true,false,4.0,4,,47
4378,440109,HARDIN MEDICAL CENTER,TN,Acute Care Hospitals,Government - Local,true,false,2.0,2,,47
4379,440110,FORT LOUDOUN MEDICAL CENTER,TN,Acute Care Hospitals,Voluntary non-profit - Other,true,false,4.0,4,,47
4380,440111,METRO NASHVILLE GENERAL HOSPITAL,TN,Acute Care Hospitals,Government - Hospital District or Authority,true,false,4.0,4,,47
4381,440120,PHYSICIANS REGIONAL MEDICAL CENTER,TN,Acute Care Hospitals,Proprietary,true,false,3.0,3,,47
4382,440125,FORT SANDERS REGIONAL MEDICAL CENTER,TN,Acute Care Hospitals,Voluntary non-profit - Private,true,false,3.0,3,,47
4383,440130,BAPTIST MEMORIAL HOSPITAL UNION CITY,TN,Acute Care Hospitals,Voluntary non-profit - Private,true,false,4.0,4,,47
4384,440131,BAPTIST MEMORIAL HOSPITAL TIPTON,TN,Acute Care Hospitals,Voluntary non-profit - Church,true,false,3.0,3,,47
4385,440132,WEST TENNESSEE HEALTHCARE HENRY COUNTY HOSPITAL,TN,Acute Care Hospitals,Government - Hospital District or Authority,true,false,3.0,3,,47
4386,440137,VANDERBILT BEDFORD HOSPITAL,TN,Acute Care Hospitals,Proprietary,true,false,4.0,4,,47
4387,44013F,MEMPHIS VA MEDICAL CENTER,TN,Acute Care - Veterans Administration,Veterans Health Administration,true,true,3.0,3,,47
4388,440144,VANDERBILT TULLAHOMA-HARTON HOSPITAL,TN,Acute Care Hospitals,Voluntary non-profit - Other,true,false,3.0,3,,47
4389,440148,DEKALB COMMUNITY HOSPITAL,TN,Acute Care Hospitals,Voluntary non-profit - Church,true,false,,Not Available,16,47
4390,440150,TRISTAR SUMMIT MEDICAL CENTER,TN,Acute Care Hospitals,Proprietary,true,false,4.0,4,,47
4391,440151,SAINT THOMAS RIVER PARK HOSPITAL,TN,Acute Care Hospitals,Voluntary non-profit - Private,true,false,3.0,3,29,47
4392,440152,REGIONAL ONE HEALTH,TN,Acute Care Hospitals,Government - Hospital District or Authority,true,false,1.0,1,,47
4393,440153,TENNOVA HEALTHCARE - NEWPORT MEDICAL CENTER,TN,Acute Care Hospitals,Proprietary,true,false,4.0,4,,47
4394,440156,PARKRIDGE MEDICAL CENTER,TN,Acute Care Hospitals,Proprietary,true,false,4.0,4,,47
4395,440159,DELTA SPECIALTY HOSPITAL,TN,Acute Care Hospitals,Proprietary,true,false,,Not Available,16,47
4396,440161,TRISTAR CENTENNIAL MEDICAL CENTER,TN,Acute Care Hospitals,Proprietary,true,false,4.0,4,,47
4397,44016F,MOUNTAIN HOME VA MEDICAL CENTER,TN,Acute Care - Veterans Administration,Veterans Health Administration,true,true,5.0,5,,47
4398,440173,PARKWEST MEDICAL CENTER,TN,Acute Care Hospitals,Voluntary non-profit - Private,true,false,3.0,3,,47
4399,440175,SOUTHERN TENNESSEE REGIONAL HEALTH SYSTEM LAWRENCE,TN,Acute Care Hospitals,Voluntary non-profit - Other,true,false,3.0,3,,47
4400,440176,INDIAN PATH COMMUNITY HOSPITAL,TN,Acute Care Hospitals,Voluntary non-profit - Private,true,false,,Not Available,16,47
4401,44017F,VA MIDDLE TENNESSEE HEALTHCARE SYSTEM - MURFREESBORO,TN,Acute Care - Veterans Administration,Veterans Health Administration,true,true,,Not Available,16,47
4402,440183,ST FRANCIS HOSPITAL,TN,Acute Care Hospitals,Proprietary,true,false,1.0,1,,47
4403,440184,FRANKLIN WOODS COMMUNITY HOSPITAL,TN,Acute Care Hospitals,Voluntary non-profit - Private,true,false,3.0,3,,47
4404,440185,AFFILIATE OF VITRUVIAN HEALTH,TN,Acute Care Hospitals,Proprietary,true,false,2.0,2,,47
4405,440187,LIVINGSTON REGIONAL HOSPITAL,TN,Acute Care Hospitals,Proprietary,true,false,2.0,2,,47
4406,44018F,VA MIDDLE TENNESSEE HEALTHCARE SYSTEM,TN,Acute Care - Veterans Administration,Veterans Health Administration,true,true,4.0,4,,47
4407,440192,SAINT THOMAS HIGHLANDS HOSPITAL,TN,Acute Care Hospitals,Proprietary,true,false,,Not Available,16,47
4408,440193,VANDERBILT WILSON COUNTY HOSPITAL,TN,Acute Care Hospitals,Voluntary non-profit - Private,true,false,5.0,5,,47
4409,440194,TRISTAR HENDERSONVILLE MEDICAL CENTER,TN,Acute Care Hospitals,Proprietary,true,false,4.0,4,,47
4410,440197,TRISTAR SOUTHERN HILLS MEDICAL CENTER,TN,Acute Care Hospitals,Proprietary,true,false,4.0,4,,47
4411,440200,STONES RIVER HOSPITAL,TN,Acute Care Hospitals,Proprietary,true,false,,Not Available,16,47
4412,440218,SAINT THOMAS HOSPITAL FOR SPINAL SURGERY,TN,Acute Care Hospitals,Voluntary non-profit - Other,true,false,,Not Available,16,47
4413,440227,TRISTAR STONECREST MEDICAL CENTER,TN,Acute Care Hospitals,Proprietary,true,false,4.0,4,,47
4414,440228,SAINT FRANCIS BARTLETT MEDICAL CENTER,TN,Acute Care Hospitals,Proprietary,true,false,1.0,1,,47
4415,440231,TRUSTPOINT HOSPITAL,TN,Acute Care Hospitals,Proprietary,true,false,,Not Available,16,47
4416,440238,HAYWOOD COUNTY COMMUNITY HOSPITAL,TN,Acute Care Hospitals,Proprietary,true,false,,Not Available,16,47
4417,440779,TRISTAR ASHLAND CITY MEDICAL CENTER,TN,Rural Emergency Hospital,Proprietary,true,false,,Not Available,19,47
4418,440780,WAYNE MEDICAL CENTER,TN,Rural Emergency Hospital,Voluntary non-profit - Other,true,false,,Not Available,19,47
4419,441300,SAINT THOMAS HICKMAN HOSPITAL,TN,Critical Access Hospitals,Voluntary non-profit - Private,true,false,,Not Available,16,47
4420,441301,HIGHPOINT HEALTH-TROUSDALE WITH ASCENSION SAINT,TN,Critical Access Hospitals,Voluntary non-profit - Other,true,false,,Not Available,16,47
4421,441303,ASCENSION SAINT THOMAS THREE RIVERS,TN,Critical Access Hospitals,Voluntary non-profit - Private,true,false,,Not Available,16,47
4422,441304,JOHNSON COUNTY COMMUNITY HOSPITAL,TN,Critical Access Hospitals,Voluntary non-profit - Private,true,false,,Not Available,16,47
4423,441305,MACON COMMUNITY HOSPITAL,TN,Critical Access Hospitals,Voluntary non-profit - Private,true,false,3.0,3,,47
4424,441306,ERLANGER BLEDSOE HOSPITAL,TN,Critical Access Hospitals,Government - Hospital District or Authority,true,false,,Not Available,16,47
4425,441307,HIGHPOINT HEALTH-RIVERVIEW WITH ASCENSION SAINT TH,TN,Critical Access Hospitals,Proprietary,true,false,4.0,4,,47
4426,441309,MARSHALL MEDICAL CENTER,TN,Critical Access Hospitals,Government - Hospital District or Authority,true,false,,Not Available,16,47
4427,441310,RHEA MEDICAL CENTER,TN,Critical Access Hospitals,Government - Local,true,false,2.0,2,,47
4428,441313,HANCOCK COUNTY HOSPITAL,TN,Critical Access Hospitals,Voluntary non-profit - Other,true,false,,Not Available,16,47
4429,441314,LAUDERDALE COMMUNITY HOSPITAL,TN,Critical Access Hospitals,Proprietary,true,false,,Not Available,16,47
4430,441316,WEST TENNESSEE HEALTHCARE CAMDEN HOSPITAL,TN,Critical Access Hospitals,Government - Hospital District or Authority,true,false,,Not Available,16,47
4431,441320,WEST TENNESSEE HEALTHCARE BOLIVAR HOSPITAL,TN,Critical Access Hospitals,Government - Hospital District or Authority,true,false,,Not Available,16,47
4432,441322,HOUSTON COUNTY COMMUNITY HOSPITAL,TN,Critical Access Hospitals,Government - Local,true,false,,Not Available,16,47
4433,441323,BIG SOUTH FORK MEDICAL CENTER,TN,Critical Access Hospitals,Proprietary,true,false,,Not Available,16,47
4434,443302,ST JUDE CHILDRENS RESEARCH HOSPITAL,TN,Childrens,Voluntary non-profit - Private,true,false,,Not Available,19,47
4435,443303,EAST TENNESSEE CHILDRENS HOSPITAL,TN,Childrens,Voluntary non-profit - Private,true,false,,Not Available,19,47
4436,444001,MEMPHIS MENTAL HEALTH INSTITUTE,TN,Psychiatric,Government - Local,true,false,,Not Available,19,47
4437,444002,MOCCASIN BEND MENTAL HEALTH INSTITUTE,TN,Psychiatric,Government - State,true,false,,Not Available,19,47
4438,444003,RIDGEVIEW PSYCHIATRIC HOSPITAL AND CENTER,TN,Psychiatric,Voluntary non-profit - Private,true,false,,Not Available,19,47
4439,444004,LAKESIDE BEHAVIORAL HEALTH SYSTEM,TN,Psychiatric,Voluntary non-profit - Church,true,false,,Not Available,19,47
4440,444005,UNITY PSYCHIATRIC CARE-MARTIN,TN,Psychiatric,Proprietary,true,false,,Not Available,19,47
4441,444007,ROLLING HILLS PSYCHIATRIC HOSPITAL,TN,Psychiatric,Voluntary non-profit - Private,true,false,,Not Available,19,47
4442,444008,WESTERN MENTAL HEALTH INSTITUTE,TN,Psychiatric,Government - Local,true,false,,Not Available,19,47
4443,444010,"PATHWAYS OF TENNESSEE, INC",TN,Psychiatric,Voluntary non-profit - Private,true,false,,Not Available,19,47
4444,444014,MIDDLE TN MENTAL HEALTH INSTITUTE,TN,Psychiatric,Government - State,true,false,,Not Available,19,47
4445,444019,UNITY PSYCHIATRIC CARE-CLARKSVILLE,TN,Psychiatric,Proprietary,true,false,,Not Available,19,47
4446,444021,UNITY PSYCHIATRIC CARE-COLUMBIA,TN,Psychiatric,Proprietary,true,false,,Not Available,19,47
4447,444023,PERIMETER BEHAVIORAL CENTER OF JACKSON,TN,Psychiatric,Proprietary,true,false,,Not Available,19,47
4448,444024,UNITY PSYCHIATRIC CARE-MEMPHIS,TN,Psychiatric,Proprietary,true,false,,Not Available,19,47
4449,444025,CRESTWYN BEHAVIORAL HEALTH,TN,Psychiatric,Proprietary,true,false,,Not Available,19,47
4450,444026,"ERLANGER BEHAVIORAL HOSPITAL, LLC",TN,Psychiatric,Proprietary,true,false,,Not Available,19,47
4451,444027,CREEKSIDE BEHAVIORAL HEALTH,TN,Psychiatric,Proprietary,true,false,,Not Available,19,47
4452,444029,PINEWOOD SPRINGS,TN,Psychiatric,Proprietary,true,false,,Not Available,19,47
4453,444030,ASCENSION SAINT THOMAS BEHAVIORAL HEALTH HOSPITAL,TN,Psychiatric,Proprietary,true,false,,Not Available,19,47
4454,444031,KNOXVILLE CENTER FOR BEHAVIORAL MEDICINE,TN,Psychiatric,Voluntary non-profit - Other,true,false,,Not Available,19,47
4455,444032,EAST TENNESSEE BEHAVIORAL HEALTH,TN,Psychiatric,Proprietary,true,false,,Not Available,19,47
4456,450002,THE HOSPITALS OF PROVIDENCE - MEMORIAL CAMPUS,TX,Acute Care Hospitals,Proprietary,true,false,2.0,2,,48
4457,450007,PETERSON REGIONAL MEDICAL CENTER,TX,Acute Care Hospitals,Voluntary non-profit - Private,true,false,4.0,4,,48
4458,450010,UNITED REGIONAL HEALTH CARE SYSTEM,TX,Acute Care Hospitals,Voluntary non-profit - Private,true,false,3.0,3,,48
4459,450011,CHI ST JOSEPH HEALTH REGIONAL HOSPITAL,TX,Acute Care Hospitals,Voluntary non-profit - Private,true,false,2.0,2,,48
4460,450015,PARKLAND HEALTH & HOSPITAL SYSTEM,TX,Acute Care Hospitals,Government - Hospital District or Authority,true,false,3.0,3,,48
4461,450018,UNIVERSITY OF TEXAS MEDICAL BRANCH GALVESTON,TX,Acute Care Hospitals,Government - State,true,false,3.0,3,,48
4462,450021,BAYLOR UNIVERSITY MEDICAL CENTER,TX,Acute Care Hospitals,Voluntary non-profit - Private,true,false,4.0,4,,48
4463,450023,CITIZENS MEDICAL CENTER,TX,Acute Care Hospitals,Voluntary non-profit - Other,true,false,3.0,3,,48
4464,450024,UNIVERSITY MEDICAL CENTER OF EL PASO,TX,Acute Care Hospitals,Physician,true,false,3.0,3,,48
4465,450028,VALLEY BAPTIST MEDICAL CENTER- BROWNSVILLE,TX,Acute Care Hospitals,Proprietary,true,false,3.0,3,,48
4466,450029,LAREDO MEDICAL CENTER,TX,Acute Care Hospitals,Proprietary,true,false,4.0,4,,48
4467,450032,CHRISTUS GOOD SHEPHERD MEDICAL CENTER,TX,Acute Care Hospitals,Voluntary non-profit - Private,true,false,4.0,4,,48
4468,450033,VHS HARLINGEN HOSPITAL COMPANY LLC,TX,Acute Care Hospitals,Proprietary,true,false,2.0,2,,48
4469,450034,CHRISTUS SOUTHEAST TEXAS- ST ELIZABETH,TX,Acute Care Hospitals,Voluntary non-profit - Private,true,false,4.0,4,,48
4470,450035,ST JOSEPH MEDICAL CENTER,TX,Acute Care Hospitals,Physician,true,false,3.0,3,,48
4471,450039,JPS HEALTH NETWORK,TX,Acute Care Hospitals,Government - Hospital District or Authority,true,false,4.0,4,,48
4472,450040,COVENANT MEDICAL CENTER,TX,Acute Care Hospitals,Voluntary non-profit - Private,true,false,3.0,3,,48
4473,450042,ASCENSION PROVIDENCE,TX,Acute Care Hospitals,Voluntary non-profit - Private,true,false,2.0,2,29,48
4474,450044,UT OF TEXAS  SOUTHWESTERN UNIVERSITY HOSPITAL - WILLIAM P. CLEMENTS JR.,TX,Acute Care Hospitals,Government - State,true,false,4.0,4,,48
4475,450046,CHRISTUS SPOHN HOSPITAL CORPUS CHRISTI,TX,Acute Care Hospitals,Voluntary non-profit - Private,true,false,3.0,3,,48
4476,450051,METHODIST DALLAS MEDICAL CENTER,TX,Acute Care Hospitals,Voluntary non-profit - Other,true,false,3.0,3,,48
4477,450054,BAYLOR SCOTT & WHITE MEDICAL CENTER - TEMPLE,TX,Acute Care Hospitals,Voluntary non-profit - Private,true,false,5.0,5,,48
4478,450055,ROLLING PLAINS MEMORIAL HOSPITAL,TX,Acute Care Hospitals,Government - Hospital District or Authority,true,false,,Not Available,16,48
4479,450056,ASCENSION SETON MEDICAL CENTER AUSTIN,TX,Acute Care Hospitals,Voluntary non-profit - Private,true,false,3.0,3,29,48
4480,450058,BAPTIST MEDICAL CENTER,TX,Acute Care Hospitals,Proprietary,true,false,3.0,3,,48
4481,450064,TEXAS HEALTH ARLINGTON MEMORIAL HOSPITAL,TX,Acute Care Hospitals,Voluntary non-profit - Private,true,false,4.0,4,,48
4482,450068,MEMORIAL HERMANN - TEXAS MEDICAL CENTER,TX,Acute Care Hospitals,Voluntary non-profit - Private,true,false,4.0,4,,48
4483,450072,CHI ST LUKE'S HEALTH BRAZOSPORT,TX,Acute Care Hospitals,Voluntary non-profit - Private,true,false,4.0,4,,48
4484,450079,BAYLOR SCOTT & WHITE MEDICAL CENTER AT IRVING,TX,Acute Care Hospitals,Voluntary non-profit - Private,true,false,5.0,5,,48
4485,450080,TITUS REGIONAL MEDICAL CENTER,TX,Acute Care Hospitals,Government - Hospital District or Authority,true,false,3.0,3,,48
4486,450082,CHRISTUS SPOHN HOSPITAL BEEVILLE,TX,Acute Care Hospitals,Voluntary non-profit - Private,true,false,2.0,2,,48
4487,450083,UT HEALTH EAST TEXAS TYLER REGIONAL HOSPITAL,TX,Acute Care Hospitals,Proprietary,true,false,2.0,2,,48
4488,450087,MEDICAL CITY NORTH HILLS,TX,Acute Care Hospitals,Proprietary,true,false,2.0,2,,48
4489,450090,NORTH TEXAS MEDICAL CENTER,TX,Acute Care Hospitals,Voluntary non-profit - Private,true,false,4.0,4,,48
4490,450092,FORT DUNCAN MEDICAL CENTER,TX,Acute Care Hospitals,Proprietary,true,false,3.0,3,,48
4491,450097,HCA HOUSTON HEALTHCARE SOUTHEAST,TX,Acute Care Hospitals,Proprietary,true,false,3.0,3,,48
4492,450101,BAYLOR SCOTT & WHITE MEDICAL CENTER HILLCREST,TX,Acute Care Hospitals,Voluntary non-profit - Private,true,false,4.0,4,,48
4493,450102,CHRISTUS MOTHER FRANCES HOSPITAL,TX,Acute Care Hospitals,Voluntary non-profit - Private,true,false,4.0,4,,48
4494,450104,GUADALUPE REGIONAL MEDICAL CENTER,TX,Acute Care Hospitals,Government - Local,true,false,2.0,2,,48
4495,450107,LAS PALMAS MEDICAL CENTER A CAMPUS OF LPDS HEALTHC,TX,Acute Care Hospitals,Proprietary,true,false,2.0,2,,48
4496,450108,CONNALLY MEMORIAL MEDICAL CENTER,TX,Acute Care Hospitals,Government - Hospital District or Authority,true,false,3.0,3,,48
4497,450119,SOUTH TEXAS HEALTH SYSTEM,TX,Acute Care Hospitals,Proprietary,true,false,4.0,4,,48
4498,450124,DELL SETON  MED CENTER AT THE UNIVERSITY OF TX,TX,Acute Care Hospitals,Voluntary non-profit - Private,true,false,4.0,4,29,48
4499,450128,KNAPP MEDICAL CENTER,TX,Acute Care Hospitals,Voluntary non-profit - Private,true,false,5.0,5,,48
4500,450132,MEDICAL CENTER HOSPITAL,TX,Acute Care Hospitals,Government - Hospital District or Authority,true,false,3.0,3,,48
4501,450133,MIDLAND MEMORIAL HOSPITAL,TX,Acute Care Hospitals,Government - Hospital District or Authority,true,false,1.0,1,,48
4502,450135,TEXAS HEALTH HARRIS METHODIST FORT WORTH,TX,Acute Care Hospitals,Voluntary non-profit - Private,true,false,4.0,4,,48
4503,450137,BAYLOR SCOTT AND WHITE ALL SAINTS MEDICAL CENTER,TX,Acute Care Hospitals,Voluntary non-profit - Private,true,false,4.0,4,,48
4504,450144,PERMIAN REGIONAL MEDICAL CENTER ANDREWS COUNTY HO,TX,Acute Care Hospitals,Government - Hospital District or Authority,true,false,,Not Available,16,48
4505,450147,DE TAR HOSPITAL NAVARRO,TX,Acute Care Hospitals,Proprietary,true,false,2.0,2,,48
4506,450148,TEXAS HEALTH HARRIS METHODIST HOSPITAL CLEBURNE,TX,Acute Care Hospitals,Voluntary non-profit - Private,true,false,5.0,5,,48
4507,450152,ADVENTHEALTH CENTRAL TEXAS,TX,Acute Care Hospitals,Voluntary non-profit - Church,true,false,3.0,3,,48
4508,450154,VAL VERDE REGIONAL MEDICAL CENTER,TX,Acute Care Hospitals,Government - Hospital District or Authority,true,false,3.0,3,,48
4509,450155,HEREFORD REGIONAL MEDICAL CENTER,TX,Acute Care Hospitals,Government - Hospital District or Authority,true,false,,Not Available,16,48
4510,450162,GRACE SURGICAL HOSPITAL,TX,Acute Care Hospitals,Voluntary non-profit - Private,true,false,,Not Available,16,48
4511,450163,CHRISTUS SPOHN HOSPITAL KLEBERG,TX,Acute Care Hospitals,Voluntary non-profit - Private,true,false,2.0,2,,48
4512,450165,METHODIST HOSPITAL ATASCOSA,TX,Acute Care Hospitals,Proprietary,true,false,3.0,3,,48
4513,450176,MISSION REGIONAL MEDICAL CENTER,TX,Acute Care Hospitals,Voluntary non-profit - Private,true,false,4.0,4,,48
4514,450184,MEMORIAL HERMANN HOSPITAL SYSTEM,TX,Acute Care Hospitals,Voluntary non-profit - Private,true,false,3.0,3,,48
4515,450193,Baylor St Lukes Medical Center,TX,Acute Care Hospitals,Voluntary non-profit - Church,true,false,4.0,4,,48
4516,450194,UT HEALTH EAST TEXAS JACKSONVILLE HOSPITAL,TX,Acute Care Hospitals,Proprietary,true,false,,Not Available,16,48
4517,450196,PARIS REGIONAL MEDICAL CENTER,TX,Acute Care Hospitals,Proprietary,true,false,1.0,1,,48
4518,450200,WADLEY REGIONAL MEDICAL CENTER,TX,Acute Care Hospitals,Physician,true,false,,Not Available,16,48
4519,450203,MEDICAL CITY WEATHERFORD,TX,Acute Care Hospitals,Proprietary,true,false,2.0,2,,48
4520,450209,NORTHWEST TEXAS HOSPITAL,TX,Acute Care Hospitals,Voluntary non-profit - Private,true,false,3.0,3,,48
4521,450210,UT HEALTH EAST TEXAS CARTHAGE HOSPITAL,TX,Acute Care Hospitals,Proprietary,true,false,5.0,5,,48
4522,450211,CHI ST LUKES HEALTH MEMORIAL LUFKIN,TX,Acute Care Hospitals,Voluntary non-profit - Private,true,false,2.0,2,,48
4523,450213,UNIVERSITY HEALTH SYSTEM,TX,Acute Care Hospitals,Government - Hospital District or Authority,true,false,3.0,3,,48
4524,450222,HCA HOUSTON HEALTHCARE CONROE,TX,Acute Care Hospitals,Proprietary,true,false,2.0,2,,48
4525,450229,HENDRICK MEDICAL CENTER,TX,Acute Care Hospitals,Voluntary non-profit - Private,true,false,3.0,3,,48
4526,450231,BSA HOSPITAL,TX,Acute Care Hospitals,Proprietary,true,false,2.0,2,,48
4527,450235,MEMORIAL HOSPITAL,TX,Acute Care Hospitals,Government - Hospital District or Authority,true,false,,Not Available,16,48
4528,450236,CHRISTUS MOTHER FRANCES HOSPITAL SULPHUR SPRINGS,TX,Acute Care Hospitals,Voluntary non-profit - Private,true,false,4.0,4,,48
4529,450237,CHRISTUS SANTA ROSA MEDICAL CENTER,TX,Acute Care Hospitals,Voluntary non-profit - Private,true,false,3.0,3,,48
4530,450241,FAITH COMMUNITY HOSPITAL,TX,Acute Care Hospitals,Government - Hospital District or Authority,true,false,,Not Available,16,48
4531,450253,BELLVILLE MEDICAL CENTER,TX,Acute Care Hospitals,Government - Hospital District or Authority,true,false,,Not Available,16,48
4532,450272,CHRISTUS SANTA ROSA HOSPITAL-SAN MARCOS,TX,Acute Care Hospitals,Voluntary non-profit - Church,true,false,4.0,4,,48
4533,450289,HARRIS HEALTH,TX,Acute Care Hospitals,Government - Hospital District or Authority,true,false,3.0,3,,48
4534,450292,TEXAS HEALTH PRESBYTERIAN HOSPITAL KAUFMAN,TX,Acute Care Hospitals,Voluntary non-profit - Private,true,false,,Not Available,16,48
4535,450324,TEXOMA MEDICAL CENTER,TX,Acute Care Hospitals,Proprietary,true,false,4.0,4,,48
4536,450330,OAKBEND MEDICAL CENTER,TX,Acute Care Hospitals,Government - Hospital District or Authority,true,false,3.0,3,,48
4537,450346,BAPTIST BEAUMONT HOSPITAL,TX,Acute Care Hospitals,Voluntary non-profit - Private,true,false,3.0,3,,48
4538,450347,HUNTSVILLE MEMORIAL HOSPITAL,TX,Acute Care Hospitals,Voluntary non-profit - Private,true,false,2.0,2,,48
4539,450351,TEXAS HEALTH HARRIS METHODIST HOSPITAL STEPHENVILL,TX,Acute Care Hospitals,Voluntary non-profit - Private,true,false,4.0,4,,48
4540,450352,HUNT REGIONAL MEDICAL CENTER,TX,Acute Care Hospitals,Government - Hospital District or Authority,true,false,2.0,2,,48
4541,450358,HOUSTON METHODIST HOSPITAL,TX,Acute Care Hospitals,Voluntary non-profit - Private,true,false,5.0,5,,48
4542,450369,CHILDRESS REGIONAL MEDICAL CENTER,TX,Acute Care Hospitals,Government - Hospital District or Authority,true,false,,Not Available,16,48
4543,450370,COLUMBUS COMMUNITY HOSPITAL,TX,Acute Care Hospitals,Voluntary non-profit - Private,true,false,2.0,2,,48
4544,450372,BAYLOR SCOTT & WHITE MEDICAL CENTER- WAXAHACHIE,TX,Acute Care Hospitals,Voluntary non-profit - Private,true,false,4.0,4,,48
4545,450379,DALLAS MEDICAL CENTER,TX,Acute Care Hospitals,Proprietary,true,false,3.0,3,,48
4546,450388,METHODIST HOSPITAL,TX,Acute Care Hospitals,Proprietary,true,false,4.0,4,,48
4547,450389,UT HEALTH EAST TEXAS ATHENS HOSPITAL,TX,Acute Care Hospitals,Proprietary,true,false,2.0,2,,48
4548,450395,CHI ST LUKES HEALTH MEMORIAL LIVINGSTON,TX,Acute Care Hospitals,Voluntary non-profit - Private,true,false,4.0,4,,48
4549,450399,BROWNFIELD REGIONAL MEDICAL CENTER,TX,Acute Care Hospitals,Government - Hospital District or Authority,true,false,,Not Available,16,48
4550,450400,PARKVIEW REGIONAL HOSPITAL,TX,Acute Care Hospitals,Proprietary,true,false,,Not Available,16,48
4551,450403,MEDICAL CENTER OF MCKINNEY,TX,Acute Care Hospitals,Proprietary,true,false,3.0,3,,48
4552,450419,TEXAS HEALTH HARRIS METHODIST HOSPITAL AZLE,TX,Acute Care Hospitals,Voluntary non-profit - Private,true,false,4.0,4,,48
4553,450422,BAYLOR SCOTT AND WHITE MEDICAL CENTER UPTOWN,TX,Acute Care Hospitals,Proprietary,true,false,,Not Available,16,48
4554,450424,HOUSTON METHODIST BAYTOWN HOSPITAL,TX,Acute Care Hospitals,Voluntary non-profit - Private,true,false,5.0,5,,48
4555,450431,ST DAVID'S MEDICAL CENTER,TX,Acute Care Hospitals,Proprietary,true,false,4.0,4,,48
4556,450447,NAVARRO REGIONAL HOSPITAL,TX,Acute Care Hospitals,Government - Hospital District or Authority,true,false,2.0,2,,48
4557,450451,GLEN ROSE MEDICAL CENTER,TX,Acute Care Hospitals,Government - Hospital District or Authority,true,false,,Not Available,16,48
4558,450460,TYLER COUNTY HOSPITAL,TX,Acute Care Hospitals,Government - Hospital District or Authority,true,false,,Not Available,16,48
4559,450462,TEXAS HEALTH PRESBYTERIAN HOSPITAL DALLAS,TX,Acute Care Hospitals,Voluntary non-profit - Private,true,false,4.0,4,,48
4560,450465,MATAGORDA REGIONAL MEDICAL CENTER,TX,Acute Care Hospitals,Government - Hospital District or Authority,true,false,5.0,5,,48
4561,450469,WILSON N JONES REGIONAL MEDICAL CENTER,TX,Acute Care Hospitals,Proprietary,true,false,2.0,2,,48
4562,450475,UT HEALTH EAST TEXAS HENDERSON HOSPITAL,TX,Acute Care Hospitals,Proprietary,true,false,5.0,5,,48
4563,450484,WOODLAND HEIGHTS MEDICAL CENTER,TX,Acute Care Hospitals,Proprietary,true,false,3.0,3,,48
4564,450489,MEDICAL ARTS HOSPITAL,TX,Acute Care Hospitals,Government - Hospital District or Authority,true,false,,Not Available,16,48
4565,450508,NACOGDOCHES MEMORIAL HOSPITAL,TX,Acute Care Hospitals,Proprietary,true,false,2.0,2,,48
4566,450518,THE MEDICAL CENTER OF SOUTHEAST TEXAS,TX,Acute Care Hospitals,Physician,true,false,3.0,3,,48
4567,450537,METHODIST RICHARDSON MEDICAL CENTER,TX,Acute Care Hospitals,Voluntary non-profit - Private,true,false,4.0,4,,48
4568,450539,COVENANT HOSPITAL PLAINVIEW,TX,Acute Care Hospitals,Voluntary non-profit - Private,true,false,4.0,4,,48
4569,450563,BAYLOR SCOTT & WHITE MEDICAL CENTER  GRAPEVINE,TX,Acute Care Hospitals,Voluntary non-profit - Private,true,false,4.0,4,,48
4570,450565,PALO PINTO GENERAL HOSPITAL,TX,Acute Care Hospitals,Government - Hospital District or Authority,true,false,3.0,3,,48
4571,450571,SHANNON MEDICAL CENTER,TX,Acute Care Hospitals,Voluntary non-profit - Private,true,false,3.0,3,,48
4572,450573,CHRISTUS JASPER MEMORIAL HOSPITAL,TX,Acute Care Hospitals,Voluntary non-profit - Private,true,false,4.0,4,,48
4573,450584,WILBARGER GENERAL HOSPITAL,TX,Acute Care Hospitals,Government - Hospital District or Authority,true,false,,Not Available,16,48
4574,450587,HENDRICK MEDICAL CENTER BROWNWOOD,TX,Acute Care Hospitals,Voluntary non-profit - Private,true,false,1.0,1,,48
4575,450596,LAKE GRANBURY MEDICAL CENTER,TX,Acute Care Hospitals,Proprietary,true,false,3.0,3,,48
4576,450597,CUERO REGIONAL HOSPITAL,TX,Acute Care Hospitals,Government - Hospital District or Authority,true,false,4.0,4,,48
4577,450604,HILL COUNTRY MEMORIAL HOSPITAL,TX,Acute Care Hospitals,Proprietary,true,false,4.0,4,,48
4578,45060F,VA AMARILLO HEALTHCARE SYSTEM,TX,Acute Care - Veterans Administration,Veterans Health Administration,true,true,5.0,5,,48
4579,450610,MEMORIAL HERMANN MEMORIAL CITY HOSPITAL,TX,Acute Care Hospitals,Voluntary non-profit - Private,true,false,4.0,4,,48
4580,450617,HCA HOUSTON HEALTHCARE CLEAR LAKE,TX,Acute Care Hospitals,Proprietary,true,false,4.0,4,,48
4581,450634,MEDICAL CITY DENTON,TX,Acute Care Hospitals,Proprietary,true,false,4.0,4,,48
4582,450638,HCA HOUSTON HEALTHCARE NORTHWEST,TX,Acute Care Hospitals,Proprietary,true,false,2.0,2,,48
4583,450639,TEXAS HEALTH HARRIS METHODIST HURST-EULESS-BEDFORD,TX,Acute Care Hospitals,Voluntary non-profit - Private,true,false,4.0,4,,48
4584,450641,NOCONA GENERAL HOSPITAL,TX,Acute Care Hospitals,Government - Hospital District or Authority,true,false,1.0,1,,48
4585,450643,DOCTORS HOSPITAL OF LAREDO,TX,Acute Care Hospitals,Proprietary,true,false,4.0,4,,48
4586,450644,HCA HOUSTON HEALTHCARE WEST,TX,Acute Care Hospitals,Proprietary,true,false,1.0,1,,48
4587,450647,MEDICAL CITY DALLAS HOSPITAL,TX,Acute Care Hospitals,Proprietary,true,false,3.0,3,,48
4588,450651,MEDICAL CITY PLANO,TX,Acute Care Hospitals,Proprietary,true,false,3.0,3,,48
4589,450653,SCENIC MOUNTAIN MEDICAL CENTER,TX,Acute Care Hospitals,Proprietary,true,false,,Not Available,16,48
4590,450654,STARR COUNTY MEMORIAL HOSPITAL,TX,Acute Care Hospitals,Government - Hospital District or Authority,true,false,2.0,2,,48
4591,450656,NACOGDOCHES MEDICAL CENTER,TX,Acute Care Hospitals,Voluntary non-profit - Other,true,false,3.0,3,,48
4592,450658,FREESTONE MEDICAL CENTER,TX,Acute Care Hospitals,Government - Hospital District or Authority,true,false,,Not Available,16,48
4593,450659,HCA HOUSTON HEALTHCARE MEDICAL CENTER,TX,Acute Care Hospitals,Proprietary,true,false,4.0,4,,48
4594,450661,ODESSA REGIONAL MEDICAL CENTER,TX,Acute Care Hospitals,Proprietary,true,false,3.0,3,,48
4595,450662,VALLEY REGIONAL MEDICAL CENTER,TX,Acute Care Hospitals,Proprietary,true,false,2.0,2,,48
4596,450668,SIERRA MEDICAL CENTER,TX,Acute Care Hospitals,Proprietary,true,false,2.0,2,,48
4597,450669,MEDICAL CITY LEWISVILLE,TX,Acute Care Hospitals,Voluntary non-profit - Private,true,false,3.0,3,,48
4598,45066F,DALLAS VA MEDICAL CENTER (VA NORTH TEXAS HEALTHCARE SYSTEM),TX,Acute Care - Veterans Administration,Veterans Health Administration,true,true,3.0,3,,48
4599,450670,HCA HOUSTON HEALTHCARE TOMBALL,TX,Acute Care Hospitals,Proprietary,true,false,3.0,3,,48
4600,450672,MEDICAL CITY FORT WORTH,TX,Acute Care Hospitals,Proprietary,true,false,2.0,2,,48
4601,450674,"WOMANS HOSPITAL OF TEXAS,THE",TX,Acute Care Hospitals,Proprietary,true,false,4.0,4,,48
4602,450675,MEDICAL CITY ARLINGTON,TX,Acute Care Hospitals,Proprietary,true,false,2.0,2,,48
4603,450677,TEXAS HEALTH HUGULEY HOSPITAL FORT WORTH SOUTH,TX,Acute Care Hospitals,Voluntary non-profit - Private,true,false,3.0,3,,48
4604,450678,WHITE ROCK MEDICAL CENTER,TX,Acute Care Hospitals,Proprietary,true,false,2.0,2,,48
4605,450684,MEMORIAL HERMANN NORTHEAST HOSPITAL,TX,Acute Care Hospitals,Voluntary non-profit - Private,true,false,3.0,3,,48
4606,450686,UNIVERSITY MEDICAL CENTER,TX,Acute Care Hospitals,Government - Hospital District or Authority,true,false,2.0,2,,48
4607,450688,DALLAS REGIONAL MEDICAL CENTER,TX,Acute Care Hospitals,Proprietary,true,false,3.0,3,,48
4608,45068F,William Beaumont AMG (FT Bliss),TX,Acute Care - Department of Defense,Department of Defense,true,true,,Not Available,22,48
4609,450690,UNIVERSITY OF TEXAS HEALTH SCIENCE CENTER AT TYLER,TX,Acute Care Hospitals,Government - State,true,false,4.0,4,,48
4610,450694,EL CAMPO MEMORIAL HOSPITAL,TX,Acute Care Hospitals,Voluntary non-profit - Other,true,false,3.0,3,,48
4611,450698,LAMB HEALTHCARE CENTER,TX,Acute Care Hospitals,Government - Local,true,false,,Not Available,16,48
4612,45069F,Brooke Army Medical Center (FT Sam Houston),TX,Acute Care - Department of Defense,Department of Defense,true,true,,Not Available,22,48
4613,450702,LONGVIEW REGIONAL MEDICAL CENTER,TX,Acute Care Hospitals,Proprietary,true,false,3.0,3,,48
4614,450709,HOUSTON METHODIST CLEAR LAKE HOSPITAL,TX,Acute Care Hospitals,Voluntary non-profit - Private,true,false,5.0,5,,48
4615,45070F,Darnall AMC (FT Cavazos),TX,Acute Care - Department of Defense,Department of Defense,true,true,,Not Available,22,48
4616,450711,RIO GRANDE REGIONAL HOSPITAL,TX,Acute Care Hospitals,Proprietary,true,false,4.0,4,,48
4617,450713,ST DAVID'S SOUTH AUSTIN MEDICAL CENTER,TX,Acute Care Hospitals,Proprietary,true,false,3.0,3,,48
4618,450718,ROUND ROCK MEDICAL CENTER,TX,Acute Care Hospitals,Proprietary,true,false,3.0,3,,48
4619,450723,METHODIST CHARLTON MEDICAL CENTER,TX,Acute Care Hospitals,Voluntary non-profit - Private,true,false,3.0,3,,48
4620,450730,CARROLLTON REGIONAL MEDICAL CENTER,TX,Acute Care Hospitals,Proprietary,true,false,2.0,2,,48
4621,450742,BAYLOR SCOTT AND WHITE MEDICAL CENTER LAKE POINTE,TX,Acute Care Hospitals,Voluntary non-profit - Private,true,false,4.0,4,,48
4622,450743,TEXAS HEALTH PRESBYTERIAN HOSPITAL DENTON,TX,Acute Care Hospitals,Voluntary non-profit - Private,true,false,5.0,5,,48
4623,450747,PALESTINE REGIONAL MEDICAL CENTER,TX,Acute Care Hospitals,Proprietary,true,false,1.0,1,,48
4624,45074F,HOUSTON VA MEDICAL CENTER,TX,Acute Care - Veterans Administration,Veterans Health Administration,true,true,5.0,5,,48
4625,450755,COVENANT HOSPITAL LEVELLAND,TX,Acute Care Hospitals,Voluntary non-profit - Private,true,false,,Not Available,16,48
4626,450771,TEXAS HEALTH PRESBYTERIAN HOSPITAL PLANO,TX,Acute Care Hospitals,Voluntary non-profit - Private,true,false,4.0,4,,48
4627,450774,TOPS SURGICAL SPECIALTY HOSPITAL,TX,Acute Care Hospitals,Physician,true,false,,Not Available,16,48
4628,450775,HCA HOUSTON HEALTHCARE KINGWOOD,TX,Acute Care Hospitals,Proprietary,true,false,3.0,3,,48
4629,450779,TEXAS HEALTH HARRIS METHODIST HOSPITAL SOUTHWEST F,TX,Acute Care Hospitals,Voluntary non-profit - Private,true,false,5.0,5,,48
4630,450788,"CORPUS CHRISTI MEDICAL CENTER,THE",TX,Acute Care Hospitals,Voluntary non-profit - Other,true,false,4.0,4,,48
4631,450801,CHRISTUS ST MICHAEL HEALTH SYSTEM,TX,Acute Care Hospitals,Voluntary non-profit - Private,true,false,3.0,3,,48
4632,450804,TEXAS ORTHOPEDIC HOSPITAL,TX,Acute Care Hospitals,Voluntary non-profit - Other,true,false,,Not Available,16,48
4633,450808,NORTHWEST HILLS SURGICAL HOSPITAL,TX,Acute Care Hospitals,Voluntary non-profit - Private,true,false,,Not Available,16,48
4634,450809,NORTH AUSTIN MEDICAL CENTER,TX,Acute Care Hospitals,Proprietary,true,false,3.0,3,,48
4635,450820,HOUSTON METHODIST SUGARLAND HOSPITAL,TX,Acute Care Hospitals,Voluntary non-profit - Private,true,false,5.0,5,,48
4636,450822,MEDICAL CITY LAS COLINAS,TX,Acute Care Hospitals,Proprietary,true,false,4.0,4,,48
4637,450825,CORNERSTONE REGIONAL HOSPITAL,TX,Acute Care Hospitals,Proprietary,true,false,,Not Available,16,48
4638,450828,CHRISTUS SPOHN HOSPITAL ALICE,TX,Acute Care Hospitals,Voluntary non-profit - Private,true,false,3.0,3,,48
4639,450831,SURGERY SPECIALTY HOSPITALS OF AMERICA SE HOUSTON,TX,Acute Care Hospitals,Proprietary,true,false,,Not Available,16,48
4640,450833,ENNIS REGIONAL MEDICAL CENTER,TX,Acute Care Hospitals,Proprietary,true,false,,Not Available,16,48
4641,450834,"PHYSICIANS CENTRE,THE",TX,Acute Care Hospitals,Proprietary,true,false,,Not Available,16,48
4642,450840,TEXAS HEALTH PRESBYTERIAN HOSPITAL ALLEN,TX,Acute Care Hospitals,Voluntary non-profit - Private,true,false,4.0,4,,48
4643,450844,HOUSTON METHODIST WILLOWBROOK HOSPITAL,TX,Acute Care Hospitals,Voluntary non-profit - Private,true,false,5.0,5,,48
4644,450847,MEMORIAL HERMANN KATY HOSPITAL,TX,Acute Care Hospitals,Voluntary non-profit - Private,true,false,3.0,3,,48
4645,450848,MEMORIAL HERMANN SUGAR LAND HOSPITAL,TX,Acute Care Hospitals,Voluntary non-profit - Private,true,false,4.0,4,,48
4646,450851,BAYLOR SCOTT & WHITE HEART & VASCULAR HOSPITAL - DALLAS,TX,Acute Care Hospitals,Proprietary,true,false,5.0,5,,48
4647,450853,BAYLOR SCOTT & WHITE MEDICAL CENTER - FRISCO,TX,Acute Care Hospitals,Proprietary,true,false,3.0,3,,48
4648,450855,HARLINGEN MEDICAL CENTER,TX,Acute Care Hospitals,Proprietary,true,false,4.0,4,,48
4649,450856,SOUTH TEXAS SPINE AND SURGICAL HOSPITAL,TX,Acute Care Hospitals,Physician,true,false,,Not Available,16,48
4650,450860,SUGAR LAND SURGICAL HOSPITAL LLP,TX,Acute Care Hospitals,Physician,true,false,,Not Available,16,48
4651,450862,ST LUKE'S THE WOODLANDS HOSPITAL,TX,Acute Care Hospitals,Voluntary non-profit - Private,true,false,3.0,3,,48
4652,450864,BAYLOR SCOTT & WHITE TEXAS SPINE & JOINT HOSPITAL,TX,Acute Care Hospitals,Physician,true,false,5.0,5,,48
4653,450865,ASCENSION SETON  SOUTHWEST,TX,Acute Care Hospitals,Voluntary non-profit - Private,true,false,,Not Available,16,48
4654,450867,ASCENSION SETON NORTHWEST,TX,Acute Care Hospitals,Voluntary non-profit - Private,true,false,4.0,4,29,48
4655,450869,DOCTORS HOSPTAL AT RENAISSANCE,TX,Acute Care Hospitals,Physician,true,false,3.0,3,,48
4656,45086F,TEMPLE VA MEDICAL CENTER (VA CENTRAL TEXAS HEALTHCARE SYSTEM),TX,Acute Care - Veterans Administration,Veterans Health Administration,true,true,4.0,4,,48
4657,450872,USMD HOSPITAL AT ARLINGTON L P,TX,Acute Care Hospitals,Physician,true,false,,Not Available,16,48
4658,450874,BAYLOR SURGICAL HOSPITAL AT LAS COLINAS,TX,Acute Care Hospitals,Proprietary,true,false,,Not Available,16,48
4659,450875,QUAIL CREEK SURGICAL HOSPITAL,TX,Acute Care Hospitals,Proprietary,true,false,,Not Available,16,48
4660,450876,LUBBOCK HEART HOSPITAL LP,TX,Acute Care Hospitals,Government - Hospital District or Authority,true,false,2.0,2,,48
4661,450880,BAYLOR SCOTT AND WHITE SURGICAL HOSPITAL FORTWORTH,TX,Acute Care Hospitals,Physician,true,false,,Not Available,16,48
4662,450883,BAYLOR MEDICAL CENTER AT TROPHY CLUB,TX,Acute Care Hospitals,Proprietary,true,false,,Not Available,16,48
4663,450885,BAYLOR SCOTT &  WHITE MEDICAL CENTER - CENTENNIAL,TX,Acute Care Hospitals,Voluntary non-profit - Private,true,false,5.0,5,,48
4664,450888,TEXAS HEALTH HARRIS METHODIST HOSPITAL SOUTHLAKE,TX,Acute Care Hospitals,Proprietary,true,false,,Not Available,16,48
4665,450889,TEXAS INSTITUTE FOR SURGERY AT PRESBYTERIAN HOSPIT,TX,Acute Care Hospitals,Physician,true,false,,Not Available,16,48
4666,450890,BAYLOR SCOTT & WHITE MEDICAL CENTER PLANO,TX,Acute Care Hospitals,Voluntary non-profit - Other,true,false,4.0,4,,48
4667,450891,TEXAS HEALTH CENTER FOR DIAGNOSTICS & SURGERY PLAN,TX,Acute Care Hospitals,Physician,true,false,,Not Available,16,48
4668,450893,THE HEART HOSPITAL BAYLOR DENTON,TX,Acute Care Hospitals,Physician,true,false,5.0,5,,48
4669,450895,BAYLOR SCOTT WHITE THE HEART HOSPITAL CORINTH,TX,Acute Care Hospitals,Proprietary,true,false,,Not Available,5,48
4670,45090F,SAN ANTONIO VA MEDICAL CENTER (VA SOUTH TEXAS HEALTHCARE SYSTEM),TX,Acute Care - Veterans Administration,Veterans Health Administration,true,true,5.0,5,,48
4671,451300,PARMER COUNTY COMMUNITY HOSPITAL,TX,Critical Access Hospitals,Voluntary non-profit - Private,true,false,,Not Available,16,48
4672,451301,REAGAN MEMORIAL HOSPITAL,TX,Critical Access Hospitals,Government - Hospital District or Authority,true,false,,Not Available,16,48
4673,451303,LIMESTONE MEDICAL CENTER,TX,Critical Access Hospitals,Government - Hospital District or Authority,true,false,,Not Available,16,48
4674,451304,SCHLEICHER COUNTY MEDICAL CENTER,TX,Critical Access Hospitals,Proprietary,true,false,,Not Available,16,48
4675,451305,BURLESON ST JOSEPH HEALTH CENTER,TX,Critical Access Hospitals,Voluntary non-profit - Private,true,false,,Not Available,16,48
4676,451306,KIMBLE HOSPITAL,TX,Critical Access Hospitals,Proprietary,true,false,,Not Available,16,48
4677,451307,IRAAN GENERAL HOSPITAL,TX,Critical Access Hospitals,Government - Hospital District or Authority,true,false,,Not Available,16,48
4678,451308,YOAKUM COUNTY HOSPITAL,TX,Critical Access Hospitals,Voluntary non-profit - Other,true,false,,Not Available,16,48
4679,451309,MC CAMEY HOSPITAL,TX,Critical Access Hospitals,Government - Hospital District or Authority,true,false,,Not Available,16,48
4680,451310,BALLINGER MEMORIAL HOSPITAL,TX,Critical Access Hospitals,Government - Hospital District or Authority,true,false,,Not Available,16,48
4681,451311,SWEENY COMMUNITY HOSPITAL,TX,Critical Access Hospitals,Government - Hospital District or Authority,true,false,,Not Available,16,48
4682,451312,RICE MEDICAL CENTER,TX,Critical Access Hospitals,Proprietary,true,false,,Not Available,16,48
4683,451313,FISHER COUNTY HOSPITAL DISTRICT,TX,Critical Access Hospitals,Government - Hospital District or Authority,true,false,,Not Available,16,48
4684,451314,WINKLER COUNTY MEMORIAL HOSPITAL,TX,Critical Access Hospitals,Government - Hospital District or Authority,true,false,,Not Available,16,48
4685,451315,NORTH RUNNELS HOSPITAL,TX,Critical Access Hospitals,Government - Hospital District or Authority,true,false,,Not Available,16,48
4686,451316,MADISON ST JOSEPH HEALTH CENTER,TX,Critical Access Hospitals,Voluntary non-profit - Private,true,false,,Not Available,16,48
4687,451317,REFUGIO COUNTY MEMORIAL HOSPITAL,TX,Critical Access Hospitals,Government - Hospital District or Authority,true,false,,Not Available,16,48
4688,451318,STONEWALL MEMORIAL HOSPITAL DISTRICT,TX,Critical Access Hospitals,Government - Hospital District or Authority,true,false,,Not Available,16,48
4689,451319,CHRISTUS MOTHER FRANCES HOSPITAL- JACKSONVILLE,TX,Critical Access Hospitals,Voluntary non-profit - Private,true,false,,Not Available,16,48
4690,451320,BAYSIDE COMMUNITY HOSPITAL,TX,Critical Access Hospitals,Voluntary non-profit - Other,true,false,,Not Available,16,48
4691,451322,GRIMES ST JOSEPH HEALTH CENTER,TX,Critical Access Hospitals,Voluntary non-profit - Private,true,false,,Not Available,16,48
4692,451323,ADVENTHEALTH ROLLINS BROOK,TX,Critical Access Hospitals,Voluntary non-profit - Church,true,false,4.0,4,,48
4693,451324,LILLIAN M HUDSPETH MEMORIAL HOSPITAL,TX,Critical Access Hospitals,Government - Hospital District or Authority,true,false,,Not Available,16,48
4694,451325,CONCHO COUNTY HOSPITAL,TX,Critical Access Hospitals,Government - Local,true,false,,Not Available,16,48
4695,451328,RICELAND MEDICAL CENTER,TX,Critical Access Hospitals,Proprietary,true,false,,Not Available,16,48
4696,451329,RANKIN HOSPITAL MEDICAL CLINIC,TX,Critical Access Hospitals,Government - Hospital District or Authority,true,false,,Not Available,16,48
4697,451330,MEDINA REGIONAL HOSPITAL,TX,Critical Access Hospitals,Government - Hospital District or Authority,true,false,,Not Available,16,48
4698,451331,COON MEMORIAL HOSPITAL,TX,Critical Access Hospitals,Government - Hospital District or Authority,true,false,,Not Available,16,48
4699,451332,PALACIOS COMMUNITY MEDICAL CENTER,TX,Critical Access Hospitals,Voluntary non-profit - Private,true,false,,Not Available,16,48
4700,451333,MARTIN COUNTY HOSPITAL DISTRICT,TX,Critical Access Hospitals,Government - Hospital District or Authority,true,false,,Not Available,16,48
4701,451334,PARKVIEW HOSPITAL,TX,Critical Access Hospitals,Government - Hospital District or Authority,true,false,,Not Available,16,48
4702,451335,MUENSTER MEMORIAL HOSPITAL,TX,Critical Access Hospitals,Government - Hospital District or Authority,true,false,,Not Available,5,48
4703,451337,W J MANGOLD MEMORIAL HOSPITAL,TX,Critical Access Hospitals,Physician,true,false,,Not Available,16,48
4704,451338,CULBERSON HOSPITAL,TX,Critical Access Hospitals,Voluntary non-profit - Other,true,false,,Not Available,16,48
4705,451339,THROCKMORTON COUNTY MEMORIAL HOSPITAL,TX,Critical Access Hospitals,Government - Local,true,false,,Not Available,19,48
4706,451340,SHAMROCK GENERAL HOSPITAL,TX,Critical Access Hospitals,Proprietary,true,false,,Not Available,16,48
4707,451341,HASKELL MEMORIAL HOSPITAL,TX,Critical Access Hospitals,Government - Hospital District or Authority,true,false,,Not Available,16,48
4708,451342,MITCHELL COUNTY HOSPITAL DISTRICT,TX,Critical Access Hospitals,Government - Hospital District or Authority,true,false,,Not Available,16,48
4709,451343,ELECTRA MEMORIAL HOSPITAL,TX,Critical Access Hospitals,Government - Hospital District or Authority,true,false,,Not Available,16,48
4710,451344,HANSFORD COUNTY HOSPITAL,TX,Critical Access Hospitals,Government - Hospital District or Authority,true,false,,Not Available,16,48
4711,451346,YOAKUM COMMUNITY HOSPITAL,TX,Critical Access Hospitals,Voluntary non-profit - Private,true,false,3.0,3,,48
4712,451347,COLEMAN COUNTY MEDICAL CENTER COMPANY,TX,Critical Access Hospitals,Proprietary,true,false,,Not Available,16,48
4713,451348,HEART OF TEXAS MEMORIAL HOSPITAL,TX,Critical Access Hospitals,Voluntary non-profit - Private,true,false,,Not Available,19,48
4714,451349,SWISHER MEMORIAL HOSPITAL,TX,Critical Access Hospitals,Voluntary non-profit - Private,true,false,,Not Available,16,48
4715,451350,PLAINS MEMORIAL HOSPITAL,TX,Critical Access Hospitals,Government - Local,true,false,,Not Available,16,48
4716,451351,LYNN COUNTY HOSPITAL DISTRICT,TX,Critical Access Hospitals,Government - Hospital District or Authority,true,false,,Not Available,16,48
4717,451352,HARDEMAN COUNTY MEMORIAL HOSPITAL,TX,Critical Access Hospitals,Government - Hospital District or Authority,true,false,,Not Available,16,48
4718,451353,CRANE COUNTY HOSPITAL DISTRICT,TX,Critical Access Hospitals,Government - Hospital District or Authority,true,false,,Not Available,16,48
4719,451354,HAMILTON HOSPITAL,TX,Critical Access Hospitals,Government - Hospital District or Authority,true,false,,Not Available,16,48
4720,451355,COLLINGSWORTH GENERAL HOSPITAL,TX,Critical Access Hospitals,Proprietary,true,false,,Not Available,16,48
4721,451356,MEMORIAL MEDICAL CENTER,TX,Critical Access Hospitals,Government - Local,true,false,4.0,4,,48
4722,451358,MEMORIAL HOSPITAL,TX,Critical Access Hospitals,Government - Hospital District or Authority,true,false,,Not Available,19,48
4723,451359,OCHILTREE GENERAL HOSPITAL,TX,Critical Access Hospitals,Government - Hospital District or Authority,true,false,,Not Available,16,48
4724,451361,SABINE COUNTY HOSPITAL,TX,Critical Access Hospitals,Proprietary,true,false,,Not Available,16,48
4725,451362,CLAY COUNTY MEMORIAL HOSPITAL,TX,Critical Access Hospitals,Government - Local,true,false,,Not Available,16,48
4726,451363,JACKSON HEALTHCARE CENTER,TX,Critical Access Hospitals,Government - Hospital District or Authority,true,false,,Not Available,16,48
4727,451364,OTTO KAISER MEMORIAL HOSPITAL,TX,Critical Access Hospitals,Government - Hospital District or Authority,true,false,,Not Available,16,48
4728,451365,ASCENSION SETON HIGHLAND LAKES,TX,Critical Access Hospitals,Voluntary non-profit - Private,true,false,5.0,5,,48
4729,451366,COCHRAN MEMORIAL HOSPITAL,TX,Critical Access Hospitals,Government - Local,true,false,,Not Available,16,48
4730,451367,UT HEALTH EAST TEXAS PITTSBURG HOSPITAL,TX,Critical Access Hospitals,Proprietary,true,false,3.0,3,,48
4731,451369,GOLDEN PLAINS COMMUNITY HOSPITAL,TX,Critical Access Hospitals,Proprietary,true,false,,Not Available,16,48
4732,451370,TMC- BONHAM HOSPITAL,TX,Critical Access Hospitals,Government - Hospital District or Authority,true,false,,Not Available,16,48
4733,451371,ASCENSION SETON EDGAR B DAVIS,TX,Critical Access Hospitals,Voluntary non-profit - Private,true,false,,Not Available,16,48
4734,451372,MULESHOE AREA MEDICAL CENTER,TX,Critical Access Hospitals,Proprietary,true,false,,Not Available,16,48
4735,451373,WARD MEMORIAL HOSPITAL,TX,Critical Access Hospitals,Government - Local,true,false,,Not Available,16,48
4736,451374,BAYLOR SCOTT & WHITE MEDICAL CENTER -TAYLOR,TX,Critical Access Hospitals,Voluntary non-profit - Private,true,false,,Not Available,16,48
4737,451375,LIBERTY DAYTON REGIONAL MEDICAL CENTER,TX,Critical Access Hospitals,Government - Hospital District or Authority,true,false,,Not Available,16,48
4738,451376,LAVACA MEDICAL CENTER,TX,Critical Access Hospitals,Government - Hospital District or Authority,true,false,4.0,4,,48
4739,451377,REEVES REGIONAL HEALTH,TX,Critical Access Hospitals,Government - Hospital District or Authority,true,false,2.0,2,,48
4740,451378,BIG BEND REGIONAL MEDICAL CENTER,TX,Critical Access Hospitals,Proprietary,true,false,,Not Available,16,48
4741,451379,CORYELL MEMORIAL HOSPITAL,TX,Critical Access Hospitals,Government - Hospital District or Authority,true,false,,Not Available,16,48
4742,451380,UT HEALTH EAST TEXAS QUITMAN HOSPITAL,TX,Critical Access Hospitals,Voluntary non-profit - Other,true,false,4.0,4,,48
4743,451381,CHRISTUS MOTHER FRANCES HOSPITAL- WINNSBORO,TX,Critical Access Hospitals,Voluntary non-profit - Private,true,false,,Not Available,16,48
4744,451382,COMANCHE COUNTY MEDICAL CENTER,TX,Critical Access Hospitals,Voluntary non-profit - Private,true,false,3.0,3,,48
4745,451384,COGDELL MEMORIAL HOSPITAL,TX,Critical Access Hospitals,Government - Hospital District or Authority,true,false,,Not Available,16,48
4746,451385,GOODALL WITCHER HOSPITAL,TX,Critical Access Hospitals,Government - Hospital District or Authority,true,false,,Not Available,16,48
4747,451386,MEMORIAL HOSPITAL,TX,Critical Access Hospitals,Government - Hospital District or Authority,true,false,,Not Available,16,48
4748,451387,UVALDE MEMORIAL HOSPITAL,TX,Critical Access Hospitals,Government - Hospital District or Authority,true,false,3.0,3,,48
4749,451389,PECOS COUNTY MEMORIAL HOSPITAL,TX,Critical Access Hospitals,Government - Local,true,false,,Not Available,16,48
4750,451390,DIMMIT REGIONAL HOSPITAL,TX,Critical Access Hospitals,Voluntary non-profit - Private,true,false,,Not Available,16,48
4751,451391,FRIO REGIONAL HOSPITAL,TX,Critical Access Hospitals,Voluntary non-profit - Private,true,false,,Not Available,16,48
4752,451392,HAMILTON GENERAL HOSPITAL,TX,Critical Access Hospitals,Government - Hospital District or Authority,true,false,,Not Available,16,48
4753,451393,CROCKETT MEDICAL CENTER,TX,Critical Access Hospitals,Physician,true,false,,Not Available,16,48
4754,451394,KNOX COUNTY HOSPITAL,TX,Critical Access Hospitals,Government - Local,true,false,,Not Available,16,48
4755,451395,HILL REGIONAL HOSPITAL,TX,Critical Access Hospitals,Voluntary non-profit - Private,true,false,1.0,1,,48
4756,451396,MID COAST MEDICAL CENTER - CENTRAL,TX,Critical Access Hospitals,Physician,true,false,,Not Available,16,48
4757,451398,PAMPA REGIONAL MEDICAL CENTER,TX,Critical Access Hospitals,Voluntary non-profit - Private,true,false,,Not Available,16,48
4758,451399,SEYMOUR HOSPITAL,TX,Critical Access Hospitals,Government - Hospital District or Authority,true,false,,Not Available,16,48
4759,452114,ATRIUM MEDICAL CENTER,TX,Long-term,Physician,true,false,,Not Available,19,48
4760,453300,COOK CHILDRENS MEDICAL CENTER,TX,Childrens,Voluntary non-profit - Private,true,false,,Not Available,19,48
4761,453301,DRISCOLL CHILDRENS HOSPITAL,TX,Childrens,Voluntary non-profit - Private,true,false,,Not Available,19,48
4762,453302,CHILDRENS MEDICAL CTR OF DALLAS,TX,Childrens,Voluntary non-profit - Private,true,false,,Not Available,19,48
4763,453304,TEXAS CHILDRENS HOSPITAL,TX,Childrens,Voluntary non-profit - Private,true,false,,Not Available,19,48
4764,453306,COVENANT CHILDRENS HOSPITAL,TX,Childrens,Voluntary non-profit - Private,true,false,,Not Available,19,48
4765,453309,HEALTHBRIDGE CHILDRENS'S HOSPITAL OF HOUSTON,TX,Childrens,Voluntary non-profit - Private,true,false,,Not Available,19,48
4766,453310,DELL CHILDREN'S MEDICAL CENTER,TX,Childrens,Voluntary non-profit - Private,true,false,,Not Available,19,48
4767,453311,SHRINERS HOSPITALS FOR CHILDREN,TX,Childrens,Voluntary non-profit - Private,true,false,,Not Available,19,48
4768,453313,EL PASO CHILDREN'S HOSPITAL,TX,Childrens,Voluntary non-profit - Private,true,false,,Not Available,19,48
4769,453314,TEXAS SCOTTISH RITE HOSPITAL FOR CHILDREN,TX,Childrens,Voluntary non-profit - Private,true,false,,Not Available,19,48
4770,453315,CHILDREN'S HOSPITAL OF SAN ANTONIO,TX,Childrens,Voluntary non-profit - Church,true,false,,Not Available,19,48
4771,453316,CHILDRENS MEDICAL CENTER PLANO,TX,Childrens,Voluntary non-profit - Private,true,false,,Not Available,19,48
4772,453317,COOK CHILDRENS MEDICAL CENTER PROSPER,TX,Childrens,Voluntary non-profit - Private,true,false,,Not Available,19,48
4773,453318,NEXUS CHILDRENS HOSPITAL DALLAS,TX,Childrens,Proprietary,true,false,,Not Available,19,48
4774,453319,TEXAS CHILDRENS HOSPITAL NORTH AUSTIN CAMPUS,TX,Childrens,Voluntary non-profit - Private,true,false,,Not Available,19,48
4775,453321,DRISCOLL CHILDREN'S HOSPITAL RIO GRANDE VALLEY,TX,Childrens,Voluntary non-profit - Private,true,false,,Not Available,19,48
4776,454000,BIG SPRING STATE HOSPITAL,TX,Psychiatric,Government - State,true,false,,Not Available,19,48
4777,454006,TERRELL STATE HOSPITAL,TX,Psychiatric,Government - State,true,false,,Not Available,19,48
4778,454008,NORTH TEXAS STATE HOSPITAL,TX,Psychiatric,Government - State,true,false,,Not Available,19,48
4779,454009,RUSK STATE HOSP,TX,Psychiatric,Government - State,true,false,,Not Available,19,48
4780,454011,SAN ANTONIO STATE HOSP  STATE SCHOOL,TX,Psychiatric,Government - State,true,false,,Not Available,19,48
4781,454012,MILLWOOD HOSPITAL,TX,Psychiatric,Proprietary,true,false,,Not Available,19,48
4782,454018,RED RIVER HOSPITAL,TX,Psychiatric,Proprietary,true,false,,Not Available,19,48
4783,454026,WEST OAKS HOSPITAL,TX,Psychiatric,Proprietary,true,false,,Not Available,19,48
4784,454050,GLEN OAKS HOSPITAL,TX,Psychiatric,Proprietary,true,false,,Not Available,19,48
4785,454060,LAUREL RIDGE TREATMENT CENTER,TX,Psychiatric,Proprietary,true,false,,Not Available,19,48
4786,454065,HICKORY TRAIL HOSPITAL,TX,Psychiatric,Proprietary,true,false,,Not Available,19,48
4787,454076,HARRIS COUNTY PSYCHIATRIC CENTER,TX,Psychiatric,Government - State,true,false,,Not Available,19,48
4788,454079,MEDICAL CITY MENTAL HEALTH AND WELLNESS CENTER,TX,Psychiatric,Proprietary,true,false,,Not Available,19,48
4789,454084,AUSTIN STATE HOSPITAL,TX,Psychiatric,Government - State,true,false,,Not Available,19,48
4790,454088,RIO GRANDE STATE CENTER,TX,Psychiatric,Government - State,true,false,,Not Available,19,48
4791,454093,STARCARE SPECIALTY HEALTH /SUNRISE CANYON HOSPITAL,TX,Psychiatric,Voluntary non-profit - Other,true,false,,Not Available,19,48
4792,454094,MEDICAL CITY GREEN OAKS HOSPITAL,TX,Psychiatric,Voluntary non-profit - Other,true,false,,Not Available,19,48
4793,454100,EL PASO PSYCHIATRIC CENTER,TX,Psychiatric,Government - State,true,false,,Not Available,19,48
4794,454101,ALLEGIANCE BEHAVIORAL HEALTH CENTER OF PLAINVIEW,TX,Psychiatric,Proprietary,true,false,,Not Available,19,48
4795,454103,KINGWOOD PINES HOSPITAL,TX,Psychiatric,Proprietary,true,false,,Not Available,19,48
4796,454104,UNIVERSITY BEHAVIORAL HEALTH OF DENTON,TX,Psychiatric,Government - State,true,false,,Not Available,19,48
4797,454107,BEHAVIORAL HOSPITAL OF BELLAIRE,TX,Psychiatric,Proprietary,true,false,,Not Available,19,48
4798,454108,CYPRESS CREEK HOSPITAL,TX,Psychiatric,Proprietary,true,false,,Not Available,19,48
4799,454109,EL PASO BEHAVIORAL HEALTH SYSTEM,TX,Psychiatric,Proprietary,true,false,,Not Available,19,48
4800,454110,OCEANS BEHAVIORAL  HOSPITAL OF PERMIAN BASIN,TX,Psychiatric,Proprietary,true,false,,Not Available,19,48
4801,454114,CEDAR CREST HOSPITAL & RTC,TX,Psychiatric,Proprietary,true,false,,Not Available,19,48
4802,454117,OCEANS BEHAVIORAL HOSPITAL OF LONGVIEW,TX,Psychiatric,Proprietary,true,false,,Not Available,19,48
4803,454118,LONE STAR BEHAVIORAL HEALTH CYPRESS,TX,Psychiatric,Proprietary,true,false,,Not Available,19,48
4804,454119,CARROLLTON SPRINGS,TX,Psychiatric,Proprietary,true,false,,Not Available,19,48
4805,454121,AUSTIN OAKS HOSPITAL,TX,Psychiatric,Proprietary,true,false,,Not Available,19,48
4806,454122,OCEANS BEHAVIORAL HOSPITAL OF ABILENE,TX,Psychiatric,Proprietary,true,false,,Not Available,19,48
4807,454123,OCEANS BEHAVIORAL HOSPITAL OF LUFKIN LLC,TX,Psychiatric,Proprietary,true,false,,Not Available,19,48
4808,454124,MESA SPRINGS,TX,Psychiatric,Proprietary,true,false,,Not Available,19,48
4809,454126,DALLAS BEHAVIORAL HEALTHCARE HOSPITAL LLC,TX,Psychiatric,Voluntary non-profit - Other,true,false,,Not Available,19,48
4810,454127,ROCK SPRINGS,TX,Psychiatric,Proprietary,true,false,,Not Available,19,48
4811,454128,WELLBRIDGE HEALTHCARE FORT WORTH,TX,Psychiatric,Proprietary,true,false,,Not Available,19,48
4812,454129,GEORGETOWN BEHAVIORAL HEALTH INSTITUTE,TX,Psychiatric,Proprietary,true,false,,Not Available,19,48
4813,454131,WESTPARK SPRINGS LLC,TX,Psychiatric,Proprietary,true,false,,Not Available,19,48
4814,454132,SAN ANTONIO BEHAVIORAL HEALTHCARE HOSPITAL,TX,Psychiatric,Proprietary,true,false,,Not Available,19,48
4815,454133,CROSS CREEK HOSPITAL,TX,Psychiatric,Proprietary,true,false,,Not Available,19,48
4816,454135,HOUSTON BEHAVIORAL HEALTHCARE HOSPITAL LLC,TX,Psychiatric,Proprietary,true,false,,Not Available,19,48
4817,454136,OCEANS BEHAVIORAL HOSPITAL OF KATY,TX,Psychiatric,Proprietary,true,false,,Not Available,19,48
4818,454139,SUN BEHAVIORAL HOUSTON,TX,Psychiatric,Proprietary,true,false,,Not Available,19,48
4819,454141,PALMS BEHAVIORAL HEALTH,TX,Psychiatric,Proprietary,true,false,,Not Available,19,48
4820,454144,WOODLAND SPRINGS,TX,Psychiatric,Proprietary,true,false,,Not Available,19,48
4821,454146,RIO VISTA BEHAVIORAL HEALTH,TX,Psychiatric,Proprietary,true,false,,Not Available,19,48
4822,454147,OCEANS BEHAVIORAL HOSPITAL OF PASADENA,TX,Psychiatric,Proprietary,true,false,,Not Available,19,48
4823,454148,PERIMETER BEHAVIORAL HOSPITAL OF ARLINGTON,TX,Psychiatric,Proprietary,true,false,,Not Available,19,48
4824,454149,PERIMETER BEHAVIORAL HOSPITAL OF DALLAS,TX,Psychiatric,Proprietary,true,false,,Not Available,19,48
4825,454150,OCEANS BEHAVIORAL HOSPITAL OF WACO,TX,Psychiatric,Proprietary,true,false,,Not Available,19,48
4826,454151,"MEDICAL BEHAVIORAL HOSPITAL OF CLEAR LAKE, LLC",TX,Psychiatric,Proprietary,true,false,,Not Available,19,48
4827,454152,CANYON CREEK BEHAVIORAL HEALTH,TX,Psychiatric,Proprietary,true,false,,Not Available,19,48
4828,454153,CARRUS BEHAVIORAL HOSPITAL,TX,Psychiatric,Proprietary,true,false,,Not Available,19,48
4829,454154,OCEANS BEHAVIORAL HOSPITAL OF AMARILLO,TX,Psychiatric,Proprietary,true,false,,Not Available,19,48
4830,454155,OCEANS BEHAVIORAL HOSPITAL OF CORPUS CHRISTI,TX,Psychiatric,Proprietary,true,false,,Not Available,19,48
4831,454156,VOYAGES BEHAVIORAL HEALTH OF SUGAR LAND,TX,Psychiatric,Proprietary,true,false,,Not Available,19,48
4832,454157,OCEANS BEHAVIORAL HOSPITAL OF LUBBOCK,TX,Psychiatric,Proprietary,true,false,,Not Available,19,48
4833,454158,VOYAGES BEHAVIORAL HEALTH OF CONROE,TX,Psychiatric,Proprietary,true,false,,Not Available,19,48
4834,454159,CEDAR HILLS BEHAVIORAL,TX,Psychiatric,Voluntary non-profit - Other,true,false,,Not Available,19,48
4835,454161,MEDICAL CITY MENTAL HEALTH AND WELLNESS CENTER,TX,Psychiatric,Proprietary,true,false,,Not Available,19,48
4836,460001,INTERMOUNTAIN HEALTH UTAH VALLEY HOSPITAL,UT,Acute Care Hospitals,Voluntary non-profit - Private,true,false,5.0,5,,49
4837,460003,HOLY CROSS HOSPITAL - SALT LAKE,UT,Acute Care Hospitals,Proprietary,true,false,3.0,3,,49
4838,460004,INTERMOUNTAIN HEALTH MCKAY-DEE HOSPITAL,UT,Acute Care Hospitals,Voluntary non-profit - Private,true,false,5.0,5,,49
4839,460005,OGDEN REGIONAL MEDICAL CENTER,UT,Acute Care Hospitals,Proprietary,true,false,3.0,3,,49
4840,460006,LDS HOSPITAL,UT,Acute Care Hospitals,Voluntary non-profit - Private,true,false,5.0,5,,49
4841,460007,INTERMOUNTAIN HEALTH CEDAR CITY HOSPITAL,UT,Acute Care Hospitals,Voluntary non-profit - Private,true,false,3.0,3,,49
4842,460009,UNIVERSITY OF UTAH HOSPITAL AND CLINICS,UT,Acute Care Hospitals,Government - State,true,false,5.0,5,,49
4843,460010,INTERMOUNTAIN MEDICAL CENTER,UT,Acute Care Hospitals,Voluntary non-profit - Private,true,false,5.0,5,,49
4844,460011,CASTLEVIEW HOSPITAL,UT,Acute Care Hospitals,Proprietary,true,false,2.0,2,,49
4845,460013,MOUNTAIN VIEW HOSPITAL,UT,Acute Care Hospitals,Proprietary,true,false,5.0,5,,49
4846,460014,MOUNTAIN WEST MEDICAL CENTER,UT,Acute Care Hospitals,Proprietary,true,false,4.0,4,,49
4847,460015,INTERMOUNTAIN HEALTH LOGAN REGIONAL HOSPITAL,UT,Acute Care Hospitals,Voluntary non-profit - Private,true,false,5.0,5,,49
4848,460017,BRIGHAM CITY COMMUNITY HOSPITAL,UT,Acute Care Hospitals,Proprietary,true,false,,Not Available,16,49
4849,460019,UINTAH BASIN MEDICAL CENTER,UT,Acute Care Hospitals,Voluntary non-profit - Other,true,false,2.0,2,,49
4850,460021,ST. GEORGE REGIONAL HOSPITAL,UT,Acute Care Hospitals,Voluntary non-profit - Private,true,false,5.0,5,,49
4851,460023,AMERICAN FORK HOSPITAL,UT,Acute Care Hospitals,Voluntary non-profit - Private,true,false,4.0,4,,49
4852,460026,INTERMOUNTAIN HEALTH SEVIER VALLEY HOSPITAL,UT,Acute Care Hospitals,Voluntary non-profit - Private,true,false,4.0,4,,49
4853,46002F,VA SALT LAKE CITY HEALTHCARE - GEORGE E. WAHLEN VA MEDICAL CENTER,UT,Acute Care - Veterans Administration,Veterans Health Administration,true,true,4.0,4,,49
4854,460030,ASHLEY REGIONAL MEDICAL CENTER,UT,Acute Care Hospitals,Proprietary,true,false,4.0,4,,49
4855,460039,BEAR RIVER VALLEY HOSPITAL,UT,Acute Care Hospitals,Voluntary non-profit - Private,true,false,,Not Available,16,49
4856,460041,HOLY CROSS HOSPITAL-DAVIS,UT,Acute Care Hospitals,Voluntary non-profit - Private,true,false,5.0,5,,49
4857,460042,LAKEVIEW HOSPITAL,UT,Acute Care Hospitals,Voluntary non-profit - Other,true,false,5.0,5,,49
4858,460043,OREM COMMUNITY HOSPITAL,UT,Acute Care Hospitals,Voluntary non-profit - Private,true,false,,Not Available,16,49
4859,460044,INTERMOUNTAIN HEALTH ALTA VIEW HOSPITAL,UT,Acute Care Hospitals,Voluntary non-profit - Private,true,false,5.0,5,,49
4860,460047,ST MARK'S HOSPITAL,UT,Acute Care Hospitals,Proprietary,true,false,4.0,4,,49
4861,460051,HOLY CROSS HOSPITAL-JORDAN VALLEY,UT,Acute Care Hospitals,Voluntary non-profit - Private,true,false,4.0,4,,49
4862,460052,TIMPANOGOS REGIONAL HOSPITAL,UT,Acute Care Hospitals,Proprietary,true,false,4.0,4,,49
4863,460054,CACHE VALLEY HOSPITAL,UT,Acute Care Hospitals,Proprietary,true,false,,Not Available,16,49
4864,460057,PARK CITY HOSPITAL,UT,Acute Care Hospitals,Proprietary,true,false,5.0,5,,49
4865,460058,INTERMOUNTAIN HEALTH RIVERTON HOSPITAL,UT,Acute Care Hospitals,Voluntary non-profit - Private,true,false,5.0,5,,49
4866,460060,LONE PEAK HOSPITAL,UT,Acute Care Hospitals,Proprietary,true,false,5.0,5,,49
4867,460061,INTERMOUNTAIN HEALTH LAYTON HOSPITAL,UT,Acute Care Hospitals,Voluntary non-profit - Private,true,false,5.0,5,,49
4868,460062,INTERMOUNTAIN HEALTH SPANISH FORK HOSPITAL,UT,Acute Care Hospitals,Voluntary non-profit - Private,true,false,,Not Available,16,49
4869,460063,WESTERN PEAKS SPECIALTY HOSPITAL,UT,Acute Care Hospitals,Proprietary,true,false,,Not Available,19,49
4870,461300,INTERMOUNTAIN HEALTH DELTA COMMUNITY HOSPITAL,UT,Critical Access Hospitals,Voluntary non-profit - Private,true,false,,Not Available,16,49
4871,461301,INTERMOUNTAIN HEALTH FILLMORE COMMUNITY HOSPITAL,UT,Critical Access Hospitals,Voluntary non-profit - Private,true,false,,Not Available,16,49
4872,461302,MOAB REGIONAL HOSPITAL,UT,Critical Access Hospitals,Voluntary non-profit - Private,true,false,,Not Available,16,49
4873,461303,INTERMOUNTAIN HEALTH SANPETE VALLEY HOSPITAL,UT,Critical Access Hospitals,Voluntary non-profit - Private,true,false,,Not Available,16,49
4874,461304,CENTRAL VALLEY MEDICAL CENTER - CAH,UT,Critical Access Hospitals,Voluntary non-profit - Private,true,false,,Not Available,16,49
4875,461305,MILFORD MEMORIAL HOSPITAL,UT,Critical Access Hospitals,Voluntary non-profit - Other,true,false,,Not Available,16,49
4876,461306,GUNNISON VALLEY HOSPITAL,UT,Critical Access Hospitals,Voluntary non-profit - Other,true,false,3.0,3,,49
4877,461307,INTERMOUNTAIN HEALTH HEBER VALLEY HOSPITAL,UT,Critical Access Hospitals,Voluntary non-profit - Private,true,false,,Not Available,16,49
4878,461308,SAN JUAN HOSPITAL,UT,Critical Access Hospitals,Voluntary non-profit - Other,true,false,,Not Available,16,49
4879,461309,KANE COUNTY HOSPITAL,UT,Critical Access Hospitals,Government - Hospital District or Authority,true,false,,Not Available,16,49
4880,461310,BLUE MOUNTAIN HOSPITAL,UT,Critical Access Hospitals,Voluntary non-profit - Private,true,false,,Not Available,16,49
4881,461333,INTERMOUNTAIN HEALTH GARFIELD MEMORIAL HOSPITAL,UT,Critical Access Hospitals,Voluntary non-profit - Other,true,false,,Not Available,16,49
4882,461335,BEAVER VALLEY HOSPITAL,UT,Critical Access Hospitals,Government - Local,true,false,,Not Available,16,49
4883,463301,PRIMARY CHILDREN'S HOSPITAL,UT,Childrens,Voluntary non-profit - Private,true,false,,Not Available,19,49
4884,464001,UTAH STATE HOSPITAL,UT,Psychiatric,Government - State,true,false,,Not Available,19,49
4885,464012,MARIAN CENTER,UT,Psychiatric,Proprietary,true,false,,Not Available,19,49
4886,464013,SALT LAKE BEHAVIORAL HEALTH,UT,Psychiatric,Proprietary,true,false,,Not Available,19,49
4887,464014,ASPEN GROVE BEHAVIORAL HOSPITAL,UT,Psychiatric,Proprietary,true,false,,Not Available,19,49
4888,470001,CENTRAL VERMONT MEDICAL CENTER,VT,Acute Care Hospitals,Voluntary non-profit - Private,true,false,3.0,3,,52
4889,470003,UNIV. OF VERMONT - FLETCHER ALLEN HEALTH CARE,VT,Acute Care Hospitals,Voluntary non-profit - Other,true,false,4.0,4,,52
4890,470005,RUTLAND REGIONAL MEDICAL CENTER,VT,Acute Care Hospitals,Voluntary non-profit - Private,true,false,3.0,3,,52
4891,470011,BRATTLEBORO MEMORIAL HOSPITAL,VT,Acute Care Hospitals,Voluntary non-profit - Private,true,false,3.0,3,,52
4892,470012,SOUTHWESTERN VERMONT MEDICAL CENTER,VT,Acute Care Hospitals,Voluntary non-profit - Private,true,false,3.0,3,,52
4893,47001F,WHITE RIVER JCT VA MEDICAL CENTER,VT,Acute Care - Veterans Administration,Veterans Health Administration,true,true,5.0,5,,52
4894,470024,NORTHWESTERN MEDICAL CENTER INC,VT,Acute Care Hospitals,Voluntary non-profit - Other,true,false,4.0,4,,52
4895,471300,GRACE COTTAGE HOSPITAL,VT,Critical Access Hospitals,Voluntary non-profit - Private,true,false,,Not Available,16,52
4896,471301,GIFFORD MEDICAL CENTER,VT,Critical Access Hospitals,Voluntary non-profit - Private,true,false,5.0,5,,52
4897,471302,MT ASCUTNEY HOSPITAL,VT,Critical Access Hospitals,Voluntary non-profit - Private,true,false,,Not Available,16,52
4898,471303,NORTHEASTERN VERMONT REGIONAL HOSPITAL,VT,Critical Access Hospitals,Voluntary non-profit - Private,true,false,3.0,3,,52
4899,471304,NORTH COUNTRY HOSPITAL AND HEALTH CENTER,VT,Critical Access Hospitals,Voluntary non-profit - Private,true,false,1.0,1,,52
4900,471305,COPLEY HOSPITAL,VT,Critical Access Hospitals,Voluntary non-profit - Private,true,false,2.0,2,,52
4901,471306,SPRINGFIELD HOSPITAL,VT,Critical Access Hospitals,Voluntary non-profit - Private,true,false,,Not Available,16,52
4902,471307,PORTER HOSPITAL INC,VT,Critical Access Hospitals,Voluntary non-profit - Private,true,false,3.0,3,,52
4903,474001,BRATTLEBORO RETREAT,VT,Psychiatric,Voluntary non-profit - Private,true,false,,Not Available,19,52
4904,474004,VERMONT PSYCHIATRIC CARE HOSPITAL,VT,Psychiatric,Government - State,true,false,,Not Available,19,52
4905,480001,"ROY LESTER SCHNEIDER HOSPITAL,THE",VI,Acute Care Hospitals,Government - Local,true,false,2.0,2,,51
4906,480002,GOV JUAN F LUIS HOSPITAL & MEDICAL CTR,VI,Acute Care Hospitals,Government - State,true,false,1.0,1,,51
4907,490002,RUSSELL COUNTY HOSPITAL,VA,Acute Care Hospitals,Voluntary non-profit - Private,true,false,4.0,4,,50
4908,490004,SENTARA RMH MEDICAL CENTER,VA,Acute Care Hospitals,Voluntary non-profit - Private,true,false,5.0,5,,50
4909,490005,WINCHESTER MEDICAL CENTER,VA,Acute Care Hospitals,Voluntary non-profit - Private,true,false,4.0,4,,50
4910,490007,SENTARA NORFOLK GENERAL HOSPITAL,VA,Acute Care Hospitals,Voluntary non-profit - Other,true,false,4.0,4,,50
4911,490009,UNIVERSITY OF VIRGINIA MEDICAL CENTER,VA,Acute Care Hospitals,Government - State,true,false,4.0,4,,50
4912,490013,SENTARA HALIFAX REGIONAL HOSPITAL,VA,Acute Care Hospitals,Voluntary non-profit - Private,true,false,3.0,3,,50
4913,490017,BON SECOURS MARYVIEW MEDICAL CENTER,VA,Acute Care Hospitals,Voluntary non-profit - Private,true,false,3.0,3,,50
4914,490018,AUGUSTA HEALTH,VA,Acute Care Hospitals,Voluntary non-profit - Private,true,false,4.0,4,,50
4915,490019,UVA HEALTH CULPEPER MEDICAL CENTER,VA,Acute Care Hospitals,Voluntary non-profit - Private,true,false,2.0,2,,50
4916,49001F,Fort Belvoir Community Hospital,VA,Acute Care - Department of Defense,Department of Defense,true,true,,Not Available,22,50
4917,490020,JOHN RANDOLPH MEDICAL CENTER,VA,Acute Care Hospitals,Proprietary,true,false,3.0,3,,50
4918,490021,CENTRA HEALTH -  LYNCHBURG GEN HOSPITAL,VA,Acute Care Hospitals,Voluntary non-profit - Private,true,false,3.0,3,,50
4919,490022,MARY WASHINGTON HOSPITAL,VA,Acute Care Hospitals,Voluntary non-profit - Private,true,false,3.0,3,,50
4920,490023,FAUQUIER HOSPITAL,VA,Acute Care Hospitals,Proprietary,true,false,3.0,3,,50
4921,490024,CARILION MEDICAL CENTER,VA,Acute Care Hospitals,Voluntary non-profit - Private,true,false,3.0,3,,50
4922,490032,MEDICAL COLLEGE OF VIRGINIA HOSPITALS,VA,Acute Care Hospitals,Government - Hospital District or Authority,true,false,4.0,4,,50
4923,490033,WARREN MEMORIAL HOSPITAL,VA,Acute Care Hospitals,Voluntary non-profit - Private,true,false,2.0,2,,50
4924,490037,RIVERSIDE SHORE MEMORIAL HOSPITAL,VA,Acute Care Hospitals,Voluntary non-profit - Private,true,false,3.0,3,,50
4925,490038,SMYTH COUNTY COMMUNITY HOSPITAL,VA,Acute Care Hospitals,Voluntary non-profit - Private,true,false,3.0,3,,50
4926,490040,INOVA ALEXANDRIA HOSPITAL,VA,Acute Care Hospitals,Voluntary non-profit - Private,true,false,5.0,5,,50
4927,490041,MARY IMMACULATE HOSPITAL,VA,Acute Care Hospitals,Voluntary non-profit - Private,true,false,4.0,4,,50
4928,490042,CARILION NEW RIVER VALLEY MEDICAL CENTER,VA,Acute Care Hospitals,Voluntary non-profit - Private,true,false,4.0,4,,50
4929,490043,INOVA LOUDOUN HOSPITAL,VA,Acute Care Hospitals,Voluntary non-profit - Private,true,false,5.0,5,,50
4930,490044,SENTARA OBICI HOSPITAL,VA,Acute Care Hospitals,Voluntary non-profit - Other,true,false,4.0,4,,50
4931,490045,UVA HEALTH PRINCE WILLIAM MEDICAL CENTER,VA,Acute Care Hospitals,Voluntary non-profit - Private,true,false,3.0,3,,50
4932,490046,SENTARA LEIGH HOSPITAL,VA,Acute Care Hospitals,Voluntary non-profit - Other,true,false,3.0,3,,50
4933,490048,LEWISGALE MEDICAL CENTER,VA,Acute Care Hospitals,Proprietary,true,false,2.0,2,,50
4934,490050,VIRGINIA HOSPITAL CENTER,VA,Acute Care Hospitals,Voluntary non-profit - Private,true,false,4.0,4,,50
4935,490052,RIVERSIDE REGIONAL MEDICAL CENTER,VA,Acute Care Hospitals,Voluntary non-profit - Private,true,false,3.0,3,,50
4936,490053,JOHNSTON MEMORIAL HOSPITAL,VA,Acute Care Hospitals,Voluntary non-profit - Private,true,false,3.0,3,,50
4937,490057,SENTARA VIRGINIA BEACH GENERAL HOSPITAL,VA,Acute Care Hospitals,Voluntary non-profit - Other,true,false,4.0,4,,50
4938,490059,BON SECOURS ST MARYS HOSPITAL,VA,Acute Care Hospitals,Voluntary non-profit - Private,true,false,5.0,5,,50
4939,490060,CLINCH VALLEY MEDICAL CENTER,VA,Acute Care Hospitals,Proprietary,true,false,3.0,3,,50
4940,490063,INOVA FAIRFAX HOSPITAL,VA,Acute Care Hospitals,Voluntary non-profit - Private,true,false,5.0,5,,50
4941,490066,SENTARA WILLIAMSBURG REGIONAL MEDICAL CENTER,VA,Acute Care Hospitals,Voluntary non-profit - Private,true,false,5.0,5,,50
4942,490067,BON SECOURS SOUTHSIDE MEDICAL CENTER,VA,Acute Care Hospitals,Proprietary,true,false,2.0,2,,50
4943,490069,BON SECOURS MEMORIAL REGIONAL MEDICAL CENTER,VA,Acute Care Hospitals,Voluntary non-profit - Church,true,false,4.0,4,,50
4944,49006F,HAMPTON VA MEDICAL CENTER,VA,Acute Care - Veterans Administration,Veterans Health Administration,true,true,4.0,4,,50
4945,490075,SOVAH HEALTH DANVILLE,VA,Acute Care Hospitals,Proprietary,true,false,2.0,2,,50
4946,490077,SENTARA MARTHA JEFFERSON HOSPITAL,VA,Acute Care Hospitals,Voluntary non-profit - Private,true,false,4.0,4,,50
4947,490084,VCU HEALTH TAPPAHANNOCK HOSPITAL,VA,Acute Care Hospitals,Voluntary non-profit - Private,true,false,4.0,4,,50
4948,490088,CENTRA BEDFORD MEMORIAL HOSPITAL,VA,Acute Care Hospitals,Voluntary non-profit - Private,true,false,5.0,5,,50
4949,490089,CARILION FRANKLIN MEMORIAL HOSPITAL,VA,Acute Care Hospitals,Voluntary non-profit - Private,true,false,4.0,4,,50
4950,49008F,NMC Portsmouth,VA,Acute Care - Department of Defense,Department of Defense,true,true,,Not Available,22,50
4951,490090,"SOUTHSIDE COMMUNITY HOSPITAL, INC",VA,Acute Care Hospitals,Voluntary non-profit - Private,true,false,4.0,4,,50
4952,490092,BON SECOURS SOUTHAMPTON MEMORIAL HOSPITAL,VA,Acute Care Hospitals,Voluntary non-profit - Private,true,false,3.0,3,,50
4953,490093,SENTARA CAREPLEX HOSPITAL,VA,Acute Care Hospitals,Voluntary non-profit - Private,true,false,4.0,4,,50
4954,490094,BON SECOURS RICHMOND COMMUNITY HOSPITAL,VA,Acute Care Hospitals,Voluntary non-profit - Private,true,false,,Not Available,16,50
4955,490097,BON SECOURS SOUTHERN VIRGINIA MEDICAL CENTER,VA,Acute Care Hospitals,Proprietary,true,false,4.0,4,,50
4956,490098,COMMUNITY MEMORIAL HOSPITAL,VA,Acute Care Hospitals,Government - Hospital District or Authority,true,false,4.0,4,,50
4957,490101,INOVA FAIR OAKS HOSPITAL,VA,Acute Care Hospitals,Voluntary non-profit - Other,true,false,5.0,5,,50
4958,490104,HIRAM W DAVIS MEDICAL CENTER,VA,Acute Care Hospitals,Government - State,true,false,,Not Available,16,50
4959,490107,RESTON HOSPITAL CENTER,VA,Acute Care Hospitals,Voluntary non-profit - Private,true,false,3.0,3,,50
4960,49010F,RICHMOND VA MEDICAL CENTER,VA,Acute Care - Veterans Administration,Veterans Health Administration,true,true,5.0,5,,50
4961,490110,LEWISGALE HOSPITAL MONTGOMERY,VA,Acute Care Hospitals,Proprietary,true,false,3.0,3,,50
4962,490111,WYTHE COUNTY COMMUNITY HOSPITAL,VA,Acute Care Hospitals,Proprietary,true,false,3.0,3,,50
4963,490112,CJW MEDICAL CENTER,VA,Acute Care Hospitals,Proprietary,true,false,4.0,4,,50
4964,490113,SENTARA NORTHERN VIRGINIA MEDICAL CENTER,VA,Acute Care Hospitals,Voluntary non-profit - Private,true,false,3.0,3,,50
4965,490114,LONESOME PINE HOSPITAL,VA,Acute Care Hospitals,Voluntary non-profit - Private,true,false,4.0,4,,50
4966,490115,TWIN COUNTY REGIONAL HOSPITAL,VA,Acute Care Hospitals,Proprietary,true,false,2.0,2,,50
4967,490116,LEWISGALE HOSPITAL PULASKI,VA,Acute Care Hospitals,Proprietary,true,false,4.0,4,,50
4968,490117,CARILION TAZEWELL COMMUNITY HOSPITAL,VA,Acute Care Hospitals,Voluntary non-profit - Other,true,false,,Not Available,16,50
4969,490118,HENRICO DOCTORS' HOSPITAL,VA,Acute Care Hospitals,Voluntary non-profit - Other,true,false,4.0,4,,50
4970,490119,SENTARA PRINCESS ANNE HOSPITAL,VA,Acute Care Hospitals,Voluntary non-profit - Other,true,false,5.0,5,,50
4971,49011F,SALEM VA MEDICAL CENTER,VA,Acute Care - Veterans Administration,Veterans Health Administration,true,true,4.0,4,,50
4972,490120,CHESAPEAKE GENERAL HOSPITAL,VA,Acute Care Hospitals,Government - Hospital District or Authority,true,false,3.0,3,,50
4973,490122,INOVA MOUNT VERNON HOSPITAL,VA,Acute Care Hospitals,Voluntary non-profit - Private,true,false,4.0,4,,50
4974,490126,LEWISGALE HOSPITAL ALLEGHANY,VA,Acute Care Hospitals,Proprietary,true,false,4.0,4,,50
4975,490127,BUCHANAN GENERAL HOSPITAL,VA,Acute Care Hospitals,Voluntary non-profit - Private,true,false,4.0,4,,50
4976,490130,RIVERSIDE WALTER REED HOSPITAL,VA,Acute Care Hospitals,Voluntary non-profit - Private,true,false,4.0,4,,50
4977,490136,BON SECOURS ST FRANCIS MEDICAL CENTER,VA,Acute Care Hospitals,Voluntary non-profit - Church,true,false,3.0,3,,50
4978,490140,"STAFFORD HOSPITAL, LLC",VA,Acute Care Hospitals,Voluntary non-profit - Private,true,false,4.0,4,,50
4979,490141,SPOTSYLVANIA REGIONAL MEDICAL CENTER,VA,Acute Care Hospitals,Proprietary,true,false,3.0,3,,50
4980,490143,RIVERSIDE DOCTORS' HOSPITAL OF WILLIAMSBURG,VA,Acute Care Hospitals,Voluntary non-profit - Private,true,false,5.0,5,,50
4981,490144,UVA HEALTH HAYMARKET MEDICAL CENTER,VA,Acute Care Hospitals,Voluntary non-profit - Private,true,false,4.0,4,,50
4982,490145,STONESPRINGS HOSPITAL CENTER,VA,Acute Care Hospitals,Proprietary,true,false,4.0,4,,50
4983,490148,BON SECOURS HARBOUR VIEW MEDICAL CENTER,VA,Acute Care Hospitals,Voluntary non-profit - Private,true,false,,Not Available,5,50
4984,491300,BATH COMMUNITY HOSPITAL,VA,Critical Access Hospitals,Voluntary non-profit - Private,true,false,,Not Available,16,50
4985,491302,CARILION GILES COMMUNITY HOSPITAL,VA,Critical Access Hospitals,Voluntary non-profit - Private,true,false,4.0,4,,50
4986,491303,DICKENSON COMMUNITY HOSPITAL,VA,Critical Access Hospitals,Voluntary non-profit - Private,true,false,,Not Available,16,50
4987,491304,CARILION STONEWALL JACKSON HOSPITAL,VA,Critical Access Hospitals,Voluntary non-profit - Private,true,false,3.0,3,,50
4988,491305,SHENANDOAH MEMORIAL HOSPITAL,VA,Critical Access Hospitals,Voluntary non-profit - Private,true,false,3.0,3,,50
4989,491307,"PAGE MEMORIAL HOSPITAL, INC",VA,Critical Access Hospitals,Voluntary non-profit - Private,true,false,5.0,5,,50
4990,491308,RAPPAHANNOCK GENERAL HOSPITAL,VA,Critical Access Hospitals,Voluntary non-profit - Private,true,false,4.0,4,,50
4991,491309,LEE COUNTY COMMUNITY HOSPITAL,VA,Critical Access Hospitals,Voluntary non-profit - Private,true,false,,Not Available,16,50
4992,493300,CUMBERLAND HOSPITAL LLC,VA,Childrens,Proprietary,true,false,,Not Available,19,50
4993,493301,CHILDRENS HOSPITAL OF THE KINGS DAUGHTERS INC,VA,Childrens,Voluntary non-profit - Private,true,false,,Not Available,19,50
4994,494010,NORTHERN VIRGINIA MENTAL HEALTH INSTI,VA,Psychiatric,Government - State,true,false,,Not Available,19,50
4995,494017,SOUTHERN VIRGINIA MENTAL HEALTH INSTITUTE,VA,Psychiatric,Government - State,true,false,,Not Available,19,50
4996,494021,WESTERN STATE HOSPITAL,VA,Psychiatric,Government - State,true,false,,Not Available,19,50
4997,494022,POPLAR SPRINGS HOSPITAL,VA,Psychiatric,Proprietary,true,false,,Not Available,19,50
4998,494023,DOMINION HOSPITAL,VA,Psychiatric,Proprietary,true,false,,Not Available,19,50
4999,494025,VIRGINIA BEACH PSYCHIATRIC CENTER,VA,Psychiatric,Proprietary,true,false,,Not Available,19,50
5000,494029,SOUTHWESTERN VIRGINIA MENTAL HEALTH INSTITUTE,VA,Psychiatric,Government - State,true,false,,Not Available,19,50
5001,494032,THE PAVILION AT WILLIAMSBURG PLACE,VA,Psychiatric,Proprietary,true,false,,Not Available,19,50
5002,494033,CATAWBA HOSPITAL,VA,Psychiatric,Government - State,true,false,,Not Available,19,50
5003,500002,PROVIDENCE ST MARY MEDICAL CENTER,WA,Acute Care Hospitals,Voluntary non-profit - Private,true,false,3.0,3,,53
5004,500003,SKAGIT VALLEY HOSPITAL,WA,Acute Care Hospitals,Government - Hospital District or Authority,true,false,3.0,3,,53
5005,500005,VIRGINIA MASON MEDICAL CENTER,WA,Acute Care Hospitals,Voluntary non-profit - Private,true,false,5.0,5,,53
5006,500007,ISLAND HOSPITAL,WA,Acute Care Hospitals,Government - Hospital District or Authority,true,false,4.0,4,,53
5007,500008,UNIVERSITY OF WASHINGTON MEDICAL CTR,WA,Acute Care Hospitals,Government - State,true,false,4.0,4,,53
5008,500011,HIGHLINE MEDICAL CENTER,WA,Acute Care Hospitals,Voluntary non-profit - Private,true,false,4.0,4,,53
5009,500014,PROVIDENCE REGIONAL MEDICAL CENTER EVERETT,WA,Acute Care Hospitals,Voluntary non-profit - Church,true,false,4.0,4,,53
5010,500015,MULTICARE AUBURN MEDICAL CENTER,WA,Acute Care Hospitals,Voluntary non-profit - Private,true,false,2.0,2,,53
5011,500016,CONFLUENCE HEALTH HOSPITAL,WA,Acute Care Hospitals,Voluntary non-profit - Private,true,false,3.0,3,,53
5012,500019,PROVIDENCE CENTRALIA HOSPITAL,WA,Acute Care Hospitals,Voluntary non-profit - Other,true,false,3.0,3,,53
5013,500021,ST CLARE HOSPITAL,WA,Acute Care Hospitals,Voluntary non-profit - Church,true,false,4.0,4,,53
5014,500024,PROVIDENCE ST PETER HOSPITAL,WA,Acute Care Hospitals,Voluntary non-profit - Private,true,false,3.0,3,,53
5015,500025,SWEDISH MEDICAL CENTER / CHERRY HILL,WA,Acute Care Hospitals,Voluntary non-profit - Church,true,false,4.0,4,,53
5016,500026,SWEDISH EDMONDS HOSPITAL,WA,Acute Care Hospitals,Voluntary non-profit - Private,true,false,3.0,3,,53
5017,500027,SWEDISH MEDICAL CENTER,WA,Acute Care Hospitals,Voluntary non-profit - Private,true,false,4.0,4,,53
5018,500030,PEACEHEALTH ST JOSEPH MEDICAL CENTER,WA,Acute Care Hospitals,Voluntary non-profit - Other,true,false,4.0,4,,53
5019,500031,GRAYS HARBOR COMMUNITY HOSPITAL,WA,Acute Care Hospitals,Voluntary non-profit - Private,true,false,3.0,3,,53
5020,500033,SAMARITAN HOSPITAL,WA,Acute Care Hospitals,Proprietary,true,false,2.0,2,,53
5021,500036,YAKIMA VALLEY MEMORIAL,WA,Acute Care Hospitals,Voluntary non-profit - Private,true,false,1.0,1,,53
5022,500037,ASTRIA TOPPENISH HOSPITAL,WA,Acute Care Hospitals,Voluntary non-profit - Private,true,false,,Not Available,16,53
5023,500039,ST MICHAEL MEDICAL CENTER,WA,Acute Care Hospitals,Voluntary non-profit - Private,true,false,4.0,4,,53
5024,500041,PEACEHEALTH ST JOHN MEDICAL CENTER,WA,Acute Care Hospitals,Voluntary non-profit - Church,true,false,4.0,4,,53
5025,500044,DEACONESS MEDICAL CENTER,WA,Acute Care Hospitals,Voluntary non-profit - Private,true,false,3.0,3,,53
5026,500050,PEACEHEALTH SOUTHWEST MEDICAL CENTE,WA,Acute Care Hospitals,Voluntary non-profit - Private,true,false,3.0,3,,53
5027,500051,OVERLAKE HOSPITAL MEDICAL CENTER & CLINICS,WA,Acute Care Hospitals,Voluntary non-profit - Other,true,false,2.0,2,,53
5028,500052,KAISER PERMANENTE CENTRAL HOSPITAL,WA,Acute Care Hospitals,Voluntary non-profit - Other,true,false,,Not Available,16,53
5029,500053,TRIOS HEALTH,WA,Acute Care Hospitals,Government - Hospital District or Authority,true,false,2.0,2,,53
5030,500054,PROV SACRED HRT MED CTR & CHILDS HOSP.,WA,Acute Care Hospitals,Voluntary non-profit - Church,true,false,3.0,3,,53
5031,500058,KADLEC REGIONAL MEDICAL CENTER,WA,Acute Care Hospitals,Voluntary non-profit - Private,true,false,4.0,4,,53
5032,50005F,Madigan AMC (FT Lewis),WA,Acute Care - Department of Defense,Department of Defense,true,true,,Not Available,22,53
5033,500060,CASCADE VALLEY HOSPITAL,WA,Acute Care Hospitals,Government - Hospital District or Authority,true,false,4.0,4,,53
5034,500064,HARBORVIEW MEDICAL CENTER,WA,Acute Care Hospitals,Government - Local,true,false,2.0,2,,53
5035,500072,OLYMPIC MEDICAL CENTER,WA,Acute Care Hospitals,Government - Local,true,false,3.0,3,,53
5036,500077,PROVIDENCE HOLY FAMILY HOSPITAL,WA,Acute Care Hospitals,Voluntary non-profit - Private,true,false,3.0,3,,53
5037,500079,MULTICARE GOOD SAMARITAN HOSPITAL,WA,Acute Care Hospitals,Voluntary non-profit - Private,true,false,2.0,2,,53
5038,500084,EVERGREENHEALTH MONROE,WA,Acute Care Hospitals,Government - Hospital District or Authority,true,false,3.0,3,,53
5039,500088,VALLEY MEDICAL CENTER,WA,Acute Care Hospitals,Government - Hospital District or Authority,true,false,2.0,2,,53
5040,500108,ST JOSEPH MEDICAL CENTER,WA,Acute Care Hospitals,Voluntary non-profit - Church,true,false,3.0,3,,53
5041,500119,MULTICARE VALLEY HOSPITAL,WA,Acute Care Hospitals,Voluntary non-profit - Private,true,false,5.0,5,,53
5042,50011F,SPOKANE VA MEDICAL CENTER,WA,Acute Care - Veterans Administration,Veterans Health Administration,true,true,4.0,4,,53
5043,500124,EVERGREENHEALTH MEDICAL CENTER,WA,Acute Care Hospitals,Government - Hospital District or Authority,true,false,5.0,5,,53
5044,500129,TACOMA GENERAL ALLENMORE HOSPITAL,WA,Acute Care Hospitals,Voluntary non-profit - Private,true,false,2.0,2,,53
5045,500139,CAPITAL MEDICAL CENTER,WA,Acute Care Hospitals,Voluntary non-profit - Private,true,false,3.0,3,,53
5046,500141,ST FRANCIS COMMUNITY HOSPITAL,WA,Acute Care Hospitals,Voluntary non-profit - Church,true,false,4.0,4,,53
5047,500150,LEGACY SALMON CREEK MEDICAL CENTER,WA,Acute Care Hospitals,Voluntary non-profit - Private,true,false,4.0,4,,53
5048,500151,ST ANTHONY HOSPITAL,WA,Acute Care Hospitals,Voluntary non-profit - Church,true,false,5.0,5,,53
5049,500152,SWEDISH ISSAQUAH,WA,Acute Care Hospitals,Voluntary non-profit - Private,true,false,4.0,4,,53
5050,500154,MULTICARE COVINGTON MEDICAL CENTER,WA,Acute Care Hospitals,Voluntary non-profit - Private,true,false,3.0,3,,53
5051,50030F,SEATTLE VA MEDICAL CENTER (VA PUGET SOUND HEALTHCARE SYSTEM),WA,Acute Care - Veterans Administration,Veterans Health Administration,true,true,4.0,4,,53
5052,501301,GARFIELD COUNTY PUBLIC HOSPITAL DISTRICT #1,WA,Critical Access Hospitals,Government - Hospital District or Authority,true,false,,Not Available,16,53
5053,501302,DAYTON GENERAL HOSPITAL,WA,Critical Access Hospitals,Government - Hospital District or Authority,true,false,,Not Available,16,53
5054,501303,WILLAPA HARBOR HOSPITAL,WA,Critical Access Hospitals,Government - Hospital District or Authority,true,false,,Not Available,16,53
5055,501304,SUMMIT PACIFIC MEDICAL CENTER,WA,Critical Access Hospitals,Government - Hospital District or Authority,true,false,2.0,2,,53
5056,501305,LINCOLN HOSPITAL,WA,Critical Access Hospitals,Government - Hospital District or Authority,true,false,,Not Available,16,53
5057,501307,ODESSA MEMORIAL HEALTHCARE CENTER,WA,Critical Access Hospitals,Government - Hospital District or Authority,true,false,,Not Available,16,53
5058,501308,COULEE MEDICAL CENTER,WA,Critical Access Hospitals,Government - Hospital District or Authority,true,false,,Not Available,16,53
5059,501309,PROVIDENCE ST JOSEPH HOSPITAL,WA,Critical Access Hospitals,Voluntary non-profit - Church,true,false,,Not Available,16,53
5060,501310,NEWPORT COMMUNITY HOSPITAL,WA,Critical Access Hospitals,Government - Hospital District or Authority,true,false,,Not Available,16,53
5061,501311,EAST ADAMS RURAL HOSPITAL,WA,Critical Access Hospitals,Government - Hospital District or Authority,true,false,,Not Available,16,53
5062,501312,PROSSER MEMORIAL HOSPITAL,WA,Critical Access Hospitals,Government - Hospital District or Authority,true,false,3.0,3,,53
5063,501313,CASCADE MEDICAL CENTER,WA,Critical Access Hospitals,Government - Hospital District or Authority,true,false,,Not Available,16,53
5064,501314,OCEAN BEACH HOSPITAL,WA,Critical Access Hospitals,Government - Hospital District or Authority,true,false,2.0,2,,53
5065,501315,SKYLINE HOSPITAL,WA,Critical Access Hospitals,Government - Hospital District or Authority,true,false,,Not Available,16,53
5066,501316,KLICKITAT VALLEY HOSPITAL,WA,Critical Access Hospitals,Government - Hospital District or Authority,true,false,,Not Available,16,53
5067,501317,COLUMBIA BASIN HOSPITAL,WA,Critical Access Hospitals,Government - Hospital District or Authority,true,false,,Not Available,16,53
5068,501318,OTHELLO COMMUNITY HOSPITAL,WA,Critical Access Hospitals,Government - Local,true,false,,Not Available,16,53
5069,501319,ARBOR HEALTH MORTON HOSPITAL,WA,Critical Access Hospitals,Government - Hospital District or Authority,true,false,,Not Available,16,53
5070,501320,QUINCY VALLEY MEDICAL CENTER,WA,Critical Access Hospitals,Government - Hospital District or Authority,true,false,,Not Available,16,53
5071,501321,NORTH VALLEY HOSPITAL,WA,Critical Access Hospitals,Government - Hospital District or Authority,true,false,,Not Available,16,53
5072,501322,FERRY COUNTY MEMORIAL HOSPITAL,WA,Critical Access Hospitals,Government - Hospital District or Authority,true,false,,Not Available,16,53
5073,501323,JEFFERSON HEALTHCARE,WA,Critical Access Hospitals,Government - Hospital District or Authority,true,false,3.0,3,,53
5074,501324,THREE RIVERS HOSPITAL,WA,Critical Access Hospitals,Government - Hospital District or Authority,true,false,,Not Available,16,53
5075,501325,FORKS COMMUNITY HOSPITAL,WA,Critical Access Hospitals,Government - Hospital District or Authority,true,false,,Not Available,16,53
5076,501326,PROVIDENCE MOUNT CARMEL HOSPITAL,WA,Critical Access Hospitals,Voluntary non-profit - Church,true,false,3.0,3,,53
5077,501327,WHITMAN HOSPITAL AND MEDICAL CENTER,WA,Critical Access Hospitals,Government - Hospital District or Authority,true,false,5.0,5,,53
5078,501328,MID VALLEY HOSPITAL & CLINIC,WA,Critical Access Hospitals,Government - Hospital District or Authority,true,false,,Not Available,16,53
5079,501329,PEACEHEALTH UNITED GENERAL MEDICAL CENTER,WA,Critical Access Hospitals,Government - Hospital District or Authority,true,false,3.0,3,,53
5080,501330,ASTRIA SUNNYSIDE HOSPITAL,WA,Critical Access Hospitals,Voluntary non-profit - Other,true,false,2.0,2,,53
5081,501331,PULLMAN REGIONAL HOSPITAL,WA,Critical Access Hospitals,Government - Hospital District or Authority,true,false,2.0,2,,53
5082,501332,TRI-STATE MEMORIAL HOSPITAL,WA,Critical Access Hospitals,Voluntary non-profit - Private,true,false,4.0,4,,53
5083,501333,KITTITAS VALLEY COMMUNITY HOSPITAL,WA,Critical Access Hospitals,Government - Hospital District or Authority,true,false,,Not Available,5,53
5084,501334,LAKE CHELAN COMMUNITY HOSPITAL,WA,Critical Access Hospitals,Government - Hospital District or Authority,true,false,,Not Available,16,53
5085,501335,ST ELIZABETH HOSPITAL,WA,Critical Access Hospitals,Voluntary non-profit - Private,true,false,5.0,5,,53
5086,501336,MASON GENERAL HOSPITAL & FAMILY OF CLINICS,WA,Critical Access Hospitals,Government - Hospital District or Authority,true,false,2.0,2,,53
5087,501337,LOURDES MEDICAL CENTER,WA,Critical Access Hospitals,Voluntary non-profit - Church,true,false,3.0,3,,53
5088,501338,SNOQUALMIE VALLEY HOSPITAL,WA,Critical Access Hospitals,Government - Hospital District or Authority,true,false,,Not Available,16,53
5089,501339,WHIDBEYHEALTH MEDICAL CENTER,WA,Critical Access Hospitals,Government - Hospital District or Authority,true,false,2.0,2,,53
5090,501340,PEACEHEALTH PEACE ISLAND MEDICAL CENTER,WA,Critical Access Hospitals,Voluntary non-profit - Private,true,false,,Not Available,16,53
5091,503300,SEATTLE CHILDREN'S HOSPITAL,WA,Childrens,Voluntary non-profit - Private,true,false,,Not Available,19,53
5092,503301,MARY BRIDGE CHILDREN'S HOSPITAL,WA,Childrens,Voluntary non-profit - Other,true,false,,Not Available,19,53
5093,503302,SHRINERS HOSPITAL FOR CHILDREN,WA,Childrens,Voluntary non-profit - Private,true,false,,Not Available,19,53
5094,504002,BHC FAIRFAX HOSPITAL,WA,Psychiatric,Proprietary,true,false,,Not Available,19,53
5095,504004,EASTERN STATE HOSPITAL,WA,Psychiatric,Government - State,true,false,,Not Available,19,53
5096,504008,LOURDES COUNSELING CENTER,WA,Psychiatric,Voluntary non-profit - Private,true,false,,Not Available,19,53
5097,504009,NAVOS - INPATIENT SERVICES,WA,Psychiatric,Voluntary non-profit - Private,true,false,,Not Available,19,53
5098,504012,SMOKEY POINT BEHAVIORAL HOSPITAL,WA,Psychiatric,Proprietary,true,false,,Not Available,19,53
5099,504013,RAINIER SPRINGS,WA,Psychiatric,Proprietary,true,false,,Not Available,19,53
5100,504014,INLAND NORTHWEST BEHAVIORAL HEALTH,WA,Psychiatric,Proprietary,true,false,,Not Available,19,53
5101,504015,SOUTH SOUND BEHAVIORAL HOSPITAL,WA,Psychiatric,Proprietary,true,false,,Not Available,19,53
5102,504016,WELLFOUND BEHAVIORAL HEALTH HOSPITAL,WA,Psychiatric,Voluntary non-profit - Private,true,false,,Not Available,19,53
5103,510001,"WEST VIRGINIA UNIVERSITY HOSPITALS, INC",WV,Acute Care Hospitals,Voluntary non-profit - Private,true,false,3.0,3,,55
5104,510002,"CAMC GREENBRIER VALLEY MEDICAL CENTER, INC",WV,Acute Care Hospitals,Proprietary,true,false,2.0,2,,55
5105,510006,"UNITED HOSPITAL CENTER, INC",WV,Acute Care Hospitals,Voluntary non-profit - Private,true,false,4.0,4,,55
5106,510007,ST MARYS MEDICAL CENTER,WV,Acute Care Hospitals,Voluntary non-profit - Church,true,false,3.0,3,,55
5107,510008,BERKELEY MEDICAL CENTER,WV,Acute Care Hospitals,Voluntary non-profit - Private,true,false,3.0,3,,55
5108,510012,RIVERS HEALTH,WV,Acute Care Hospitals,Voluntary non-profit - Private,true,false,1.0,1,,55
5109,510013,"REYNOLDS MEMORIAL HOSPITAL, INC",WV,Acute Care Hospitals,Voluntary non-profit - Private,true,false,2.0,2,,55
5110,510022,CHARLESTON AREA MEDICAL CENTER,WV,Acute Care Hospitals,Voluntary non-profit - Private,true,false,2.0,2,,55
5111,510023,"WEIRTON MEDICAL CENTER, INC",WV,Acute Care Hospitals,Government - Local,true,false,1.0,1,,55
5112,510024,MON HEALTH MEDICAL CENTER,WV,Acute Care Hospitals,Voluntary non-profit - Private,true,false,4.0,4,,55
5113,510029,THOMAS MEMORIAL HOSPITAL,WV,Acute Care Hospitals,Voluntary non-profit - Private,true,false,1.0,1,,55
5114,51002F,BECKLEY VA MEDICAL CENTER,WV,Acute Care - Veterans Administration,Veterans Health Administration,true,true,5.0,5,,55
5115,510030,DAVIS MEDICAL CENTER,WV,Acute Care Hospitals,Voluntary non-profit - Private,true,false,2.0,2,,55
5116,510038,STONEWALL JACKSON MEMORIAL HOSPITAL COMPANY,WV,Acute Care Hospitals,Voluntary non-profit - Private,true,false,1.0,1,,55
5117,51003F,CLARKSBURG VA MEDICAL CENTER,WV,Acute Care - Veterans Administration,Veterans Health Administration,true,true,5.0,5,,55
5118,510046,PRINCETON COMMUNITY HOSPITAL ASSN INC,WV,Acute Care Hospitals,Government - Local,true,false,2.0,2,,55
5119,510048,LOGAN REGIONAL MEDICAL CENTER,WV,Acute Care Hospitals,Proprietary,true,false,2.0,2,,55
5120,51004F,HUNTINGTON VA MEDICAL CENTER,WV,Acute Care - Veterans Administration,Veterans Health Administration,true,true,5.0,5,,55
5121,510050,"WHEELING HOSPITAL, INC",WV,Acute Care Hospitals,Voluntary non-profit - Church,true,false,2.0,2,,55
5122,510055,"CABELL HUNTINGTON HOSPITAL, INC",WV,Acute Care Hospitals,Voluntary non-profit - Private,true,false,3.0,3,,55
5123,510058,CAMDEN CLARK MEDICAL CENTER,WV,Acute Care Hospitals,Voluntary non-profit - Private,true,false,2.0,2,,55
5124,51005F,MARTINSBURG VA MEDICAL CENTER,WV,Acute Care - Veterans Administration,Veterans Health Administration,true,true,4.0,4,,55
5125,510062,BECKLEY ARH HOSPITAL,WV,Acute Care Hospitals,Voluntary non-profit - Private,true,false,3.0,3,,55
5126,510070,RALEIGH GENERAL HOSPITAL,WV,Acute Care Hospitals,Proprietary,true,false,2.0,2,,55
5127,510072,WETZEL COUNTY HOSPITAL,WV,Acute Care Hospitals,Government - Local,true,false,3.0,3,,55
5128,510086,WELCH COMMUNITY HOSPITAL,WV,Acute Care Hospitals,Government - State,true,false,,Not Available,16,55
5129,510091,CAMC CHARLESTON SURGICAL HOSPITAL,WV,Acute Care Hospitals,Physician,true,false,,Not Available,16,55
5130,510093,MON HEALTH MARION,WV,Acute Care Hospitals,Voluntary non-profit - Private,true,false,,Not Available,16,55
5131,510094,WILLIAMSON MEMORIAL INC,WV,Acute Care Hospitals,Voluntary non-profit - Private,true,false,,Not Available,5,55
5132,511300,VANDALIA HEALTH BROADDUS HOSPITAL,WV,Critical Access Hospitals,Voluntary non-profit - Private,true,false,,Not Available,16,55
5133,511301,WEBSTER MEMORIAL HOSPITAL,WV,Critical Access Hospitals,Voluntary non-profit - Private,true,false,,Not Available,16,55
5134,511303,MINNIE HAMILTON HEALTH SYSTEM,WV,Critical Access Hospitals,Voluntary non-profit - Private,true,false,,Not Available,16,55
5135,511304,SISTERSVILLE GENERAL HOSPITAL,WV,Critical Access Hospitals,Proprietary,true,false,,Not Available,16,55
5136,511306,ROANE GENERAL HOSPITAL,WV,Critical Access Hospitals,Voluntary non-profit - Private,true,false,,Not Available,16,55
5137,511307,"GRAFTON CITY HOSPITAL, INC",WV,Critical Access Hospitals,Government - Local,true,false,,Not Available,16,55
5138,511308,"BRAXTON COUNTY MEMORIAL HOSPITAL, INC",WV,Critical Access Hospitals,Voluntary non-profit - Private,true,false,,Not Available,16,55
5139,511309,VALLEY HEALTH WAR MEMORIAL HOSPITAL,WV,Critical Access Hospitals,Voluntary non-profit - Private,true,false,5.0,5,,55
5140,511310,SUMMERS COUNTY ARH HOSPITAL,WV,Critical Access Hospitals,Voluntary non-profit - Private,true,false,,Not Available,16,55
5141,511311,HAMPSHIRE MEMORIAL HOSPITAL,WV,Critical Access Hospitals,Voluntary non-profit - Private,true,false,5.0,5,,55
5142,511312,PRESTON MEMORIAL HOSPITAL,WV,Critical Access Hospitals,Proprietary,true,false,,Not Available,16,55
5143,511313,BOONE MEMORIAL HOSPITAL,WV,Critical Access Hospitals,Government - Local,true,false,4.0,4,,55
5144,511314,POCAHONTAS MEMORIAL HOSPITAL,WV,Critical Access Hospitals,Government - Local,true,false,,Not Available,16,55
5145,511315,POTOMAC VALLEY HOSPITAL,WV,Critical Access Hospitals,Voluntary non-profit - Private,true,false,1.0,1,,55
5146,511316,GRANT MEMORIAL HOSPITAL,WV,Critical Access Hospitals,Voluntary non-profit - Other,true,false,3.0,3,,55
5147,511317,"CAMC PLATEAU MEDICAL CENTER, INC",WV,Critical Access Hospitals,Proprietary,true,false,,Not Available,16,55
5148,511318,MONTGOMERY GENERAL HOSPITAL,WV,Critical Access Hospitals,Voluntary non-profit - Other,true,false,,Not Available,16,55
5149,511319,JEFFERSON MEDICAL CENTER,WV,Critical Access Hospitals,Voluntary non-profit - Private,true,false,1.0,1,,55
5150,511320,JACKSON GENERAL HOSPITAL,WV,Critical Access Hospitals,Voluntary non-profit - Private,true,false,3.0,3,,55
5151,511321,"ST JOSEPH'S HOSPITAL OF BUCKHANNON, INC",WV,Critical Access Hospitals,Voluntary non-profit - Private,true,false,3.0,3,,55
5152,511322,SUMMERSVILLE REGIONAL MEDICAL CENTER,WV,Critical Access Hospitals,Voluntary non-profit - Private,true,false,2.0,2,,55
5153,514001,HIGHLAND HOSPITAL,WV,Psychiatric,Voluntary non-profit - Private,true,false,,Not Available,19,55
5154,514008,RIVER PARK HOSPITAL,WV,Psychiatric,Proprietary,true,false,,Not Available,19,55
5155,514009,MILDRED MITCHELL-BATEMAN HOSPITAL,WV,Psychiatric,Government - State,true,false,,Not Available,19,55
5156,514011,"HIGHLAND-CLARKSBURG HOSPITAL, INC",WV,Psychiatric,Voluntary non-profit - Private,true,false,,Not Available,19,55
5157,514012,"WILLIAM R SHARPE, JR HOSPITAL",WV,Psychiatric,Government - State,true,false,,Not Available,19,55
5158,520002,"ASPIRUS STEVENS POINT HOSPITAL & CLINICS, INC.",WI,Acute Care Hospitals,Voluntary non-profit - Church,true,false,4.0,4,,54
5159,520004,MAYO CLINIC HEALTH SYSTEM-FRANCISCAN MEDICAL CENTER INC,WI,Acute Care Hospitals,Voluntary non-profit - Private,true,false,5.0,5,,54
5160,520008,WAUKESHA MEMORIAL HOSPITAL,WI,Acute Care Hospitals,Voluntary non-profit - Private,true,false,4.0,4,,54
5161,520009,ASCENSION NE WISCONSIN - ST ELIZABETH CAMPUS,WI,Acute Care Hospitals,Voluntary non-profit - Private,true,false,4.0,4,29,54
5162,520011,MARSHFIELD MEDICAL CENTER - RICE LAKE,WI,Acute Care Hospitals,Voluntary non-profit - Private,true,false,2.0,2,,54
5163,520019,ASPIRUS RHINELANDER HOSPITAL,WI,Acute Care Hospitals,Voluntary non-profit - Private,true,false,3.0,3,,54
5164,520021,FROEDTERT SOUTH INC.,WI,Acute Care Hospitals,Government - Local,true,false,2.0,2,,54
5165,520028,THE MONROE CLINIC,WI,Acute Care Hospitals,Voluntary non-profit - Private,true,false,5.0,5,,54
5166,52002F,TOMAH VA MEDICAL CENTER,WI,Acute Care - Veterans Administration,Veterans Health Administration,true,true,,Not Available,16,54
5167,520030,ASPIRUS WAUSAU HOSPITAL,WI,Acute Care Hospitals,Proprietary,true,false,4.0,4,,54
5168,520033,ASPIRUS RIVERVIEW HOSPITAL & CLINICS INC,WI,Acute Care Hospitals,Voluntary non-profit - Private,true,false,3.0,3,,54
5169,520034,AURORA MEDICAL CTR MANITOWOC COUNTY,WI,Acute Care Hospitals,Voluntary non-profit - Private,true,false,5.0,5,,54
5170,520035,AURORA MEDICAL CENTER SHEBOYGAN COUNTY,WI,Acute Care Hospitals,Voluntary non-profit - Private,true,false,5.0,5,,54
5171,520037,MARSHFIELD MEDICAL CENTER,WI,Acute Care Hospitals,Voluntary non-profit - Church,true,false,1.0,1,,54
5172,520038,AURORA MEDICAL CTR WASHINGTON COUNTY,WI,Acute Care Hospitals,Voluntary non-profit - Private,true,false,4.0,4,,54
5173,52003F,MILWAUKEE VA MEDICAL CENTER,WI,Acute Care - Veterans Administration,Veterans Health Administration,true,true,3.0,3,,54
5174,520041,ASPIRUS DIVINE SAVIOR HOSPITAL,WI,Acute Care Hospitals,Voluntary non-profit - Private,true,false,3.0,3,,54
5175,520044,ST NICHOLAS HOSPITAL,WI,Acute Care Hospitals,Voluntary non-profit - Private,true,false,3.0,3,,54
5176,520045,THEDACARE REGIONAL MED CTR - NEENAH,WI,Acute Care Hospitals,Voluntary non-profit - Private,true,false,4.0,4,,54
5177,520049,BELLIN MEMORIAL HOSPITAL,WI,Acute Care Hospitals,Voluntary non-profit - Private,true,false,4.0,4,,54
5178,52004F,MADISON VA MEDICAL CENTER,WI,Acute Care - Veterans Administration,Veterans Health Administration,true,true,5.0,5,,54
5179,520051,ASCENSION COLUMBIA ST MARYS HOSPITAL MILWAUKEE,WI,Acute Care Hospitals,Voluntary non-profit - Church,true,false,3.0,3,29,54
5180,520057,SSM HEALTH ST CLARE HOSPITAL - BARABOO,WI,Acute Care Hospitals,Voluntary non-profit - Private,true,false,4.0,4,,54
5181,520059,AURORA MEMORIAL HOSPITAL BURLINGTON,WI,Acute Care Hospitals,Voluntary non-profit - Private,true,false,4.0,4,,54
5182,520062,OCONOMOWOC MEMORIAL HOSPITAL,WI,Acute Care Hospitals,Voluntary non-profit - Private,true,false,5.0,5,,54
5183,520063,ST JOSEPHS COMMUNITY HOSPITAL WEST BEND,WI,Acute Care Hospitals,Voluntary non-profit - Private,true,false,4.0,4,,54
5184,520066,MERCY HEALTH SYSTEM CORP,WI,Acute Care Hospitals,Voluntary non-profit - Private,true,false,3.0,3,,54
5185,520070,MAYO CLINIC HEALTH SYSTEM EAU CLAIRE HOSPITAL,WI,Acute Care Hospitals,Voluntary non-profit - Private,true,false,5.0,5,,54
5186,520071,FORT MEMORIAL HOSPITAL,WI,Acute Care Hospitals,Voluntary non-profit - Private,true,false,4.0,4,,54
5187,520075,ST VINCENT HOSPITAL,WI,Acute Care Hospitals,Voluntary non-profit - Church,true,false,4.0,4,,54
5188,520076,MARSHFIELD MEDICAL CENTER - BEAVER DAM (MMC-BD),WI,Acute Care Hospitals,Voluntary non-profit - Private,true,false,2.0,2,,54
5189,520078,ASCENSION ST FRANCIS HOSPITAL,WI,Acute Care Hospitals,Voluntary non-profit - Private,true,false,3.0,3,29,54
5190,520083,SSM HEALTH ST MARY'S HOSPITAL - MADISON,WI,Acute Care Hospitals,Voluntary non-profit - Private,true,false,4.0,4,,54
5191,520087,GUNDERSEN LUTHERAN MEDICAL CENTER,WI,Acute Care Hospitals,Voluntary non-profit - Private,true,false,4.0,4,,54
5192,520088,SSM HEALTH ST AGNES HOSPITAL-FOND DU LAC,WI,Acute Care Hospitals,Voluntary non-profit - Private,true,false,4.0,4,,54
5193,520089,UNITYPOINT HEALTH - MERITER,WI,Acute Care Hospitals,Voluntary non-profit - Private,true,false,5.0,5,,54
5194,520091,HOWARD YOUNG MEDICAL CENTER,WI,Acute Care Hospitals,Voluntary non-profit - Church,true,false,4.0,4,,54
5195,520095,SAUK PRAIRIE HOSPITAL,WI,Acute Care Hospitals,Voluntary non-profit - Private,true,false,5.0,5,,54
5196,520096,ASCENSION ALL SAINTS HOSPITAL,WI,Acute Care Hospitals,Voluntary non-profit - Church,true,false,2.0,2,29,54
5197,520097,ST MARYS HOSPITAL MEDICAL CTR,WI,Acute Care Hospitals,Voluntary non-profit - Other,true,false,3.0,3,,54
5198,520098,UNIVERSITY OF WI  HOSPITALS & CLINICS AUTHORITY,WI,Acute Care Hospitals,Government - Hospital District or Authority,true,false,5.0,5,,54
5199,520100,BELOIT HEALTH SYSTEM,WI,Acute Care Hospitals,Voluntary non-profit - Private,true,false,3.0,3,,54
5200,520102,AURORA LAKELAND MEDICAL CENTER,WI,Acute Care Hospitals,Voluntary non-profit - Private,true,false,5.0,5,,54
5201,520103,COMMUNITY MEMORIAL HOSPITAL,WI,Acute Care Hospitals,Voluntary non-profit - Private,true,false,4.0,4,,54
5202,520107,HOLY FAMILY MEMORIAL,WI,Acute Care Hospitals,Voluntary non-profit - Other,true,false,3.0,3,,54
5203,520109,MILE BLUFF MEDICAL CENTER,WI,Acute Care Hospitals,Proprietary,true,false,4.0,4,,54
5204,520113,AURORA MEDICAL CENTER BAY AREA,WI,Acute Care Hospitals,Voluntary non-profit - Private,true,false,4.0,4,,54
5205,520116,WATERTOWN MEMORIAL HOSPITAL,WI,Acute Care Hospitals,Voluntary non-profit - Private,true,false,3.0,3,,54
5206,520136,ASCENSION SE WISCONSIN HOSPITAL,WI,Acute Care Hospitals,Voluntary non-profit - Church,true,false,5.0,5,29,54
5207,520138,AURORA ST LUKES MEDICAL CENTER,WI,Acute Care Hospitals,Voluntary non-profit - Private,true,false,4.0,4,,54
5208,520139,WEST ALLIS MEMORIAL HOSPITAL,WI,Acute Care Hospitals,Voluntary non-profit - Private,true,false,4.0,4,,54
5209,520160,THEDACARE REGIONAL MEDICAL CENTER - APPLETON INC,WI,Acute Care Hospitals,Voluntary non-profit - Private,true,false,4.0,4,,54
5210,520177,FROEDTERT MEMORIAL LUTHERAN HOSPITAL,WI,Acute Care Hospitals,Voluntary non-profit - Private,true,false,3.0,3,,54
5211,520189,AURORA MEDICAL CENTER KENOSHA,WI,Acute Care Hospitals,Voluntary non-profit - Private,true,false,4.0,4,,54
5212,520193,AURORA BAYCARE MEDICAL CTR,WI,Acute Care Hospitals,Proprietary,true,false,4.0,4,,54
5213,520194,ORTHOPAEDIC HOSPITAL OF WISCONSIN,WI,Acute Care Hospitals,Physician,true,false,,Not Available,16,54
5214,520196,OAKLEAF SURGICAL HOSPITAL,WI,Acute Care Hospitals,Physician,true,false,,Not Available,16,54
5215,520198,AURORA MEDICAL CTR OSHKOSH,WI,Acute Care Hospitals,Voluntary non-profit - Private,true,false,4.0,4,,54
5216,520202,MARSHFIELD MEDICAL CENTER - WESTON,WI,Acute Care Hospitals,Voluntary non-profit - Private,true,false,3.0,3,,54
5217,520205,MIDWEST ORTHOPEDIC SPECIALTY HOSPITAL,WI,Acute Care Hospitals,Physician,true,false,,Not Available,16,54
5218,520206,AURORA MEDICAL CENTER - SUMMIT,WI,Acute Care Hospitals,Voluntary non-profit - Private,true,false,5.0,5,,54
5219,520207,AURORA MEDICAL CENTER,WI,Acute Care Hospitals,Voluntary non-profit - Private,true,false,5.0,5,,54
5220,520208,SSM HEALTH ST MARY'S HOSPITAL - JANESVILLE,WI,Acute Care Hospitals,Voluntary non-profit - Other,true,false,4.0,4,,54
5221,520210,MARSHFIELD MEDICAL CENTER - EAU CLAIRE,WI,Acute Care Hospitals,Voluntary non-profit - Private,true,false,3.0,3,,54
5222,520212,MARSHFIELD MEDICAL CENTER - MINOCQUA,WI,Acute Care Hospitals,Voluntary non-profit - Private,true,false,5.0,5,,54
5223,520213,FROEDTERT COMMUNITY HOSPITAL,WI,Acute Care Hospitals,Voluntary non-profit - Private,true,false,,Not Available,16,54
5224,520214,ASCENSION WISCONSIN HOSP MENOMONEE FALLS CAMPUS,WI,Acute Care Hospitals,Proprietary,true,false,,Not Available,16,54
5225,521300,ASPIRUS EAGLE RIVER HOSPITAL,WI,Critical Access Hospitals,Voluntary non-profit - Private,true,false,,Not Available,5,54
5226,521302,MAYO CLINIC HEALTH SYSTEM OAKRIDGE,WI,Critical Access Hospitals,Voluntary non-profit - Other,true,false,,Not Available,16,54
5227,521303,THEDACARE MEDICAL CENTER - WILD ROSE,WI,Critical Access Hospitals,Voluntary non-profit - Private,true,false,,Not Available,16,54
5228,521304,GUNDERSEN ST JOSEPHS HOSPITAL AND CLINICS,WI,Critical Access Hospitals,Voluntary non-profit - Private,true,false,,Not Available,16,54
5229,521305,MAYO CLINIC HLTH SYSTM FRANCISCAN HLTHCARE SPARTA,WI,Critical Access Hospitals,Voluntary non-profit - Church,true,false,,Not Available,16,54
5230,521307,CHIPPEWA VALLEY HOSPITAL,WI,Critical Access Hospitals,Voluntary non-profit - Church,true,false,,Not Available,16,54
5231,521308,AMERY HOSPITAL & CLINIC,WI,Critical Access Hospitals,Voluntary non-profit - Private,true,false,2.0,2,,54
5232,521309,GUNDERSEN MOUNDVIEW HOSPITAL AND CLINICS,WI,Critical Access Hospitals,Voluntary non-profit - Private,true,false,,Not Available,16,54
5233,521310,HSHS ST CLARE MEMORIAL HOSPITAL,WI,Critical Access Hospitals,Voluntary non-profit - Private,true,false,,Not Available,16,54
5234,521311,ASPIRUS STANLEY HOSPITAL,WI,Critical Access Hospitals,Voluntary non-profit - Private,true,false,,Not Available,16,54
5235,521312,LAFAYETTE HOSPITAL AND CLINICS,WI,Critical Access Hospitals,Voluntary non-profit - Other,true,false,,Not Available,16,54
5236,521313,ASPIRUS TOMAHAWK HOSPITAL,WI,Critical Access Hospitals,Voluntary non-profit - Private,true,false,,Not Available,16,54
5237,521314,MAYO CLINIC HEALTH SYSTEM CHIPPEWA VALLEY,WI,Critical Access Hospitals,Voluntary non-profit - Private,true,false,4.0,4,,54
5238,521315,MAYO CLINIC HEALTH SYSTEM-NORTHLAND,WI,Critical Access Hospitals,Voluntary non-profit - Private,true,false,4.0,4,,54
5239,521316,GUNDERSEN TRI-COUNTY HOSPITAL & CLINICS,WI,Critical Access Hospitals,Voluntary non-profit - Private,true,false,,Not Available,16,54
5240,521317,ASCENSION CALUMET HOSPITAL,WI,Critical Access Hospitals,Voluntary non-profit - Private,true,false,,Not Available,16,54
5241,521318,LADD MEMORIAL HOSPITAL,WI,Critical Access Hospitals,Voluntary non-profit - Private,true,false,,Not Available,16,54
5242,521319,EDGERTON HOSPITAL AND HEALTH SERVICES,WI,Critical Access Hospitals,Voluntary non-profit - Private,true,false,,Not Available,16,54
5243,521320,TOMAH MEMORIAL HOSPITAL,WI,Critical Access Hospitals,Voluntary non-profit - Private,true,false,5.0,5,,54
5244,521321,RIPON MEDICAL CENTER,WI,Critical Access Hospitals,Voluntary non-profit - Private,true,false,,Not Available,16,54
5245,521322,GRANT REGIONAL HEALTH CENTER,WI,Critical Access Hospitals,Voluntary non-profit - Private,true,false,,Not Available,16,54
5246,521323,MARSHFIELD MEDICAL CENTER - NEILLSVILLE,WI,Critical Access Hospitals,Voluntary non-profit - Private,true,false,,Not Available,16,54
5247,521324,"ASPIRUS MEDFORD HOSPITAL & CLINICS, INC",WI,Critical Access Hospitals,Voluntary non-profit - Private,true,false,,Not Available,16,54
5248,521325,FLAMBEAU HOSPITAL,WI,Critical Access Hospitals,Voluntary non-profit - Private,true,false,3.0,3,,54
5249,521326,THEDACARE MEDICAL CENTER - NEW LONDON,WI,Critical Access Hospitals,Voluntary non-profit - Private,true,false,,Not Available,16,54
5250,521327,WAUPUN MEMORIAL HOSPITAL,WI,Critical Access Hospitals,Voluntary non-profit - Private,true,false,5.0,5,,54
5251,521328,MARSHFIELD MEDICAL CENTER - LADYSMITH,WI,Critical Access Hospitals,Government - Hospital District or Authority,true,false,,Not Available,16,54
5252,521329,ST MARYS HOSPITAL SUPERIOR,WI,Critical Access Hospitals,Voluntary non-profit - Private,true,false,,Not Available,16,54
5253,521330,CROSSING RIVERS HEALTH MEDICAL CENTER,WI,Critical Access Hospitals,Voluntary non-profit - Private,true,false,3.0,3,,54
5254,521331,BURNETT MEDICAL CENTER,WI,Critical Access Hospitals,Voluntary non-profit - Private,true,false,,Not Available,16,54
5255,521332,SPOONER HEALTH SYSTEM,WI,Critical Access Hospitals,Voluntary non-profit - Private,true,false,5.0,5,,54
5256,521333,BLACK RIVER MEMORIAL HOSPITAL,WI,Critical Access Hospitals,Voluntary non-profit - Private,true,false,,Not Available,16,54
5257,521334,THEDACARE MEDICAL CENTER-WAUPACA,WI,Critical Access Hospitals,Voluntary non-profit - Private,true,false,3.0,3,,54
5258,521335,HUDSON HOSPITAL,WI,Critical Access Hospitals,Voluntary non-profit - Private,true,false,5.0,5,,54
5259,521336,TAMARACK HEALTH HAYWARD MEDICAL CENTER,WI,Critical Access Hospitals,Voluntary non-profit - Private,true,false,4.0,4,,54
5260,521337,ST CROIX REGIONAL MEDICAL CENTER,WI,Critical Access Hospitals,Voluntary non-profit - Private,true,false,3.0,3,,54
5261,521338,COLUMBUS COMMUNITY HOSPITAL,WI,Critical Access Hospitals,Voluntary non-profit - Private,true,false,4.0,4,,54
5262,521339,ASPIRUS MERRILL HOSPITAL,WI,Critical Access Hospitals,Voluntary non-profit - Church,true,false,,Not Available,5,54
5263,521340,MAYO CLINIC HEALTH SYSTEM-RED CEDAR INC,WI,Critical Access Hospitals,Voluntary non-profit - Private,true,false,3.0,3,,54
5264,521341,RICHLAND HOSPITAL,WI,Critical Access Hospitals,Voluntary non-profit - Private,true,false,1.0,1,,54
5265,521342,INDIANHEAD MEDICAL CTR,WI,Critical Access Hospitals,Proprietary,true,false,,Not Available,16,54
5266,521343,STOUGHTON HOSPITAL,WI,Critical Access Hospitals,Voluntary non-profit - Private,true,false,3.0,3,,54
5267,521344,GUNDERSEN BOSCOBEL AREA HOSPITAL AND CLINICS,WI,Critical Access Hospitals,Voluntary non-profit - Private,true,false,,Not Available,16,54
5268,521345,WESTFIELDS HOSPITAL AND CLINIC,WI,Critical Access Hospitals,Voluntary non-profit - Private,true,false,4.0,4,,54
5269,521346,THEDACARE MEDICAL CENTER - SHAWANO,WI,Critical Access Hospitals,Voluntary non-profit - Private,true,false,4.0,4,,54
5270,521347,WESTERN WISCONSIN HEALTH,WI,Critical Access Hospitals,Voluntary non-profit - Private,true,false,,Not Available,16,54
5271,521348,VERNON MEMORIAL HOSPITAL,WI,Critical Access Hospitals,Voluntary non-profit - Private,true,false,,Not Available,16,54
5272,521349,RIVER FALLS AREA HOSPITAL,WI,Critical Access Hospitals,Voluntary non-profit - Private,true,false,5.0,5,,54
5273,521350,LANGLADE HOSPITAL,WI,Critical Access Hospitals,Voluntary non-profit - Church,true,false,,Not Available,5,54
5274,521351,REEDSBURG AREA MEDICAL CENTER,WI,Critical Access Hospitals,Voluntary non-profit - Private,true,false,5.0,5,,54
5275,521352,UPLAND HILLS HEALTH,WI,Critical Access Hospitals,Voluntary non-profit - Private,true,false,4.0,4,,54
5276,521353,CUMBERLAND MEMORIAL HOSPITAL,WI,Critical Access Hospitals,Voluntary non-profit - Other,true,false,,Not Available,16,54
5277,521354,SOUTHWEST HEALTH CENTER,WI,Critical Access Hospitals,Voluntary non-profit - Private,true,false,,Not Available,16,54
5278,521355,THEDACARE MEDICAL CENTER - BERLIN INC,WI,Critical Access Hospitals,Voluntary non-profit - Private,true,false,3.0,3,,54
5279,521356,BELLIN HEALTH OCONTO HOSPITAL,WI,Critical Access Hospitals,Voluntary non-profit - Private,true,false,,Not Available,16,54
5280,521357,MERCY WALWORTH HOSPITAL & MEDICAL CENTER,WI,Critical Access Hospitals,Voluntary non-profit - Private,true,false,3.0,3,,54
5281,521358,DOOR COUNTY MEDICAL CENTER,WI,Critical Access Hospitals,Voluntary non-profit - Private,true,false,4.0,4,,54
5282,521359,TAMARACK HEALTH ASHLAND MEDICAL CENTER,WI,Critical Access Hospitals,Voluntary non-profit - Private,true,false,3.0,3,,54
5283,523300,CHILDRENS HOSPITAL OF WISCONSIN,WI,Childrens,Voluntary non-profit - Other,true,false,,Not Available,19,54
5284,523302,CHILDRENS HOSPITAL OF WISCONSIN FOX VALLEY,WI,Childrens,Voluntary non-profit - Other,true,false,,Not Available,19,54
5285,524000,AURORA PSYCHIATRIC HOSPITAL,WI,Psychiatric,Voluntary non-profit - Private,true,false,,Not Available,19,54
5286,524002,WINNEBAGO MENTAL HEALTH INSTITUTE,WI,Psychiatric,Government - State,true,false,,Not Available,19,54
5287,524008,MENDOTA MENTAL HEALTH INSTITUTE,WI,Psychiatric,Government - State,true,false,,Not Available,19,54
5288,524014,BROWN COUNTY COMMUNITY TREATMENT CTR,WI,Psychiatric,Government - Local,true,false,,Not Available,19,54
5289,524017,NORTH CENTRAL HEALTH CARE,WI,Psychiatric,Voluntary non-profit - Other,true,false,,Not Available,19,54
5290,524018,ROGERS MEMORIAL HOSPITAL,WI,Psychiatric,Voluntary non-profit - Private,true,false,,Not Available,19,54
5291,524019,NORWOOD HEALTH CENTER,WI,Psychiatric,Government - Local,true,false,,Not Available,19,54
5292,524025,FOND DU LAC COUNTY ACUTE PSYCH UNIT,WI,Psychiatric,Government - Local,true,false,,Not Available,19,54
5293,524026,WAUKESHA COUNTY MENTAL HEALTH CTR,WI,Psychiatric,Government - Local,true,false,,Not Available,19,54
5294,524041,"SBH Green Bay, LLC d/b/a WILLOW CREEK BEHAVIORAL HEALTH",WI,Psychiatric,Proprietary,true,false,,Not Available,19,54
5295,524042,MIRAMONT BEHAVIORAL HEALTH,WI,Psychiatric,Proprietary,true,false,,Not Available,19,54
5296,524043,GRANITE HILLS HOSPITAL,WI,Psychiatric,Proprietary,true,false,,Not Available,19,54
5297,524044,"MENTAL HEALTH EMERGENCY CENTER, INC",WI,Psychiatric,Voluntary non-profit - Private,true,false,,Not Available,19,54
5298,530002,CAMPBELL COUNTY HEALTH,WY,Acute Care Hospitals,Government - Hospital District or Authority,true,false,3.0,3,,56
5299,530006,SHERIDAN MEMORIAL HOSPITAL,WY,Acute Care Hospitals,Government - Local,true,false,3.0,3,,56
5300,530008,SAGEWEST HEALTH CARE,WY,Acute Care Hospitals,Proprietary,true,false,2.0,2,,56
5301,530012,BANNER WYOMING MEDICAL CENTER,WY,Acute Care Hospitals,Government - Local,true,false,2.0,2,,56
5302,530014,CHEYENNE REGIONAL MEDICAL CENTER,WY,Acute Care Hospitals,Voluntary non-profit - Other,true,false,3.0,3,,56
5303,530015,ST JOHNS MEDICAL CENTER,WY,Acute Care Hospitals,Government - Hospital District or Authority,true,false,5.0,5,,56
5304,530025,IVINSON MEMORIAL HOSPITAL,WY,Acute Care Hospitals,Government - Hospital District or Authority,true,false,3.0,3,,56
5305,530034,SUMMIT MEDICAL CENTER,WY,Acute Care Hospitals,Physician,true,false,,Not Available,16,56
5306,530038,SUBLETTE COUNTY HEALTH,WY,Acute Care Hospitals,Government - Hospital District or Authority,true,false,,Not Available,19,56
5307,53004F,CHEYENNE VA MEDICAL CENTER,WY,Acute Care - Veterans Administration,Veterans Health Administration,true,true,5.0,5,,56
5308,53005F,SHERIDAN VA MEDICAL CENTER,WY,Acute Care - Veterans Administration,Veterans Health Administration,true,true,,Not Available,16,56
5309,531301,SOUTH BIG HORN COUNTY HOSPITAL,WY,Critical Access Hospitals,Government - Hospital District or Authority,true,false,,Not Available,16,56
5310,531302,MEMORIAL HOSPITAL OF CONVERSE COUNTY,WY,Critical Access Hospitals,Government - Local,true,false,4.0,4,,56
5311,531303,WESTON COUNTY HEALTH SERVICES,WY,Critical Access Hospitals,Government - Hospital District or Authority,true,false,,Not Available,16,56
5312,531304,HOT SPRINGS COUNTY MEMORIAL HOSPITAL,WY,Critical Access Hospitals,Government - Hospital District or Authority,true,false,3.0,3,,56
5313,531305,PLATTE COUNTY HOSPITAL,WY,Critical Access Hospitals,Government - Local,true,false,4.0,4,,56
5314,531306,WASHAKIE MEDICAL CENTER,WY,Critical Access Hospitals,Government - Local,true,false,4.0,4,,56
5315,531307,COMMUNITY HOSPITAL,WY,Critical Access Hospitals,Voluntary non-profit - Private,true,false,2.0,2,,56
5316,531308,JOHNSON COUNTY HEALTHCARE CENTER,WY,Critical Access Hospitals,Government - Hospital District or Authority,true,false,,Not Available,16,56
5317,531309,NORTH BIG HORN HOSPITAL DISTRICT,WY,Critical Access Hospitals,Government - Hospital District or Authority,true,false,4.0,4,,56
5318,531310,POWELL VALLEY HOSPITAL,WY,Critical Access Hospitals,Government - Hospital District or Authority,true,false,4.0,4,,56
5319,531311,CROOK COUNTY HOSPITAL,WY,Critical Access Hospitals,Government - Hospital District or Authority,true,false,,Not Available,16,56
5320,531312,CODY REGIONAL HEALTH,WY,Critical Access Hospitals,Government - Hospital District or Authority,true,false,3.0,3,,56
5321,531313,STAR VALLEY MEDICAL CENTER,WY,Critical Access Hospitals,Government - Hospital District or Authority,true,false,,Not Available,16,56
5322,531314,NIOBRARA COUNTY HOSPITAL DISTRICT,WY,Critical Access Hospitals,Government - Hospital District or Authority,true,false,,Not Available,16,56
5323,531315,SOUTH LINCOLN MEDICAL CENTER - CAH,WY,Critical Access Hospitals,Government - Hospital District or Authority,true,false,,Not Available,16,56
5324,531316,MEMORIAL HOSPITAL OF CARBON COUNTY,WY,Critical Access Hospitals,Government - Local,true,false,,Not Available,16,56
5325,531317,NORTH PLATTE VALLEY MEDICAL CENTER,WY,Critical Access Hospitals,Voluntary non-profit - Private,true,false,,Not Available,5,56
5326,531318,MEMORIAL HOSPITAL SWEETWATER COUNTY,WY,Critical Access Hospitals,Government - Hospital District or Authority,true,false,,Not Available,5,56
5327,531319,EVANSTON REGIONAL HOSPITAL,WY,Critical Access Hospitals,Proprietary,true,false,,Not Available,5,56
5328,534004,WYOMING BEHAVIORAL INSTITUTE,WY,Psychiatric,Proprietary,true,false,,Not Available,19,56
5329,640001,LBJ TROPICAL MEDICAL CENTER,AS,Acute Care Hospitals,Government - Hospital District or Authority,true,false,,Not Available,19,4
5330,650001,GUAM MEMORIAL  HOSPITAL AUTHORITY,GU,Acute Care Hospitals,Government - Local,true,false,2.0,2,,13
5331,650003,GUAM REGIONAL MEDICAL CITY,GU,Acute Care Hospitals,Proprietary,true,false,,Not Available,19,13
5332,660001,COMMONWEALTH HEALTH CENTER,MP,Acute Care Hospitals,Government - State,true,false,,Not Available,16,28
5333,670005,MEMORIAL HERMANN SURGICAL HOSPITAL KINGWOOD,TX,Acute Care Hospitals,Proprietary,true,false,,Not Available,16,48
5334,670006,THE HOSPITAL AT WESTLAKE MEDICAL CENTER,TX,Acute Care Hospitals,Physician,true,false,,Not Available,16,48
5335,670008,MEMORIAL HERMANN HOUSTON PHYSICIANS HOSPITAL,TX,Acute Care Hospitals,Physician,true,false,,Not Available,16,48
5336,670010,MAYHILL HOSPITAL,TX,Acute Care Hospitals,Proprietary,true,false,,Not Available,16,48
5337,670023,METHODIST MANSFIELD MEDICAL CENTER,TX,Acute Care Hospitals,Voluntary non-profit - Private,true,false,4.0,4,,48
5338,670025,BAYLOR SCOTT & WHITE THE HEART HOSPITAL PLANO,TX,Acute Care Hospitals,Physician,true,false,4.0,4,,48
5339,670031,ST LUKE'S PATIENTS MEDICAL CENTER,TX,Acute Care Hospitals,Proprietary,true,false,3.0,3,,48
5340,670034,BAYLOR SCOTT & WHITE MEDICAL CENTER - ROUND ROCK,TX,Acute Care Hospitals,Voluntary non-profit - Private,true,false,4.0,4,,48
5341,670041,ASCENSION SETON WILLIAMSON,TX,Acute Care Hospitals,Voluntary non-profit - Private,true,false,4.0,4,29,48
5342,670043,ASCENSION SETON CEDAR PARK,TX,Acute Care Hospitals,Voluntary non-profit - Private,true,false,3.0,3,,48
5343,670044,TEXAS HEALTH PRESBYTERIAN HOSPITAL ROCKWALL,TX,Acute Care Hospitals,Proprietary,true,false,5.0,5,,48
5344,670047,THE HOSPITALS OF PROVIDENCE - EAST CAMPUS,TX,Acute Care Hospitals,Proprietary,true,false,2.0,2,,48
5345,670049,NORTH CENTRAL SURGICAL CENTER LLP,TX,Acute Care Hospitals,Voluntary non-profit - Other,true,false,,Not Available,16,48
5346,670053,ST LUKE'S SUGAR LAND HOSPITAL,TX,Acute Care Hospitals,Voluntary non-profit - Private,true,false,3.0,3,,48
5347,670054,FOUNDATION SURGICAL HOSPITAL OF SAN ANTONIO,TX,Acute Care Hospitals,Proprietary,true,false,,Not Available,16,48
5348,670055,METHODIST HOSPITAL  STONE OAK,TX,Acute Care Hospitals,Proprietary,true,false,4.0,4,,48
5349,670056,ASCENSION  SETON HAYS,TX,Acute Care Hospitals,Voluntary non-profit - Private,true,false,3.0,3,29,48
5350,670059,CHI ST LUKES LAKESIDE HOSPITAL,TX,Acute Care Hospitals,Voluntary non-profit - Other,true,false,,Not Available,16,48
5351,670060,BAYLOR SCOTT AND WHITE MEDICAL CENTER SUNNYVALE,TX,Acute Care Hospitals,Proprietary,true,false,2.0,2,,48
5352,670062,BAYLOR SCOTT & WHITE EMERGENCY HOSPITAL,TX,Acute Care Hospitals,Proprietary,true,false,,Not Available,16,48
5353,670067,BAYLOR SCOTT AND WHITE ORTHOPEDIC AND SPINE HOSPI,TX,Acute Care Hospitals,Proprietary,true,false,,Not Available,16,48
5354,670068,TEXAS HEALTH PRESBYTERIAN HOSPITAL FLOWER MOUND,TX,Acute Care Hospitals,Proprietary,true,false,5.0,5,,48
5355,670069,METHODIST MCKINNEY HOSPITAL,TX,Acute Care Hospitals,Physician,true,false,,Not Available,16,48
5356,670071,TEXAS HEALTH HEART & VASCULAR HOSPITAL ARLINGTON,TX,Acute Care Hospitals,Physician,true,false,4.0,4,,48
5357,670073,METHODIST HOSPITAL FOR SURGERY,TX,Acute Care Hospitals,Proprietary,true,false,4.0,4,,48
5358,670075,ST LUKE'S HOSPITAL AT THE VINTAGE,TX,Acute Care Hospitals,Voluntary non-profit - Private,true,false,4.0,4,,48
5359,670076,BAYLOR SCOTT AND WHITE SURGICAL HOSPITAL AT SHERMA,TX,Acute Care Hospitals,Physician,true,false,3.0,3,,48
5360,670077,HOUSTON METHODIST WEST HOSPITAL,TX,Acute Care Hospitals,Voluntary non-profit - Private,true,false,5.0,5,,48
5361,670078,BAPTIST NEIGHBORHOOD HOSPITAL THOUSAND OAKS,TX,Acute Care Hospitals,Proprietary,true,false,5.0,5,,48
5362,670080,SETON MEDICAL CENTER HARKER HEIGHTS,TX,Acute Care Hospitals,Proprietary,true,false,4.0,4,,48
5363,670082,BAYLOR SCOTT AND WHITE  MEDICAL CENTER  MCKINNEY,TX,Acute Care Hospitals,Voluntary non-profit - Private,true,false,4.0,4,,48
5364,670085,TEXAS HEALTH HARRIS METHODIST HOSPITAL ALLIANCE,TX,Acute Care Hospitals,Voluntary non-profit - Private,true,false,5.0,5,,48
5365,670088,BAYLOR SCOTT & WHITE MEDICAL CENTER- COLLEGE STATI,TX,Acute Care Hospitals,Voluntary non-profit - Private,true,false,4.0,4,,48
5366,670090,CRESCENT MEDICAL CENTER LANCASTER,TX,Acute Care Hospitals,Proprietary,true,false,2.0,2,,48
5367,670093,ASPIRE HOSPITAL,TX,Acute Care Hospitals,Physician,true,false,,Not Available,16,48
5368,670098,RESOLUTE HEALTH HOSPITAL,TX,Acute Care Hospitals,Proprietary,true,false,4.0,4,,48
5369,670102,"AD HOSPITAL EAST, LLC",TX,Acute Care Hospitals,Proprietary,true,false,,Not Available,16,48
5370,670103,MEDICAL CITY ALLIANCE,TX,Acute Care Hospitals,Voluntary non-profit - Private,true,false,3.0,3,,48
5371,670106,HCA HOUSTON HEALTHCARE PEARLAND,TX,Acute Care Hospitals,Proprietary,true,false,3.0,3,,48
5372,670107,BAYLOR SCOTT AND WHITE EMERGENCY HOSPITAL,TX,Acute Care Hospitals,Proprietary,true,false,,Not Available,16,48
5373,670108,BAYLOR SCOTT & WHITE MEDICAL CENTER - MARBLE FALLS,TX,Acute Care Hospitals,Voluntary non-profit - Private,true,false,4.0,4,,48
5374,670109,BAYTOWN MEDICAL CENTER LP,TX,Acute Care Hospitals,Proprietary,true,false,,Not Available,16,48
5375,670112,LEGENT ORTHOPEDIC + SPINE,TX,Acute Care Hospitals,Proprietary,true,false,,Not Available,16,48
5376,670115,CLEVELAND EMERGENCY HOSPITAL,TX,Acute Care Hospitals,Proprietary,true,false,,Not Available,16,48
5377,670120,THE HOSPITALS OF PROVIDENCE TRANSMOUNTAIN CAMPUS,TX,Acute Care Hospitals,Proprietary,true,false,2.0,2,,48
5378,670121,SAINT CAMILLUS MEDICAL CENTER,TX,Acute Care Hospitals,Proprietary,true,false,,Not Available,16,48
5379,670122,HOUSTON METHODIST THE WOODLANDS HOSPITAL,TX,Acute Care Hospitals,Voluntary non-profit - Private,true,false,5.0,5,,48
5380,670124,THE HOSPITALS OF PROVIDENCE HORIZON CITY CAMPUS,TX,Acute Care Hospitals,Proprietary,true,false,,Not Available,16,48
5381,670125,TEXAS CENTER FOR INFECTIOUS DISEASE,TX,Acute Care Hospitals,Government - State,true,false,,Not Available,19,48
5382,670128,BAYLOR SCOTT & WHITE MEDICAL CENTER PFLUGERVILLE,TX,Acute Care Hospitals,Voluntary non-profit - Private,true,false,4.0,4,,48
5383,670131,BAYLOR SCOTT & WHITE MEDICAL CENTER - BUDA,TX,Acute Care Hospitals,Voluntary non-profit - Private,true,false,,Not Available,16,48
5384,670132,METHODIST SOUTHLAKE MEDICAL CENTER,TX,Acute Care Hospitals,Proprietary,true,false,,Not Available,16,48
5385,670134,ALTUS LUMBERTON HOSPITAL,TX,Acute Care Hospitals,Proprietary,true,false,,Not Available,16,48
5386,670135,"ALTUS HOUSTON HOSPITAL, LP",TX,Acute Care Hospitals,Proprietary,true,false,,Not Available,16,48
5387,670136,BAYLOR SCOTT & WHITE MEDICAL CENTER- AUSTIN,TX,Acute Care Hospitals,Voluntary non-profit - Private,true,false,,Not Available,16,48
5388,670260,TEXAS HEALTH HOSPITAL FRISCO,TX,Acute Care Hospitals,Voluntary non-profit - Private,true,false,4.0,4,,48
5389,670265,LEGENT ORTHOPEDIC HOSPITAL,TX,Acute Care Hospitals,Proprietary,true,false,,Not Available,16,48
5390,670266,TOWNSEN MEMORIAL HOSPITAL,TX,Acute Care Hospitals,Proprietary,true,false,,Not Available,16,48
5391,670267,THE WOODLANDS SPECIALTY HOSPITAL,TX,Acute Care Hospitals,Proprietary,true,false,,Not Available,16,48
5392,670285,ELITE HOSPITAL KINGWOOD,TX,Acute Care Hospitals,Proprietary,true,false,,Not Available,16,48
5393,670300,METHODIST MIDLOTHIAN MEDICAL CENTER,TX,Acute Care Hospitals,Voluntary non-profit - Private,true,false,4.0,4,,48
5394,670309,TEXAS HEALTH HOSPITAL MANSFIELD,TX,Acute Care Hospitals,Voluntary non-profit - Private,true,false,5.0,5,,48
5395,670314,ST MICHAELS MEDICAL HOSPITAL LLC,TX,Acute Care Hospitals,Proprietary,true,false,,Not Available,16,48
5396,670320,EAST HOUSTON MEDICAL CENTER,TX,Acute Care Hospitals,Proprietary,true,false,,Not Available,5,48
5397,670321,ADVANCED DALLAS HOSPITALS AND CLINICS,TX,Acute Care Hospitals,Proprietary,true,false,,Not Available,16,48
5398,670322,LEGENT SURGICAL HOSPITAL PLANO,TX,Acute Care Hospitals,Proprietary,true,false,,Not Available,16,48
5399,670326,BRUSHY CREEK FAMILY HOSPITAL LLC,TX,Acute Care Hospitals,Proprietary,true,false,,Not Available,5,48
5400,670327,EXCEPTIONAL COMMUNITY HOSPITAL LUBBOCK,TX,Acute Care Hospitals,Proprietary,true,false,,Not Available,19,48
5401,670331,MID COAST MEDICAL CENTER-TRINITY,TX,Acute Care Hospitals,Voluntary non-profit - Other,true,false,,Not Available,5,48
5402,670333,WESTOVER HILLS BAPTIST HOSPITAL,TX,Acute Care Hospitals,Proprietary,true,false,,Not Available,5,48
5403,670335,UT HEALTH SAN ANTONIO MULTISPECIALTY & RESEARCH HO,TX,Acute Care Hospitals,Government - State,true,false,,Not Available,5,48
5404,670336,BANDERA FAMILY HOSPITAL,TX,Acute Care Hospitals,Proprietary,true,false,,Not Available,19,48
5405,670340,METHODIST CELINA MEDICAL CENTER,TX,Acute Care Hospitals,Voluntary non-profit - Private,true,false,,Not Available,5,48
5406,670342,HOUSTON METHODIST CYPRESS HOSPITAL,TX,Acute Care Hospitals,Voluntary non-profit - Private,true,false,,Not Available,5,48
5407,670343,BAYLOR SCOTT & WHITE HOSPITAL BRENHAM,TX,Acute Care Hospitals,Voluntary non-profit - Private,true,false,,Not Available,5,48
5408,670345,LEGENT NORTH HOUSTON SURGICAL HOSPITAL,TX,Acute Care Hospitals,Physician,true,false,,Not Available,5,48
5409,670346,BAYLOR SCOTT AND WHITE MEDICAL CENTER FRISCO AT PG,TX,Acute Care Hospitals,Voluntary non-profit - Private,true,false,,Not Available,5,48
5410,670347,BAYLOR SCOTT AND WHITE THE HEART HOSPITAL CORINTH,TX,Acute Care Hospitals,Physician,true,false,,Not Available,5,48
5411,670779,CROSBYTON CLINIC HOSPITAL,TX,Rural Emergency Hospital,Voluntary non-profit - Private,true,false,,Not Available,19,48
5412,670780,FALLS COMMUNITY HOSPITAL AND CLINIC,TX,Rural Emergency Hospital,Voluntary non-profit - Private,true,false,,Not Available,19,48
5413,670781,ANSON GENERAL HOSPITAL,TX,Rural Emergency Hospital,Government - Hospital District or Authority,true,false,,Not Available,19,48
5414,670783,CHI ST LUKES HEALTH MEMORIAL SAN AUGUSTINE,TX,Rural Emergency Hospital,Voluntary non-profit - Private,true,false,,Not Available,19,48
5415,671300,GRAHAM REGIONAL MEDICAL CENTER,TX,Critical Access Hospitals,Government - Hospital District or Authority,true,false,,Not Available,16,48
5416,671301,HEMPHILL COUNTY HOSPITAL,TX,Critical Access Hospitals,Government - Hospital District or Authority,true,false,,Not Available,16,48
5417,671302,STEPHENS MEMORIAL HOSPITAL,TX,Critical Access Hospitals,Government - Hospital District or Authority,true,false,,Not Available,5,48
5418,671303,EASTLAND MEMORIAL HOSPITAL,TX,Critical Access Hospitals,Government - Hospital District or Authority,true,false,,Not Available,5,48
5419,671304,ASCENSION SETON SMITHVILLE,TX,Critical Access Hospitals,Voluntary non-profit - Private,true,false,,Not Available,5,48
5420,010008,CRENSHAW COMMUNITY HOSPITAL,AL,,,false,false,,,,2
5421,010018,CALLAHAN EYE HOSPITAL,AL,,,false,false,,,,2
5422,010059,LAWRENCE MEDICAL CENTER,AL,,,false,false,,,,2
5423,010120,MONROE COUNTY HOSPITAL,AL,,,false,false,,,,2
5424,040067,MAGNOLIA REGIONAL MEDICAL HOSPITAL,AR,,,false,false,,,,3
5425,050125,REGIONAL MEDICAL CENTER OF SAN JOSE,CA,,,false,false,,,,6
5426,050589,UCI HEALTH - PLACENTIA LINDA,CA,,,false,false,,,,6
5427,070012,ROCKVILLE GENERAL HOSPITAL,CT,,,false,false,,,,8
5428,100047,SHOREPOINT HEALTH PUNTA GORDA,FL,,,false,false,,,,11
5429,100092,ORLANDO HEALTH ROCKLEDGE HOSPITAL,FL,,,false,false,,,,11
5430,240052,LAKE REGION HEALTHCARE CORPORATION,MN,,,false,false,,,,26
5431,260176,ST LUKE'S DES PERES HOSPITAL,MO,,,false,false,,,,27
5432,330060,"CARTHAGE AREA HOSPITAL, INC",NY,,,false,false,,,,38
5433,390326,ST LUKE'S HOSPITAL - ANDERSON CAMPUS,PA,,,false,false,,,,42
5434,390337,GEISINGER MEDICAL CENTER MUNCY,PA,,,false,false,,,,42
5435,450143,ASCENSION SETON SMITHVILLE,TX,,,false,false,,,,48
5436,450271,MEDICAL CITY DECATUR,TX,,,false,false,,,,48
5437,450411,EASTLAND MEMORIAL HOSPITAL,TX,,,false,false,,,,48
5438,450827,KELL WEST REGIONAL HOSPITAL,TX,,,false,false,,,,48
5439,520215,MARSHFIELD MEDICAL CENTER - RIVER REGION,WI,,,false,false,,,,54
5440,420117,MEDICAL UNIVERSITY HOSPITAL AUTHORITY,SC,,,false,false,,,,45
