provider_program_score_key,facility_key,reporting_period_key,source_release_key,fiscal_year,clinical_outcomes_unweighted,clinical_outcomes_weighted,engagement_unweighted,engagement_weighted,safety_unweighted,safety_weighted,efficiency_unweighted,efficiency_weighted,total_performance_score,is_tps_reportable,suppression_reason
1,1,8,6,2026,24.0,6.0,43.0,10.75,51.666666666667,12.916666666667,10.0,2.5,32.166666666667,true,
2,2,8,6,2026,5.0,1.25,37.0,9.25,31.666666666667,7.916666666667,10.0,2.5,20.916666666667,true,
3,3,8,6,2026,3.333333333333,0.833333333333,15.0,3.75,85.0,21.25,0.0,0.0,25.833333333333,true,
4,6,8,6,2026,4.0,1.0,45.0,11.25,43.333333333333,10.833333333333,30.0,7.5,30.583333333333,true,
5,7,8,6,2026,18.333333333333,4.583333333333,19.0,4.75,43.333333333333,10.833333333333,10.0,2.5,22.666666666667,true,
6,8,8,6,2026,0.0,0.0,65.0,16.25,68.333333333333,17.083333333333,0.0,0.0,33.333333333333,true,
7,11,8,6,2026,25.0,6.25,43.0,10.75,28.333333333333,7.083333333333,20.0,5.0,29.083333333333,true,
8,12,8,6,2026,34.0,8.5,28.0,7.0,41.666666666667,10.416666666667,20.0,5.0,30.916666666667,true,
9,13,8,6,2026,6.666666666667,1.666666666667,48.0,12.0,25.0,6.25,30.0,7.5,27.416666666667,true,
10,14,8,6,2026,28.333333333333,7.083333333333,50.0,12.5,26.666666666667,6.666666666667,10.0,2.5,28.75,true,
11,16,8,6,2026,10.0,2.5,30.0,7.5,41.666666666667,10.416666666667,10.0,2.5,22.916666666667,true,
12,17,8,6,2026,2.5,0.625,38.0,9.5,65.0,16.25,20.0,5.0,31.375,true,
13,18,8,6,2026,18.333333333333,4.583333333333,38.0,9.5,16.666666666667,4.166666666667,0.0,0.0,18.25,true,
14,19,8,6,2026,23.333333333333,5.833333333333,27.0,6.75,48.333333333333,12.083333333333,0.0,0.0,24.666666666667,true,
15,21,8,6,2026,3.333333333333,0.833333333333,94.0,23.5,10.0,2.5,30.0,7.5,34.333333333333,true,
16,22,8,6,2026,10.0,2.5,39.0,9.75,62.0,15.5,0.0,0.0,27.75,true,
17,23,8,6,2026,0.0,0.0,54.0,13.5,65.0,16.25,40.0,10.0,39.75,true,
18,26,8,6,2026,5.0,1.25,47.0,11.75,78.333333333333,19.583333333333,0.0,0.0,32.583333333333,true,
19,29,8,6,2026,0.0,0.0,54.0,13.5,50.0,12.5,50.0,12.5,38.5,true,
20,31,8,6,2026,8.0,2.0,31.0,7.75,33.333333333333,8.333333333333,30.0,7.5,25.583333333333,true,
21,33,8,6,2026,12.0,3.0,10.0,2.5,48.333333333333,12.083333333333,10.0,2.5,20.083333333333,true,
22,34,8,6,2026,27.5,6.875,68.0,17.0,36.0,9.0,0.0,0.0,32.875,true,
23,35,8,6,2026,14.0,3.5,49.0,12.25,76.666666666667,19.166666666667,10.0,2.5,37.416666666667,true,
24,36,8,6,2026,14.0,3.5,30.0,7.5,65.0,16.25,0.0,0.0,27.25,true,
25,38,8,6,2026,23.333333333333,5.833333333333,33.0,8.25,11.666666666667,2.916666666667,10.0,2.5,19.5,true,
26,39,8,6,2026,33.333333333333,8.333333333333,19.0,4.75,51.666666666667,12.916666666667,20.0,5.0,31.0,true,
27,42,8,6,2026,0.0,0.0,33.0,8.25,25.0,6.25,20.0,5.0,19.5,true,
28,45,8,6,2026,5.0,1.25,19.0,4.75,5.0,1.25,40.0,10.0,17.25,true,
29,46,8,6,2026,6.666666666667,1.666666666667,47.0,11.75,26.666666666667,6.666666666667,40.0,10.0,30.083333333333,true,
30,47,8,6,2026,25.0,6.25,65.0,16.25,30.0,7.5,10.0,2.5,32.5,true,
31,48,8,6,2026,21.666666666667,5.416666666667,24.0,6.0,33.333333333333,8.333333333333,0.0,0.0,19.75,true,
32,49,8,6,2026,1.666666666667,0.416666666667,31.0,7.75,51.666666666667,12.916666666667,0.0,0.0,21.083333333333,true,
33,50,8,6,2026,10.0,2.5,48.0,12.0,13.333333333333,3.333333333333,50.0,12.5,30.333333333333,true,
34,52,8,6,2026,5.0,1.25,39.0,9.75,0.0,0.0,90.0,22.5,33.5,true,
35,53,8,6,2026,15.0,3.75,23.0,5.75,31.666666666667,7.916666666667,10.0,2.5,19.916666666667,true,
36,54,8,6,2026,16.666666666667,4.166666666667,27.0,6.75,28.333333333333,7.083333333333,0.0,0.0,18.0,true,
37,55,8,6,2026,23.333333333333,5.833333333333,10.0,2.5,56.666666666667,14.166666666667,30.0,7.5,30.0,true,
38,5423,8,6,2026,0.0,0.0,,,10.0,3.333333333333,30.0,10.0,13.333333333333,true,
39,56,8,6,2026,6.666666666667,2.222222222222,73.0,24.333333333333,,,10.0,3.333333333333,29.888888888889,true,
40,57,8,6,2026,15.0,5.0,81.0,27.0,,,30.0,10.0,42.0,true,
41,59,8,6,2026,10.0,2.5,87.0,21.75,15.0,3.75,50.0,12.5,40.5,true,
42,61,8,6,2026,24.0,6.0,22.0,5.5,51.666666666667,12.916666666667,0.0,0.0,24.416666666667,true,
43,63,8,6,2026,12.0,3.0,11.0,2.75,41.666666666667,10.416666666667,0.0,0.0,16.166666666667,true,
44,64,8,6,2026,18.333333333333,4.583333333333,23.0,5.75,48.333333333333,12.083333333333,0.0,0.0,22.416666666667,true,
45,65,8,6,2026,13.333333333333,4.444444444444,57.0,19.0,,,50.0,16.666666666667,40.111111111111,true,
46,66,8,6,2026,20.0,5.0,47.0,11.75,28.333333333333,7.083333333333,30.0,7.5,31.333333333333,true,
47,71,8,6,2026,0.0,0.0,33.0,8.25,76.666666666667,19.166666666667,40.0,10.0,37.416666666667,true,
48,72,8,6,2026,,,92.0,30.666666666667,50.0,16.666666666667,20.0,6.666666666667,54.0,true,
49,100,8,6,2026,26.666666666667,6.666666666667,40.0,10.0,15.0,3.75,20.0,5.0,25.416666666667,true,
50,101,8,6,2026,0.0,0.0,57.0,14.25,61.666666666667,15.416666666667,100.0,25.0,54.666666666667,true,
51,102,8,6,2026,43.333333333333,10.833333333333,77.0,19.25,50.0,12.5,100.0,25.0,67.583333333333,true,
52,103,8,6,2026,2.0,0.5,30.0,7.5,15.0,3.75,100.0,25.0,36.75,true,
53,104,8,6,2026,16.666666666667,4.166666666667,28.0,7.0,28.333333333333,7.083333333333,60.0,15.0,33.25,true,
54,105,8,6,2026,10.0,2.5,14.0,3.5,85.0,21.25,100.0,25.0,52.25,true,
55,106,8,6,2026,0.0,0.0,38.0,9.5,46.0,11.5,100.0,25.0,46.0,true,
56,107,8,6,2026,30.0,7.5,34.0,8.5,16.666666666667,4.166666666667,80.0,20.0,40.166666666667,true,
57,125,8,6,2026,72.0,18.0,17.0,4.25,33.333333333333,8.333333333333,0.0,0.0,30.583333333333,true,
58,126,8,6,2026,13.333333333333,3.333333333333,9.0,2.25,33.333333333333,8.333333333333,0.0,0.0,13.916666666667,true,
59,127,8,6,2026,12.5,3.125,32.0,8.0,57.5,14.375,0.0,0.0,25.5,true,
60,128,8,6,2026,26.0,6.5,11.0,2.75,14.0,3.5,10.0,2.5,15.25,true,
61,129,8,6,2026,28.0,7.0,4.0,1.0,78.333333333333,19.583333333333,0.0,0.0,27.583333333333,true,
62,130,8,6,2026,10.0,2.5,20.0,5.0,41.666666666667,10.416666666667,10.0,2.5,20.416666666667,true,
63,131,8,6,2026,3.333333333333,0.833333333333,24.0,6.0,18.333333333333,4.583333333333,0.0,0.0,11.416666666667,true,
64,132,8,6,2026,6.0,1.5,30.0,7.5,26.666666666667,6.666666666667,0.0,0.0,15.666666666667,true,
65,133,8,6,2026,30.0,7.5,17.0,4.25,15.0,3.75,30.0,7.5,23.0,true,
66,134,8,6,2026,25.0,6.25,23.0,5.75,55.0,13.75,0.0,0.0,25.75,true,
67,135,8,6,2026,16.666666666667,4.166666666667,21.0,5.25,66.666666666667,16.666666666667,0.0,0.0,26.083333333333,true,
68,136,8,6,2026,68.0,17.0,38.0,9.5,23.333333333333,5.833333333333,0.0,0.0,32.333333333333,true,
69,137,8,6,2026,35.0,8.75,7.0,1.75,51.666666666667,12.916666666667,0.0,0.0,23.416666666667,true,
70,138,8,6,2026,26.0,6.5,32.0,8.0,56.666666666667,14.166666666667,0.0,0.0,28.666666666667,true,
71,140,8,6,2026,12.0,3.0,33.0,8.25,28.333333333333,7.083333333333,0.0,0.0,18.333333333333,true,
72,141,8,6,2026,22.0,5.5,36.0,9.0,70.0,17.5,0.0,0.0,32.0,true,
73,142,8,6,2026,37.5,9.375,32.0,8.0,51.666666666667,12.916666666667,70.0,17.5,47.791666666667,true,
74,143,8,6,2026,25.0,6.25,14.0,3.5,30.0,7.5,0.0,0.0,17.25,true,
75,144,8,6,2026,50.0,12.5,20.0,5.0,56.0,14.0,40.0,10.0,41.5,true,
76,145,8,6,2026,50.0,12.5,13.0,3.25,26.666666666667,6.666666666667,10.0,2.5,24.916666666667,true,
77,146,8,6,2026,20.0,5.0,6.0,1.5,10.0,2.5,0.0,0.0,9.0,true,
78,147,8,6,2026,36.666666666667,9.166666666667,23.0,5.75,85.0,21.25,30.0,7.5,43.666666666667,true,
79,148,8,6,2026,,,51.0,17.0,0.0,0.0,100.0,33.333333333333,50.333333333333,true,
80,149,8,6,2026,,,27.0,9.0,55.0,18.333333333333,100.0,33.333333333333,60.666666666667,true,
81,151,8,6,2026,,,77.0,25.666666666667,90.0,30.0,90.0,30.0,85.666666666667,true,
82,152,8,6,2026,17.5,4.375,11.0,2.75,13.333333333333,3.333333333333,20.0,5.0,15.458333333333,true,
83,154,8,6,2026,31.666666666667,7.916666666667,6.0,1.5,48.333333333333,12.083333333333,0.0,0.0,21.5,true,
84,155,8,6,2026,26.666666666667,6.666666666667,30.0,7.5,16.666666666667,4.166666666667,0.0,0.0,18.333333333333,true,
85,156,8,6,2026,0.0,0.0,10.0,2.5,15.0,3.75,0.0,0.0,6.25,true,
86,157,8,6,2026,36.0,9.0,10.0,2.5,33.333333333333,8.333333333333,0.0,0.0,19.833333333333,true,
87,158,8,6,2026,3.333333333333,0.833333333333,42.0,10.5,35.0,8.75,0.0,0.0,20.083333333333,true,
88,159,8,6,2026,24.0,6.0,11.0,2.75,20.0,5.0,10.0,2.5,16.25,true,
89,160,8,6,2026,0.0,0.0,15.0,3.75,70.0,17.5,0.0,0.0,21.25,true,
90,161,8,6,2026,10.0,2.5,20.0,5.0,52.5,13.125,50.0,12.5,33.125,true,
91,162,8,6,2026,75.0,18.75,97.0,24.25,10.0,2.5,30.0,7.5,53.0,true,
92,163,8,6,2026,30.0,7.5,24.0,6.0,16.666666666667,4.166666666667,0.0,0.0,17.666666666667,true,
93,166,8,6,2026,10.0,2.5,8.0,2.0,15.0,3.75,0.0,0.0,8.25,true,
94,167,8,6,2026,55.0,13.75,14.0,3.5,41.666666666667,10.416666666667,20.0,5.0,32.666666666667,true,
95,170,8,6,2026,14.0,3.5,17.0,4.25,35.0,8.75,20.0,5.0,21.5,true,
96,171,8,6,2026,30.0,7.5,35.0,8.75,46.666666666667,11.666666666667,10.0,2.5,30.416666666667,true,
97,172,8,6,2026,6.666666666667,1.666666666667,25.0,6.25,0.0,0.0,80.0,20.0,27.916666666667,true,
98,173,8,6,2026,42.0,10.5,41.0,10.25,41.666666666667,10.416666666667,0.0,0.0,31.166666666667,true,
99,174,8,6,2026,10.0,2.5,15.0,3.75,54.0,13.5,20.0,5.0,24.75,true,
100,175,8,6,2026,23.333333333333,5.833333333333,24.0,6.0,20.0,5.0,10.0,2.5,19.333333333333,true,
101,176,8,6,2026,46.0,11.5,57.0,14.25,31.666666666667,7.916666666667,20.0,5.0,38.666666666667,true,
102,178,8,6,2026,0.0,0.0,22.0,5.5,45.0,11.25,50.0,12.5,29.25,true,
103,179,8,6,2026,55.0,18.333333333333,71.0,23.666666666667,,,100.0,33.333333333333,75.333333333333,true,
104,181,8,6,2026,,,92.0,30.666666666667,65.0,21.666666666667,30.0,10.0,62.333333333333,true,
105,182,8,6,2026,23.333333333333,5.833333333333,70.0,17.5,10.0,2.5,20.0,5.0,30.833333333333,true,
106,184,8,6,2026,17.5,4.375,61.0,15.25,26.0,6.5,20.0,5.0,31.125,true,
107,185,8,6,2026,25.0,6.25,19.0,4.75,30.0,7.5,0.0,0.0,18.5,true,
108,186,8,6,2026,17.5,4.375,22.0,5.5,46.666666666667,11.666666666667,50.0,12.5,34.041666666667,true,
109,233,8,6,2026,0.0,0.0,68.0,17.0,46.666666666667,11.666666666667,40.0,10.0,38.666666666667,true,
110,234,8,6,2026,26.666666666667,6.666666666667,66.0,16.5,30.0,7.5,0.0,0.0,30.666666666667,true,
111,235,8,6,2026,20.0,5.0,48.0,12.0,18.333333333333,4.583333333333,0.0,0.0,21.583333333333,true,
112,236,8,6,2026,2.0,0.5,35.0,8.75,58.333333333333,14.583333333333,0.0,0.0,23.833333333333,true,
113,237,8,6,2026,14.0,3.5,42.0,10.5,55.0,13.75,0.0,0.0,27.75,true,
114,238,8,6,2026,13.333333333333,4.444444444444,53.0,17.666666666667,,,100.0,33.333333333333,55.444444444444,true,
115,239,8,6,2026,0.0,0.0,27.0,6.75,38.333333333333,9.583333333333,0.0,0.0,16.333333333333,true,
116,240,8,6,2026,17.5,4.375,30.0,7.5,10.0,2.5,10.0,2.5,16.875,true,
117,241,8,6,2026,0.0,0.0,29.0,7.25,55.0,13.75,10.0,2.5,23.5,true,
118,244,8,6,2026,4.0,1.0,50.0,12.5,43.333333333333,10.833333333333,10.0,2.5,26.833333333333,true,
119,245,8,6,2026,10.0,2.5,30.0,7.5,50.0,12.5,20.0,5.0,27.5,true,
120,246,8,6,2026,16.0,4.0,26.0,6.5,63.333333333333,15.833333333333,0.0,0.0,26.333333333333,true,
121,247,8,6,2026,23.333333333333,5.833333333333,51.0,12.75,43.333333333333,10.833333333333,10.0,2.5,31.916666666667,true,
122,248,8,6,2026,30.0,7.5,45.0,11.25,21.666666666667,5.416666666667,0.0,0.0,24.166666666667,true,
123,249,8,6,2026,23.333333333333,5.833333333333,17.0,4.25,53.333333333333,13.333333333333,0.0,0.0,23.416666666667,true,
124,250,8,6,2026,30.0,7.5,48.0,12.0,3.333333333333,0.833333333333,0.0,0.0,20.333333333333,true,
125,251,8,6,2026,36.0,9.0,27.0,6.75,66.666666666667,16.666666666667,0.0,0.0,32.416666666667,true,
126,252,8,6,2026,0.0,0.0,,,50.0,16.666666666667,10.0,3.333333333333,20.0,true,
127,253,8,6,2026,43.333333333333,10.833333333333,42.0,10.5,5.0,1.25,0.0,0.0,22.583333333333,true,
128,254,8,6,2026,40.0,10.0,34.0,8.5,33.333333333333,8.333333333333,20.0,5.0,31.833333333333,true,
129,255,8,6,2026,8.333333333333,2.083333333333,24.0,6.0,36.666666666667,9.166666666667,0.0,0.0,17.25,true,
130,257,8,6,2026,12.0,3.0,27.0,6.75,26.666666666667,6.666666666667,0.0,0.0,16.416666666667,true,
131,260,8,6,2026,3.333333333333,0.833333333333,31.0,7.75,43.333333333333,10.833333333333,0.0,0.0,19.416666666667,true,
132,261,8,6,2026,20.0,5.0,28.0,7.0,67.5,16.875,10.0,2.5,31.375,true,
133,262,8,6,2026,32.5,8.125,49.0,12.25,10.0,2.5,0.0,0.0,22.875,true,
134,265,8,6,2026,28.333333333333,7.083333333333,24.0,6.0,41.666666666667,10.416666666667,0.0,0.0,23.5,true,
135,266,8,6,2026,10.0,2.5,40.0,10.0,40.0,10.0,0.0,0.0,22.5,true,
136,267,8,6,2026,18.0,4.5,26.0,6.5,23.333333333333,5.833333333333,20.0,5.0,21.833333333333,true,
137,270,8,6,2026,35.0,8.75,52.0,13.0,62.5,15.625,0.0,0.0,37.375,true,
138,273,8,6,2026,22.5,5.625,48.0,12.0,16.0,4.0,0.0,0.0,21.625,true,
139,275,8,6,2026,12.5,3.125,93.0,23.25,15.0,3.75,30.0,7.5,37.625,true,
140,323,8,6,2026,6.0,1.5,19.0,4.75,57.5,14.375,0.0,0.0,20.625,true,
141,324,8,6,2026,36.666666666667,9.166666666667,18.0,4.5,33.333333333333,8.333333333333,20.0,5.0,27.0,true,
142,325,8,6,2026,46.666666666667,11.666666666667,48.0,12.0,70.0,17.5,20.0,5.0,46.166666666667,true,
143,326,8,6,2026,6.666666666667,1.666666666667,43.0,10.75,26.0,6.5,10.0,2.5,21.416666666667,true,
144,327,8,6,2026,36.0,9.0,30.0,7.5,65.0,16.25,10.0,2.5,35.25,true,
145,328,8,6,2026,26.666666666667,6.666666666667,40.0,10.0,46.666666666667,11.666666666667,0.0,0.0,28.333333333333,true,
146,329,8,6,2026,17.5,4.375,81.0,20.25,65.0,16.25,40.0,10.0,50.875,true,
147,330,8,6,2026,20.0,5.0,46.0,11.5,56.666666666667,14.166666666667,0.0,0.0,30.666666666667,true,
148,331,8,6,2026,45.0,11.25,19.0,4.75,36.666666666667,9.166666666667,0.0,0.0,25.166666666667,true,
149,332,8,6,2026,37.5,9.375,15.0,3.75,60.0,15.0,0.0,0.0,28.125,true,
150,333,8,6,2026,76.666666666667,19.166666666667,40.0,10.0,31.666666666667,7.916666666667,20.0,5.0,42.083333333333,true,
151,334,8,6,2026,23.333333333333,5.833333333333,28.0,7.0,48.333333333333,12.083333333333,0.0,0.0,24.916666666667,true,
152,335,8,6,2026,0.0,0.0,45.0,11.25,10.0,2.5,70.0,17.5,31.25,true,
153,336,8,6,2026,48.0,12.0,1.0,0.25,26.666666666667,6.666666666667,80.0,20.0,38.916666666667,true,
154,337,8,6,2026,21.666666666667,5.416666666667,28.0,7.0,50.0,12.5,0.0,0.0,24.916666666667,true,
155,338,8,6,2026,33.333333333333,8.333333333333,13.0,3.25,16.666666666667,4.166666666667,0.0,0.0,15.75,true,
156,339,8,6,2026,28.333333333333,7.083333333333,15.0,3.75,56.666666666667,14.166666666667,20.0,5.0,30.0,true,
157,340,8,6,2026,35.0,8.75,26.0,6.5,33.333333333333,8.333333333333,90.0,22.5,46.083333333333,true,
158,341,8,6,2026,20.0,5.0,61.0,15.25,95.0,23.75,40.0,10.0,54.0,true,
159,342,8,6,2026,50.0,12.5,50.0,12.5,46.666666666667,11.666666666667,0.0,0.0,36.666666666667,true,
160,344,8,6,2026,50.0,12.5,40.0,10.0,33.333333333333,8.333333333333,30.0,7.5,38.333333333333,true,
161,345,8,6,2026,0.0,0.0,26.0,6.5,66.666666666667,16.666666666667,20.0,5.0,28.166666666667,true,
162,346,8,6,2026,35.0,8.75,37.0,9.25,55.0,13.75,40.0,10.0,41.75,true,
163,347,8,6,2026,40.0,10.0,8.0,2.0,28.333333333333,7.083333333333,0.0,0.0,19.083333333333,true,
164,348,8,6,2026,15.0,3.75,17.0,4.25,35.0,8.75,0.0,0.0,16.75,true,
165,349,8,6,2026,56.0,14.0,34.0,8.5,55.0,13.75,0.0,0.0,36.25,true,
166,350,8,6,2026,18.0,4.5,35.0,8.75,13.333333333333,3.333333333333,0.0,0.0,16.583333333333,true,
167,351,8,6,2026,34.0,8.5,7.0,1.75,86.666666666667,21.666666666667,0.0,0.0,31.916666666667,true,
168,353,8,6,2026,50.0,12.5,24.0,6.0,23.333333333333,5.833333333333,0.0,0.0,24.333333333333,true,
169,354,8,6,2026,,,42.0,14.0,73.333333333333,24.444444444444,90.0,30.0,68.444444444444,true,
170,355,8,6,2026,,,34.0,11.333333333333,28.333333333333,9.444444444444,0.0,0.0,20.777777777778,true,
171,356,8,6,2026,,,18.0,6.0,33.333333333333,11.111111111111,60.0,20.0,37.111111111111,true,
172,357,8,6,2026,0.0,0.0,32.0,8.0,25.0,6.25,90.0,22.5,36.75,true,
173,358,8,6,2026,22.5,5.625,20.0,5.0,18.333333333333,4.583333333333,50.0,12.5,27.708333333333,true,
174,359,8,6,2026,,,22.0,7.333333333333,28.333333333333,9.444444444444,90.0,30.0,46.777777777778,true,
175,360,8,6,2026,31.666666666667,7.916666666667,29.0,7.25,43.333333333333,10.833333333333,0.0,0.0,26.0,true,
176,361,8,6,2026,30.0,7.5,34.0,8.5,73.333333333333,18.333333333333,30.0,7.5,41.833333333333,true,
177,362,8,6,2026,41.666666666667,10.416666666667,20.0,5.0,45.0,11.25,0.0,0.0,26.666666666667,true,
178,363,8,6,2026,28.0,7.0,25.0,6.25,16.666666666667,4.166666666667,10.0,2.5,19.916666666667,true,
179,364,8,6,2026,10.0,2.5,27.0,6.75,81.666666666667,20.416666666667,0.0,0.0,29.666666666667,true,
180,365,8,6,2026,0.0,0.0,78.0,19.5,40.0,10.0,0.0,0.0,29.5,true,
181,366,8,6,2026,53.333333333333,13.333333333333,10.0,2.5,10.0,2.5,0.0,0.0,18.333333333333,true,
182,368,8,6,2026,38.0,9.5,13.0,3.25,40.0,10.0,0.0,0.0,22.75,true,
183,369,8,6,2026,38.333333333333,9.583333333333,49.0,12.25,13.333333333333,3.333333333333,0.0,0.0,25.166666666667,true,
184,370,8,6,2026,38.0,9.5,27.0,6.75,40.0,10.0,0.0,0.0,26.25,true,
185,371,8,6,2026,3.333333333333,0.833333333333,20.0,5.0,50.0,12.5,0.0,0.0,18.333333333333,true,
186,372,8,6,2026,40.0,10.0,36.0,9.0,35.0,8.75,0.0,0.0,27.75,true,
187,373,8,6,2026,40.0,10.0,17.0,4.25,30.0,7.5,0.0,0.0,21.75,true,
188,374,8,6,2026,8.333333333333,2.083333333333,28.0,7.0,41.666666666667,10.416666666667,30.0,7.5,27.0,true,
189,375,8,6,2026,25.0,6.25,51.0,12.75,45.0,11.25,0.0,0.0,30.25,true,
190,376,8,6,2026,0.0,0.0,22.0,5.5,33.333333333333,8.333333333333,20.0,5.0,18.833333333333,true,
191,377,8,6,2026,68.0,17.0,29.0,7.25,25.0,6.25,0.0,0.0,30.5,true,
192,379,8,6,2026,11.666666666667,2.916666666667,17.0,4.25,46.666666666667,11.666666666667,0.0,0.0,18.833333333333,true,
193,380,8,6,2026,51.666666666667,12.916666666667,15.0,3.75,71.666666666667,17.916666666667,0.0,0.0,34.583333333333,true,
194,381,8,6,2026,30.0,7.5,15.0,3.75,30.0,7.5,0.0,0.0,18.75,true,
195,382,8,6,2026,8.0,2.0,32.0,8.0,71.666666666667,17.916666666667,10.0,2.5,30.416666666667,true,
196,383,8,6,2026,6.0,1.5,14.0,3.5,82.0,20.5,0.0,0.0,25.5,true,
197,384,8,6,2026,50.0,12.5,25.0,6.25,58.333333333333,14.583333333333,10.0,2.5,35.833333333333,true,
198,5425,8,6,2026,26.0,6.5,31.0,7.75,48.333333333333,12.083333333333,0.0,0.0,26.333333333333,true,
199,385,8,6,2026,22.0,5.5,15.0,3.75,43.333333333333,10.833333333333,0.0,0.0,20.083333333333,true,
200,386,8,6,2026,16.666666666667,4.166666666667,44.0,11.0,60.0,15.0,60.0,15.0,45.166666666667,true,
201,387,8,6,2026,8.0,2.0,11.0,2.75,36.666666666667,9.166666666667,0.0,0.0,13.916666666667,true,
202,388,8,6,2026,6.666666666667,1.666666666667,22.0,5.5,60.0,15.0,0.0,0.0,22.166666666667,true,
203,389,8,6,2026,20.0,5.0,67.0,16.75,25.0,6.25,40.0,10.0,38.0,true,
204,390,8,6,2026,28.0,7.0,26.0,6.5,88.333333333333,22.083333333333,0.0,0.0,35.583333333333,true,
205,391,8,6,2026,28.0,7.0,18.0,4.5,35.0,8.75,10.0,2.5,22.75,true,
206,392,8,6,2026,100.0,25.0,13.0,3.25,80.0,20.0,0.0,0.0,48.25,true,
207,393,8,6,2026,34.0,8.5,35.0,8.75,45.0,11.25,10.0,2.5,31.0,true,
208,394,8,6,2026,,,47.0,15.666666666667,31.666666666667,10.555555555556,20.0,6.666666666667,32.888888888889,true,
209,395,8,6,2026,,,44.0,14.666666666667,48.333333333333,16.111111111111,50.0,16.666666666667,47.444444444444,true,
210,396,8,6,2026,,,29.0,9.666666666667,36.666666666667,12.222222222222,60.0,20.0,41.888888888889,true,
211,397,8,6,2026,25.0,6.25,72.0,18.0,51.666666666667,12.916666666667,30.0,7.5,44.666666666667,true,
212,398,8,6,2026,50.0,12.5,50.0,12.5,40.0,10.0,30.0,7.5,42.5,true,
213,399,8,6,2026,16.666666666667,4.166666666667,17.0,4.25,40.0,10.0,0.0,0.0,18.416666666667,true,
214,400,8,6,2026,26.0,6.5,36.0,9.0,45.0,11.25,30.0,7.5,34.25,true,
215,401,8,6,2026,0.0,0.0,19.0,4.75,80.0,20.0,0.0,0.0,24.75,true,
216,402,8,6,2026,55.0,13.75,25.0,6.25,80.0,20.0,0.0,0.0,40.0,true,
217,403,8,6,2026,22.0,5.5,17.0,4.25,26.666666666667,6.666666666667,0.0,0.0,16.416666666667,true,
218,405,8,6,2026,13.333333333333,3.333333333333,13.0,3.25,68.333333333333,17.083333333333,0.0,0.0,23.666666666667,true,
219,406,8,6,2026,20.0,5.0,38.0,9.5,46.666666666667,11.666666666667,0.0,0.0,26.166666666667,true,
220,408,8,6,2026,26.666666666667,6.666666666667,20.0,5.0,11.666666666667,2.916666666667,0.0,0.0,14.583333333333,true,
221,409,8,6,2026,7.5,1.875,18.0,4.5,68.333333333333,17.083333333333,20.0,5.0,28.458333333333,true,
222,410,8,6,2026,40.0,10.0,17.0,4.25,21.666666666667,5.416666666667,0.0,0.0,19.666666666667,true,
223,411,8,6,2026,65.0,16.25,13.0,3.25,45.0,11.25,0.0,0.0,30.75,true,
224,413,8,6,2026,20.0,5.0,46.0,11.5,35.0,8.75,20.0,5.0,30.25,true,
225,414,8,6,2026,20.0,5.0,18.0,4.5,46.666666666667,11.666666666667,10.0,2.5,23.666666666667,true,
226,415,8,6,2026,28.333333333333,7.083333333333,45.0,11.25,67.5,16.875,40.0,10.0,45.208333333333,true,
227,416,8,6,2026,10.0,2.5,29.0,7.25,48.333333333333,12.083333333333,0.0,0.0,21.833333333333,true,
228,418,8,6,2026,16.666666666667,4.166666666667,17.0,4.25,36.666666666667,9.166666666667,10.0,2.5,20.083333333333,true,
229,419,8,6,2026,50.0,12.5,35.0,8.75,11.666666666667,2.916666666667,20.0,5.0,29.166666666667,true,
230,420,8,6,2026,28.0,7.0,47.0,11.75,53.333333333333,13.333333333333,0.0,0.0,32.083333333333,true,
231,421,8,6,2026,48.0,12.0,20.0,5.0,58.0,14.5,0.0,0.0,31.5,true,
232,422,8,6,2026,50.0,12.5,19.0,4.75,13.333333333333,3.333333333333,50.0,12.5,33.083333333333,true,
233,424,8,6,2026,30.0,7.5,11.0,2.75,26.666666666667,6.666666666667,0.0,0.0,16.916666666667,true,
234,425,8,6,2026,26.666666666667,6.666666666667,16.0,4.0,33.333333333333,8.333333333333,0.0,0.0,19.0,true,
235,426,8,6,2026,18.333333333333,4.583333333333,41.0,10.25,54.0,13.5,40.0,10.0,38.333333333333,true,
236,427,8,6,2026,25.0,6.25,71.0,17.75,43.333333333333,10.833333333333,80.0,20.0,54.833333333333,true,
237,428,8,6,2026,36.666666666667,9.166666666667,17.0,4.25,31.666666666667,7.916666666667,0.0,0.0,21.333333333333,true,
238,429,8,6,2026,34.0,8.5,31.0,7.75,50.0,12.5,0.0,0.0,28.75,true,
239,430,8,6,2026,35.0,8.75,12.0,3.0,33.333333333333,8.333333333333,0.0,0.0,20.083333333333,true,
240,431,8,6,2026,73.333333333333,18.333333333333,36.0,9.0,71.666666666667,17.916666666667,0.0,0.0,45.25,true,
241,432,8,6,2026,28.0,7.0,21.0,5.25,30.0,7.5,0.0,0.0,19.75,true,
242,433,8,6,2026,24.0,6.0,24.0,6.0,20.0,5.0,0.0,0.0,17.0,true,
243,434,8,6,2026,23.333333333333,5.833333333333,34.0,8.5,20.0,5.0,0.0,0.0,19.333333333333,true,
244,435,8,6,2026,23.333333333333,5.833333333333,22.0,5.5,51.666666666667,12.916666666667,0.0,0.0,24.25,true,
245,436,8,6,2026,14.0,3.5,31.0,7.75,66.666666666667,16.666666666667,50.0,12.5,40.416666666667,true,
246,439,8,6,2026,12.0,3.0,14.0,3.5,60.0,15.0,0.0,0.0,21.5,true,
247,440,8,6,2026,72.0,18.0,31.0,7.75,16.666666666667,4.166666666667,10.0,2.5,32.416666666667,true,
248,441,8,6,2026,22.5,5.625,40.0,10.0,20.0,5.0,0.0,0.0,20.625,true,
249,442,8,6,2026,23.333333333333,5.833333333333,29.0,7.25,44.0,11.0,40.0,10.0,34.083333333333,true,
250,443,8,6,2026,32.0,8.0,35.0,8.75,36.666666666667,9.166666666667,0.0,0.0,25.916666666667,true,
251,444,8,6,2026,0.0,0.0,29.0,7.25,65.0,16.25,60.0,15.0,38.5,true,
252,446,8,6,2026,30.0,7.5,17.0,4.25,50.0,12.5,0.0,0.0,24.25,true,
253,447,8,6,2026,35.0,8.75,41.0,10.25,70.0,17.5,0.0,0.0,36.5,true,
254,448,8,6,2026,38.333333333333,9.583333333333,33.0,8.25,70.0,17.5,0.0,0.0,35.333333333333,true,
255,449,8,6,2026,5.0,1.25,27.0,6.75,46.666666666667,11.666666666667,0.0,0.0,19.666666666667,true,
256,450,8,6,2026,58.333333333333,14.583333333333,24.0,6.0,41.666666666667,10.416666666667,0.0,0.0,31.0,true,
257,451,8,6,2026,44.0,11.0,37.0,9.25,56.666666666667,14.166666666667,30.0,7.5,41.916666666667,true,
258,452,8,6,2026,16.666666666667,4.166666666667,32.0,8.0,58.333333333333,14.583333333333,0.0,0.0,26.75,true,
259,453,8,6,2026,27.5,6.875,17.0,4.25,70.0,17.5,0.0,0.0,28.625,true,
260,454,8,6,2026,0.0,0.0,41.0,10.25,45.0,11.25,0.0,0.0,21.5,true,
261,455,8,6,2026,30.0,7.5,12.0,3.0,23.333333333333,5.833333333333,0.0,0.0,16.333333333333,true,
262,456,8,6,2026,26.666666666667,6.666666666667,20.0,5.0,67.5,16.875,40.0,10.0,38.541666666667,true,
263,457,8,6,2026,52.0,13.0,15.0,3.75,31.666666666667,7.916666666667,20.0,5.0,29.666666666667,true,
264,458,8,6,2026,43.333333333333,10.833333333333,44.0,11.0,51.666666666667,12.916666666667,0.0,0.0,34.75,true,
265,459,8,6,2026,44.0,11.0,57.0,14.25,63.333333333333,15.833333333333,20.0,5.0,46.083333333333,true,
266,461,8,6,2026,10.0,2.5,14.0,3.5,60.0,15.0,10.0,2.5,23.5,true,
267,462,8,6,2026,0.0,0.0,23.0,5.75,33.333333333333,8.333333333333,10.0,2.5,16.583333333333,true,
268,464,8,6,2026,40.0,10.0,16.0,4.0,20.0,5.0,10.0,2.5,21.5,true,
269,465,8,6,2026,51.666666666667,12.916666666667,59.0,14.75,55.0,13.75,10.0,2.5,43.916666666667,true,
270,466,8,6,2026,44.0,11.0,36.0,9.0,41.666666666667,10.416666666667,0.0,0.0,30.416666666667,true,
271,467,8,6,2026,25.0,6.25,13.0,3.25,62.0,15.5,0.0,0.0,25.0,true,
272,468,8,6,2026,64.0,16.0,39.0,9.75,43.333333333333,10.833333333333,10.0,2.5,39.083333333333,true,
273,469,8,6,2026,42.5,10.625,21.0,5.25,35.0,8.75,60.0,15.0,39.625,true,
274,470,8,6,2026,17.5,4.375,28.0,7.0,33.333333333333,8.333333333333,10.0,2.5,22.208333333333,true,
275,471,8,6,2026,13.333333333333,3.333333333333,22.0,5.5,50.0,12.5,60.0,15.0,36.333333333333,true,
276,472,8,6,2026,28.333333333333,7.083333333333,35.0,8.75,41.666666666667,10.416666666667,0.0,0.0,26.25,true,
277,474,8,6,2026,71.666666666667,17.916666666667,48.0,12.0,38.333333333333,9.583333333333,30.0,7.5,47.0,true,
278,475,8,6,2026,15.0,3.75,68.0,17.0,25.0,6.25,80.0,20.0,47.0,true,
279,476,8,6,2026,40.0,10.0,28.0,7.0,66.666666666667,16.666666666667,10.0,2.5,36.166666666667,true,
280,477,8,6,2026,30.0,7.5,64.0,16.0,75.0,18.75,0.0,0.0,42.25,true,
281,478,8,6,2026,68.333333333333,17.083333333333,20.0,5.0,33.333333333333,8.333333333333,10.0,2.5,32.916666666667,true,
282,479,8,6,2026,18.0,4.5,15.0,3.75,30.0,7.5,30.0,7.5,23.25,true,
283,480,8,6,2026,22.5,5.625,12.0,3.0,46.666666666667,11.666666666667,40.0,10.0,30.291666666667,true,
284,481,8,6,2026,15.0,3.75,3.0,0.75,8.333333333333,2.083333333333,50.0,12.5,19.083333333333,true,
285,483,8,6,2026,25.0,6.25,25.0,6.25,31.666666666667,7.916666666667,0.0,0.0,20.416666666667,true,
286,484,8,6,2026,6.666666666667,1.666666666667,10.0,2.5,35.0,8.75,0.0,0.0,12.916666666667,true,
287,485,8,6,2026,43.333333333333,10.833333333333,3.0,0.75,45.0,11.25,0.0,0.0,22.833333333333,true,
288,487,8,6,2026,15.0,3.75,46.0,11.5,30.0,7.5,0.0,0.0,22.75,true,
289,488,8,6,2026,41.666666666667,10.416666666667,58.0,14.5,33.333333333333,8.333333333333,0.0,0.0,33.25,true,
290,490,8,6,2026,0.0,0.0,19.0,4.75,35.0,8.75,50.0,12.5,26.0,true,
291,491,8,6,2026,,,36.0,12.0,28.333333333333,9.444444444444,20.0,6.666666666667,28.111111111111,true,
292,492,8,6,2026,10.0,2.5,36.0,9.0,76.666666666667,19.166666666667,30.0,7.5,38.166666666667,true,
293,493,8,6,2026,5.0,1.25,47.0,11.75,36.666666666667,9.166666666667,40.0,10.0,32.166666666667,true,
294,495,8,6,2026,70.0,17.5,89.0,22.25,51.666666666667,12.916666666667,40.0,10.0,62.666666666667,true,
295,496,8,6,2026,15.0,3.75,12.0,3.0,35.0,8.75,20.0,5.0,20.5,true,
296,497,8,6,2026,50.0,12.5,8.0,2.0,51.666666666667,12.916666666667,0.0,0.0,27.416666666667,true,
297,498,8,6,2026,53.333333333333,13.333333333333,24.0,6.0,26.666666666667,6.666666666667,0.0,0.0,26.0,true,
298,499,8,6,2026,66.666666666667,16.666666666667,72.0,18.0,13.333333333333,3.333333333333,0.0,0.0,38.0,true,
299,500,8,6,2026,0.0,0.0,20.0,5.0,51.666666666667,12.916666666667,40.0,10.0,27.916666666667,true,
300,501,8,6,2026,70.0,17.5,52.0,13.0,25.0,6.25,10.0,2.5,39.25,true,
301,502,8,6,2026,12.5,3.125,16.0,4.0,50.0,12.5,0.0,0.0,19.625,true,
302,503,8,6,2026,42.0,10.5,32.0,8.0,70.0,17.5,10.0,2.5,38.5,true,
303,504,8,6,2026,22.0,5.5,16.0,4.0,13.333333333333,3.333333333333,0.0,0.0,12.833333333333,true,
304,505,8,6,2026,56.666666666667,14.166666666667,10.0,2.5,50.0,12.5,20.0,5.0,34.166666666667,true,
305,507,8,6,2026,51.666666666667,12.916666666667,12.0,3.0,15.0,3.75,0.0,0.0,19.666666666667,true,
306,508,8,6,2026,23.333333333333,5.833333333333,20.0,5.0,31.666666666667,7.916666666667,0.0,0.0,18.75,true,
307,509,8,6,2026,18.0,4.5,19.0,4.75,56.666666666667,14.166666666667,0.0,0.0,23.416666666667,true,
308,510,8,6,2026,10.0,2.5,46.0,11.5,5.0,1.25,0.0,0.0,15.25,true,
309,511,8,6,2026,70.0,17.5,30.0,7.5,26.666666666667,6.666666666667,10.0,2.5,34.166666666667,true,
310,512,8,6,2026,0.0,0.0,46.0,11.5,95.0,23.75,50.0,12.5,47.75,true,
311,513,8,6,2026,56.0,14.0,51.0,12.75,56.666666666667,14.166666666667,30.0,7.5,48.416666666667,true,
312,514,8,6,2026,22.5,5.625,19.0,4.75,38.0,9.5,20.0,5.0,24.875,true,
313,515,8,6,2026,,,39.0,13.0,46.0,15.333333333333,40.0,13.333333333333,41.666666666667,true,
314,516,8,6,2026,,,25.0,8.333333333333,50.0,16.666666666667,100.0,33.333333333333,58.333333333333,true,
315,517,8,6,2026,,,60.0,20.0,50.0,16.666666666667,80.0,26.666666666667,63.333333333333,true,
316,518,8,6,2026,11.666666666667,2.916666666667,28.0,7.0,50.0,12.5,0.0,0.0,22.416666666667,true,
317,519,8,6,2026,0.0,0.0,0.0,0.0,28.0,7.0,0.0,0.0,7.0,true,
318,520,8,6,2026,12.5,3.125,26.0,6.5,70.0,17.5,20.0,5.0,32.125,true,
319,521,8,6,2026,30.0,7.5,6.0,1.5,6.666666666667,1.666666666667,0.0,0.0,10.666666666667,true,
320,522,8,6,2026,5.0,1.25,44.0,11.0,55.0,13.75,30.0,7.5,33.5,true,
321,523,8,6,2026,0.0,0.0,19.0,4.75,80.0,20.0,20.0,5.0,29.75,true,
322,524,8,6,2026,20.0,5.0,41.0,10.25,55.0,13.75,70.0,17.5,46.5,true,
323,525,8,6,2026,,,59.0,19.666666666667,73.333333333333,24.444444444444,30.0,10.0,54.111111111111,true,
324,528,8,6,2026,63.333333333333,15.833333333333,17.0,4.25,43.333333333333,10.833333333333,0.0,0.0,30.916666666667,true,
325,529,8,6,2026,17.5,4.375,7.0,1.75,38.333333333333,9.583333333333,0.0,0.0,15.708333333333,true,
326,530,8,6,2026,35.0,8.75,34.0,8.5,41.666666666667,10.416666666667,20.0,5.0,32.666666666667,true,
327,531,8,6,2026,20.0,5.0,46.0,11.5,43.333333333333,10.833333333333,0.0,0.0,27.333333333333,true,
328,532,8,6,2026,21.666666666667,5.416666666667,26.0,6.5,46.666666666667,11.666666666667,0.0,0.0,23.583333333333,true,
329,533,8,6,2026,26.666666666667,6.666666666667,12.0,3.0,31.666666666667,7.916666666667,0.0,0.0,17.583333333333,true,
330,534,8,6,2026,38.333333333333,9.583333333333,35.0,8.75,43.333333333333,10.833333333333,10.0,2.5,31.666666666667,true,
331,535,8,6,2026,66.666666666667,16.666666666667,9.0,2.25,36.666666666667,9.166666666667,0.0,0.0,28.083333333333,true,
332,536,8,6,2026,38.0,9.5,11.0,2.75,41.666666666667,10.416666666667,0.0,0.0,22.666666666667,true,
333,537,8,6,2026,60.0,15.0,22.0,5.5,83.333333333333,20.833333333333,0.0,0.0,41.333333333333,true,
334,538,8,6,2026,6.666666666667,1.666666666667,18.0,4.5,57.5,14.375,0.0,0.0,20.541666666667,true,
335,5426,8,6,2026,16.666666666667,4.166666666667,10.0,2.5,60.0,15.0,0.0,0.0,21.666666666667,true,
336,539,8,6,2026,17.5,4.375,25.0,6.25,43.333333333333,10.833333333333,30.0,7.5,28.958333333333,true,
337,540,8,6,2026,10.0,2.5,10.0,2.5,60.0,15.0,0.0,0.0,20.0,true,
338,541,8,6,2026,51.666666666667,12.916666666667,20.0,5.0,18.333333333333,4.583333333333,0.0,0.0,22.5,true,
339,542,8,6,2026,30.0,7.5,39.0,9.75,53.333333333333,13.333333333333,0.0,0.0,30.583333333333,true,
340,543,8,6,2026,,,16.0,5.333333333333,38.333333333333,12.777777777778,60.0,20.0,38.111111111111,true,
341,544,8,6,2026,15.0,5.0,,,85.0,28.333333333333,50.0,16.666666666667,50.0,true,
342,545,8,6,2026,,,58.0,19.333333333333,43.333333333333,14.444444444444,70.0,23.333333333333,57.111111111111,true,
343,546,8,6,2026,20.0,5.0,23.0,5.75,31.666666666667,7.916666666667,10.0,2.5,21.166666666667,true,
344,547,8,6,2026,88.333333333333,22.083333333333,30.0,7.5,31.666666666667,7.916666666667,0.0,0.0,37.5,true,
345,548,8,6,2026,20.0,5.0,13.0,3.25,37.5,9.375,30.0,7.5,25.125,true,
346,549,8,6,2026,10.0,2.5,6.0,1.5,38.0,9.5,0.0,0.0,13.5,true,
347,550,8,6,2026,0.0,0.0,11.0,2.75,5.0,1.25,0.0,0.0,4.0,true,
348,551,8,6,2026,100.0,25.0,1.0,0.25,37.5,9.375,0.0,0.0,34.625,true,
349,553,8,6,2026,13.333333333333,3.333333333333,23.0,5.75,21.666666666667,5.416666666667,30.0,7.5,22.0,true,
350,554,8,6,2026,,,30.0,10.0,26.666666666667,8.888888888889,30.0,10.0,28.888888888889,true,
351,555,8,6,2026,64.0,16.0,31.0,7.75,50.0,12.5,0.0,0.0,36.25,true,
352,556,8,6,2026,,,17.0,5.666666666667,50.0,16.666666666667,0.0,0.0,22.333333333333,true,
353,557,8,6,2026,,,43.0,14.333333333333,56.666666666667,18.888888888889,10.0,3.333333333333,36.555555555556,true,
354,558,8,6,2026,40.0,10.0,23.0,5.75,23.333333333333,5.833333333333,10.0,2.5,24.083333333333,true,
355,559,8,6,2026,,,17.0,5.666666666667,33.333333333333,11.111111111111,70.0,23.333333333333,40.111111111111,true,
356,560,8,6,2026,55.0,13.75,61.0,15.25,40.0,10.0,10.0,2.5,41.5,true,
357,562,8,6,2026,37.5,9.375,27.0,6.75,38.333333333333,9.583333333333,0.0,0.0,25.708333333333,true,
358,563,8,6,2026,17.5,4.375,24.0,6.0,54.0,13.5,0.0,0.0,23.875,true,
359,565,8,6,2026,42.0,10.5,11.0,2.75,64.0,16.0,30.0,7.5,36.75,true,
360,566,8,6,2026,,,25.0,8.333333333333,45.0,15.0,90.0,30.0,53.333333333333,true,
361,568,8,6,2026,,,57.0,19.0,46.666666666667,15.555555555556,0.0,0.0,34.555555555556,true,
362,569,8,6,2026,,,31.0,10.333333333333,46.666666666667,15.555555555556,10.0,3.333333333333,29.222222222222,true,
363,571,8,6,2026,10.0,2.5,35.0,8.75,78.0,19.5,0.0,0.0,30.75,true,
364,572,8,6,2026,20.0,5.0,21.0,5.25,65.0,16.25,0.0,0.0,26.5,true,
365,573,8,6,2026,8.0,2.0,33.0,8.25,30.0,7.5,0.0,0.0,17.75,true,
366,575,8,6,2026,92.5,23.125,6.0,1.5,50.0,12.5,0.0,0.0,37.125,true,
367,576,8,6,2026,55.0,13.75,17.0,4.25,65.0,16.25,20.0,5.0,39.25,true,
368,578,8,6,2026,35.0,8.75,28.0,7.0,5.0,1.25,0.0,0.0,17.0,true,
369,579,8,6,2026,0.0,0.0,10.0,2.5,26.666666666667,6.666666666667,10.0,2.5,11.666666666667,true,
370,581,8,6,2026,,,38.0,12.666666666667,46.666666666667,15.555555555556,20.0,6.666666666667,34.888888888889,true,
371,582,8,6,2026,44.0,11.0,0.0,0.0,80.0,20.0,0.0,0.0,31.0,true,
372,583,8,6,2026,,,19.0,6.333333333333,82.5,27.5,0.0,0.0,33.833333333333,true,
373,584,8,6,2026,0.0,0.0,21.0,5.25,51.666666666667,12.916666666667,20.0,5.0,23.166666666667,true,
374,585,8,6,2026,40.0,10.0,42.0,10.5,36.666666666667,9.166666666667,0.0,0.0,29.666666666667,true,
375,586,8,6,2026,83.333333333333,27.777777777778,,,100.0,33.333333333333,0.0,0.0,61.111111111111,true,
376,587,8,6,2026,25.0,6.25,17.0,4.25,44.0,11.0,40.0,10.0,31.5,true,
377,590,8,6,2026,,,27.0,9.0,46.666666666667,15.555555555556,70.0,23.333333333333,47.888888888889,true,
378,592,8,6,2026,14.0,3.5,25.0,6.25,75.0,18.75,0.0,0.0,28.5,true,
379,593,8,6,2026,0.0,0.0,,,0.0,0.0,0.0,0.0,0.0,true,
380,594,8,6,2026,,,23.0,7.666666666667,55.0,18.333333333333,80.0,26.666666666667,52.666666666667,true,
381,595,8,6,2026,18.333333333333,4.583333333333,27.0,6.75,45.0,11.25,0.0,0.0,22.583333333333,true,
382,596,8,6,2026,25.0,8.333333333333,,,95.0,31.666666666667,0.0,0.0,40.0,true,
383,597,8,6,2026,,,28.0,9.333333333333,53.333333333333,17.777777777778,10.0,3.333333333333,30.444444444444,true,
384,599,8,6,2026,45.0,11.25,25.0,6.25,82.0,20.5,40.0,10.0,48.0,true,
385,600,8,6,2026,55.0,13.75,3.0,0.75,50.0,12.5,0.0,0.0,27.0,true,
386,601,8,6,2026,15.0,5.0,75.0,25.0,,,0.0,0.0,30.0,true,
387,602,8,6,2026,6.666666666667,2.222222222222,,,0.0,0.0,60.0,20.0,22.222222222222,true,
388,603,8,6,2026,0.0,0.0,31.0,7.75,90.0,22.5,0.0,0.0,30.25,true,
389,606,8,6,2026,,,78.0,26.0,13.333333333333,4.444444444444,70.0,23.333333333333,53.777777777778,true,
390,700,8,6,2026,12.0,3.0,41.0,10.25,26.666666666667,6.666666666667,0.0,0.0,19.916666666667,true,
391,701,8,6,2026,16.666666666667,4.166666666667,11.0,2.75,85.0,21.25,0.0,0.0,28.166666666667,true,
392,702,8,6,2026,0.0,0.0,39.0,9.75,53.333333333333,13.333333333333,0.0,0.0,23.083333333333,true,
393,703,8,6,2026,17.5,4.375,64.0,16.0,76.666666666667,19.166666666667,20.0,5.0,44.541666666667,true,
394,705,8,6,2026,25.0,6.25,35.0,8.75,46.666666666667,11.666666666667,0.0,0.0,26.666666666667,true,
395,706,8,6,2026,34.0,8.5,46.0,11.5,43.333333333333,10.833333333333,10.0,2.5,33.333333333333,true,
396,707,8,6,2026,16.666666666667,4.166666666667,18.0,4.5,30.0,7.5,50.0,12.5,28.666666666667,true,
397,708,8,6,2026,6.666666666667,1.666666666667,69.0,17.25,70.0,17.5,40.0,10.0,46.416666666667,true,
398,709,8,6,2026,35.0,8.75,50.0,12.5,34.0,8.5,50.0,12.5,42.25,true,
399,710,8,6,2026,13.333333333333,3.333333333333,51.0,12.75,40.0,10.0,10.0,2.5,28.583333333333,true,
400,711,8,6,2026,52.0,13.0,28.0,7.0,65.0,16.25,0.0,0.0,36.25,true,
401,712,8,6,2026,35.0,8.75,16.0,4.0,33.333333333333,8.333333333333,0.0,0.0,21.083333333333,true,
402,713,8,6,2026,36.666666666667,9.166666666667,33.0,8.25,35.0,8.75,10.0,2.5,28.666666666667,true,
403,714,8,6,2026,28.0,7.0,28.0,7.0,28.333333333333,7.083333333333,0.0,0.0,21.083333333333,true,
404,715,8,6,2026,46.666666666667,11.666666666667,32.0,8.0,33.333333333333,8.333333333333,20.0,5.0,33.0,true,
405,716,8,6,2026,48.333333333333,12.083333333333,55.0,13.75,48.333333333333,12.083333333333,40.0,10.0,47.916666666667,true,
406,717,8,6,2026,15.0,3.75,65.0,16.25,43.333333333333,10.833333333333,10.0,2.5,33.333333333333,true,
407,718,8,6,2026,3.333333333333,0.833333333333,17.0,4.25,53.333333333333,13.333333333333,20.0,5.0,23.416666666667,true,
408,719,8,6,2026,36.666666666667,9.166666666667,11.0,2.75,55.0,13.75,0.0,0.0,25.666666666667,true,
409,720,8,6,2026,27.5,6.875,46.0,11.5,80.0,20.0,0.0,0.0,38.375,true,
410,721,8,6,2026,33.333333333333,8.333333333333,9.0,2.25,50.0,12.5,0.0,0.0,23.083333333333,true,
411,723,8,6,2026,16.666666666667,5.555555555556,59.0,19.666666666667,,,40.0,13.333333333333,38.555555555556,true,
412,725,8,6,2026,0.0,0.0,67.0,16.75,13.333333333333,3.333333333333,30.0,7.5,27.583333333333,true,
413,727,8,6,2026,38.333333333333,9.583333333333,45.0,11.25,53.333333333333,13.333333333333,30.0,7.5,41.666666666667,true,
414,728,8,6,2026,10.0,2.5,19.0,4.75,45.0,11.25,10.0,2.5,21.0,true,
415,729,8,6,2026,0.0,0.0,40.0,10.0,60.0,15.0,40.0,10.0,35.0,true,
416,730,8,6,2026,52.0,13.0,66.0,16.5,15.0,3.75,20.0,5.0,38.25,true,
417,731,8,6,2026,20.0,6.666666666667,60.0,20.0,,,70.0,23.333333333333,50.0,true,
418,733,8,6,2026,10.0,2.5,72.0,18.0,45.0,11.25,50.0,12.5,44.25,true,
419,734,8,6,2026,55.0,13.75,13.0,3.25,36.666666666667,9.166666666667,0.0,0.0,26.166666666667,true,
420,735,8,6,2026,0.0,0.0,48.0,12.0,60.0,15.0,40.0,10.0,37.0,true,
421,736,8,6,2026,35.0,8.75,25.0,6.25,58.333333333333,14.583333333333,0.0,0.0,29.583333333333,true,
422,738,8,6,2026,40.0,10.0,14.0,3.5,31.666666666667,7.916666666667,0.0,0.0,21.416666666667,true,
423,739,8,6,2026,12.0,3.0,44.0,11.0,45.0,11.25,0.0,0.0,25.25,true,
424,740,8,6,2026,40.0,10.0,18.0,4.5,55.0,13.75,40.0,10.0,38.25,true,
425,741,8,6,2026,35.0,8.75,45.0,11.25,36.666666666667,9.166666666667,10.0,2.5,31.666666666667,true,
426,743,8,6,2026,,,92.0,30.666666666667,45.0,15.0,80.0,26.666666666667,72.333333333333,true,
427,744,8,6,2026,23.333333333333,5.833333333333,57.0,14.25,15.0,3.75,0.0,0.0,23.833333333333,true,
428,746,8,6,2026,25.0,6.25,43.0,10.75,95.0,23.75,30.0,7.5,48.25,true,
429,748,8,6,2026,30.0,7.5,38.0,9.5,50.0,12.5,20.0,5.0,34.5,true,
430,751,8,6,2026,12.5,3.125,38.0,9.5,32.0,8.0,0.0,0.0,20.625,true,
431,752,8,6,2026,52.5,13.125,47.0,11.75,68.333333333333,17.083333333333,20.0,5.0,46.958333333333,true,
432,797,8,6,2026,13.333333333333,3.333333333333,31.0,7.75,33.333333333333,8.333333333333,0.0,0.0,19.416666666667,true,
433,798,8,6,2026,12.5,3.125,55.0,13.75,70.0,17.5,50.0,12.5,46.875,true,
434,799,8,6,2026,38.0,9.5,16.0,4.0,30.0,7.5,0.0,0.0,21.0,true,
435,800,8,6,2026,18.333333333333,4.583333333333,39.0,9.75,46.666666666667,11.666666666667,20.0,5.0,31.0,true,
436,801,8,6,2026,35.0,8.75,29.0,7.25,41.666666666667,10.416666666667,20.0,5.0,31.416666666667,true,
437,802,8,6,2026,10.0,2.5,41.0,10.25,80.0,20.0,40.0,10.0,42.75,true,
438,803,8,6,2026,61.666666666667,15.416666666667,20.0,5.0,33.333333333333,8.333333333333,10.0,2.5,31.25,true,
439,804,8,6,2026,43.333333333333,10.833333333333,26.0,6.5,56.666666666667,14.166666666667,40.0,10.0,41.5,true,
440,805,8,6,2026,25.0,6.25,13.0,3.25,53.333333333333,13.333333333333,0.0,0.0,22.833333333333,true,
441,806,8,6,2026,4.0,1.0,54.0,13.5,63.333333333333,15.833333333333,0.0,0.0,30.333333333333,true,
442,807,8,6,2026,54.0,13.5,40.0,10.0,48.333333333333,12.083333333333,30.0,7.5,43.083333333333,true,
443,808,8,6,2026,8.0,2.0,44.0,11.0,33.333333333333,8.333333333333,20.0,5.0,26.333333333333,true,
444,809,8,6,2026,13.333333333333,3.333333333333,33.0,8.25,25.0,6.25,30.0,7.5,25.333333333333,true,
445,811,8,6,2026,32.0,8.0,21.0,5.25,51.666666666667,12.916666666667,20.0,5.0,31.166666666667,true,
446,812,8,6,2026,65.0,16.25,15.0,3.75,35.0,8.75,10.0,2.5,31.25,true,
447,813,8,6,2026,52.5,13.125,10.0,2.5,50.0,12.5,10.0,2.5,30.625,true,
448,814,8,6,2026,15.0,3.75,36.0,9.0,28.333333333333,7.083333333333,10.0,2.5,22.333333333333,true,
449,815,8,6,2026,10.0,2.5,26.0,6.5,60.0,15.0,0.0,0.0,24.0,true,
450,816,8,6,2026,27.5,6.875,49.0,12.25,18.333333333333,4.583333333333,30.0,7.5,31.208333333333,true,
451,817,8,6,2026,31.666666666667,7.916666666667,30.0,7.5,40.0,10.0,0.0,0.0,25.416666666667,true,
452,818,8,6,2026,42.5,10.625,25.0,6.25,25.0,6.25,10.0,2.5,25.625,true,
453,819,8,6,2026,12.5,3.125,16.0,4.0,46.666666666667,11.666666666667,10.0,2.5,21.291666666667,true,
454,820,8,6,2026,22.5,5.625,58.0,14.5,18.333333333333,4.583333333333,10.0,2.5,27.208333333333,true,
455,832,8,6,2026,46.666666666667,11.666666666667,31.0,7.75,11.666666666667,2.916666666667,0.0,0.0,22.333333333333,true,
456,833,8,6,2026,22.5,5.625,32.0,8.0,50.0,12.5,0.0,0.0,26.125,true,
457,834,8,6,2026,20.0,5.0,12.0,3.0,26.666666666667,6.666666666667,0.0,0.0,14.666666666667,true,
458,835,8,6,2026,35.0,8.75,34.0,8.5,14.0,3.5,0.0,0.0,20.75,true,
459,836,8,6,2026,14.0,3.5,20.0,5.0,40.0,10.0,0.0,0.0,18.5,true,
460,837,8,6,2026,0.0,0.0,40.0,10.0,46.666666666667,11.666666666667,10.0,2.5,24.166666666667,true,
461,845,8,6,2026,48.333333333333,12.083333333333,3.0,0.75,33.333333333333,8.333333333333,0.0,0.0,21.166666666667,true,
462,846,8,6,2026,45.0,11.25,36.0,9.0,46.666666666667,11.666666666667,0.0,0.0,31.916666666667,true,
463,847,8,6,2026,40.0,10.0,23.0,5.75,35.0,8.75,0.0,0.0,24.5,true,
464,848,8,6,2026,18.0,4.5,19.0,4.75,41.666666666667,10.416666666667,30.0,7.5,27.166666666667,true,
465,850,8,6,2026,73.333333333333,18.333333333333,11.0,2.75,25.0,6.25,0.0,0.0,27.333333333333,true,
466,855,8,6,2026,54.0,13.5,21.0,5.25,36.666666666667,9.166666666667,10.0,2.5,30.416666666667,true,
467,856,8,6,2026,8.333333333333,2.083333333333,5.0,1.25,45.0,11.25,0.0,0.0,14.583333333333,true,
468,857,8,6,2026,55.0,13.75,42.0,10.5,38.333333333333,9.583333333333,0.0,0.0,33.833333333333,true,
469,858,8,6,2026,78.333333333333,19.583333333333,46.0,11.5,45.0,11.25,0.0,0.0,42.333333333333,true,
470,859,8,6,2026,60.0,15.0,40.0,10.0,45.0,11.25,10.0,2.5,38.75,true,
471,860,8,6,2026,43.333333333333,10.833333333333,24.0,6.0,50.0,12.5,20.0,5.0,34.333333333333,true,
472,861,8,6,2026,34.0,8.5,24.0,6.0,68.333333333333,17.083333333333,10.0,2.5,34.083333333333,true,
473,862,8,6,2026,30.0,7.5,34.0,8.5,25.0,6.25,0.0,0.0,22.25,true,
474,863,8,6,2026,36.666666666667,9.166666666667,15.0,3.75,28.333333333333,7.083333333333,0.0,0.0,20.0,true,
475,864,8,6,2026,23.333333333333,5.833333333333,14.0,3.5,50.0,12.5,0.0,0.0,21.833333333333,true,
476,865,8,6,2026,0.0,0.0,39.0,9.75,48.333333333333,12.083333333333,0.0,0.0,21.833333333333,true,
477,866,8,6,2026,38.333333333333,9.583333333333,26.0,6.5,56.666666666667,14.166666666667,0.0,0.0,30.25,true,
478,869,8,6,2026,12.0,3.0,14.0,3.5,55.0,13.75,0.0,0.0,20.25,true,
479,870,8,6,2026,26.0,6.5,13.0,3.25,56.0,14.0,0.0,0.0,23.75,true,
480,871,8,6,2026,42.0,10.5,35.0,8.75,26.666666666667,6.666666666667,10.0,2.5,28.416666666667,true,
481,872,8,6,2026,6.0,1.5,20.0,5.0,41.666666666667,10.416666666667,0.0,0.0,16.916666666667,true,
482,873,8,6,2026,38.333333333333,9.583333333333,32.0,8.0,16.666666666667,4.166666666667,0.0,0.0,21.75,true,
483,874,8,6,2026,13.333333333333,3.333333333333,23.0,5.75,58.333333333333,14.583333333333,0.0,0.0,23.666666666667,true,
484,875,8,6,2026,46.0,11.5,16.0,4.0,30.0,7.5,0.0,0.0,23.0,true,
485,876,8,6,2026,38.0,9.5,17.0,4.25,50.0,12.5,10.0,2.5,28.75,true,
486,878,8,6,2026,10.0,2.5,71.0,17.75,56.666666666667,14.166666666667,0.0,0.0,34.416666666667,true,
487,879,8,6,2026,23.333333333333,5.833333333333,21.0,5.25,45.0,11.25,0.0,0.0,22.333333333333,true,
488,880,8,6,2026,55.0,13.75,39.0,9.75,66.666666666667,16.666666666667,0.0,0.0,40.166666666667,true,
489,881,8,6,2026,62.5,15.625,40.0,10.0,54.0,13.5,0.0,0.0,39.125,true,
490,882,8,6,2026,22.5,5.625,50.0,12.5,100.0,25.0,0.0,0.0,43.125,true,
491,883,8,6,2026,46.666666666667,11.666666666667,29.0,7.25,50.0,12.5,0.0,0.0,31.416666666667,true,
492,884,8,6,2026,14.0,3.5,41.0,10.25,40.0,10.0,0.0,0.0,23.75,true,
493,885,8,6,2026,28.0,7.0,34.0,8.5,30.0,7.5,0.0,0.0,23.0,true,
494,886,8,6,2026,45.0,11.25,38.0,9.5,70.0,17.5,0.0,0.0,38.25,true,
495,887,8,6,2026,60.0,15.0,79.0,19.75,83.333333333333,20.833333333333,10.0,2.5,58.083333333333,true,
496,888,8,6,2026,35.0,8.75,33.0,8.25,44.0,11.0,0.0,0.0,28.0,true,
497,889,8,6,2026,45.0,11.25,41.0,10.25,31.666666666667,7.916666666667,0.0,0.0,29.416666666667,true,
498,890,8,6,2026,48.0,12.0,36.0,9.0,75.0,18.75,0.0,0.0,39.75,true,
499,891,8,6,2026,22.5,5.625,55.0,13.75,41.666666666667,10.416666666667,0.0,0.0,29.791666666667,true,
500,892,8,6,2026,15.0,3.75,45.0,11.25,40.0,10.0,0.0,0.0,25.0,true,
501,893,8,6,2026,45.0,11.25,37.0,9.25,36.666666666667,9.166666666667,10.0,2.5,32.166666666667,true,
502,894,8,6,2026,12.0,3.0,39.0,9.75,56.666666666667,14.166666666667,0.0,0.0,26.916666666667,true,
503,895,8,6,2026,0.0,0.0,7.0,1.75,48.0,12.0,0.0,0.0,13.75,true,
504,896,8,6,2026,67.5,16.875,60.0,15.0,61.666666666667,15.416666666667,10.0,2.5,49.791666666667,true,
505,897,8,6,2026,35.0,8.75,12.0,3.0,30.0,7.5,0.0,0.0,19.25,true,
506,898,8,6,2026,24.0,6.0,48.0,12.0,53.333333333333,13.333333333333,0.0,0.0,31.333333333333,true,
507,899,8,6,2026,14.0,3.5,16.0,4.0,81.666666666667,20.416666666667,10.0,2.5,30.416666666667,true,
508,900,8,6,2026,41.666666666667,10.416666666667,20.0,5.0,56.666666666667,14.166666666667,0.0,0.0,29.583333333333,true,
509,901,8,6,2026,45.0,11.25,46.0,11.5,30.0,7.5,0.0,0.0,30.25,true,
510,902,8,6,2026,22.0,5.5,20.0,5.0,60.0,15.0,0.0,0.0,25.5,true,
511,903,8,6,2026,68.333333333333,17.083333333333,27.0,6.75,31.666666666667,7.916666666667,0.0,0.0,31.75,true,
512,904,8,6,2026,28.333333333333,7.083333333333,36.0,9.0,33.333333333333,8.333333333333,0.0,0.0,24.416666666667,true,
513,905,8,6,2026,16.666666666667,4.166666666667,29.0,7.25,30.0,7.5,0.0,0.0,18.916666666667,true,
514,5429,8,6,2026,54.0,13.5,18.0,4.5,48.333333333333,12.083333333333,10.0,2.5,32.583333333333,true,
515,906,8,6,2026,16.666666666667,4.166666666667,40.0,10.0,26.666666666667,6.666666666667,0.0,0.0,20.833333333333,true,
516,907,8,6,2026,10.0,2.5,34.0,8.5,63.333333333333,15.833333333333,10.0,2.5,29.333333333333,true,
517,909,8,6,2026,31.666666666667,7.916666666667,25.0,6.25,23.333333333333,5.833333333333,0.0,0.0,20.0,true,
518,910,8,6,2026,0.0,0.0,25.0,6.25,36.666666666667,9.166666666667,30.0,7.5,22.916666666667,true,
519,911,8,6,2026,22.0,5.5,13.0,3.25,40.0,10.0,0.0,0.0,18.75,true,
520,912,8,6,2026,14.0,3.5,15.0,3.75,93.333333333333,23.333333333333,0.0,0.0,30.583333333333,true,
521,913,8,6,2026,53.333333333333,13.333333333333,41.0,10.25,35.0,8.75,0.0,0.0,32.333333333333,true,
522,914,8,6,2026,6.0,1.5,55.0,13.75,61.666666666667,15.416666666667,0.0,0.0,30.666666666667,true,
523,915,8,6,2026,26.0,6.5,38.0,9.5,72.5,18.125,30.0,7.5,41.625,true,
524,916,8,6,2026,5.0,1.25,44.0,11.0,26.666666666667,6.666666666667,0.0,0.0,18.916666666667,true,
525,917,8,6,2026,47.5,11.875,10.0,2.5,23.333333333333,5.833333333333,10.0,2.5,22.708333333333,true,
526,918,8,6,2026,12.5,3.125,28.0,7.0,80.0,20.0,30.0,7.5,37.625,true,
527,919,8,6,2026,13.333333333333,3.333333333333,33.0,8.25,36.0,9.0,10.0,2.5,23.083333333333,true,
528,920,8,6,2026,26.0,6.5,44.0,11.0,85.0,21.25,0.0,0.0,38.75,true,
529,921,8,6,2026,18.333333333333,4.583333333333,49.0,12.25,41.666666666667,10.416666666667,0.0,0.0,27.25,true,
530,922,8,6,2026,40.0,10.0,34.0,8.5,20.0,5.0,0.0,0.0,23.5,true,
531,924,8,6,2026,28.0,7.0,37.0,9.25,38.333333333333,9.583333333333,0.0,0.0,25.833333333333,true,
532,925,8,6,2026,7.5,1.875,43.0,10.75,15.0,3.75,0.0,0.0,16.375,true,
533,927,8,6,2026,33.333333333333,8.333333333333,22.0,5.5,38.333333333333,9.583333333333,10.0,2.5,25.916666666667,true,
534,928,8,6,2026,2.0,0.5,43.0,10.75,68.333333333333,17.083333333333,0.0,0.0,28.333333333333,true,
535,930,8,6,2026,17.5,4.375,46.0,11.5,56.666666666667,14.166666666667,60.0,15.0,45.041666666667,true,
536,931,8,6,2026,0.0,0.0,87.0,21.75,55.0,13.75,0.0,0.0,35.5,true,
537,932,8,6,2026,40.0,10.0,33.0,8.25,47.5,11.875,50.0,12.5,42.625,true,
538,933,8,6,2026,78.333333333333,19.583333333333,82.0,20.5,35.0,8.75,0.0,0.0,48.833333333333,true,
539,934,8,6,2026,28.0,7.0,39.0,9.75,56.666666666667,14.166666666667,0.0,0.0,30.916666666667,true,
540,935,8,6,2026,7.5,1.875,27.0,6.75,50.0,12.5,0.0,0.0,21.125,true,
541,936,8,6,2026,30.0,7.5,21.0,5.25,13.333333333333,3.333333333333,0.0,0.0,16.083333333333,true,
542,938,8,6,2026,43.333333333333,10.833333333333,7.0,1.75,23.333333333333,5.833333333333,0.0,0.0,18.416666666667,true,
543,939,8,6,2026,26.0,6.5,27.0,6.75,53.333333333333,13.333333333333,0.0,0.0,26.583333333333,true,
544,940,8,6,2026,46.0,11.5,15.0,3.75,46.666666666667,11.666666666667,0.0,0.0,26.916666666667,true,
545,941,8,6,2026,5.0,1.25,13.0,3.25,30.0,7.5,0.0,0.0,12.0,true,
546,942,8,6,2026,26.666666666667,6.666666666667,25.0,6.25,36.666666666667,9.166666666667,0.0,0.0,22.083333333333,true,
547,943,8,6,2026,10.0,2.5,45.0,11.25,25.0,6.25,0.0,0.0,20.0,true,
548,944,8,6,2026,35.0,8.75,14.0,3.5,26.666666666667,6.666666666667,0.0,0.0,18.916666666667,true,
549,945,8,6,2026,16.0,4.0,25.0,6.25,52.0,13.0,0.0,0.0,23.25,true,
550,946,8,6,2026,26.666666666667,6.666666666667,29.0,7.25,53.333333333333,13.333333333333,0.0,0.0,27.25,true,
551,947,8,6,2026,16.666666666667,4.166666666667,35.0,8.75,45.0,11.25,0.0,0.0,24.166666666667,true,
552,948,8,6,2026,35.0,11.666666666667,,,77.5,25.833333333333,0.0,0.0,37.5,true,
553,949,8,6,2026,36.666666666667,9.166666666667,34.0,8.5,5.0,1.25,0.0,0.0,18.916666666667,true,
554,950,8,6,2026,14.0,3.5,30.0,7.5,46.666666666667,11.666666666667,0.0,0.0,22.666666666667,true,
555,951,8,6,2026,30.0,7.5,10.0,2.5,70.0,17.5,0.0,0.0,27.5,true,
556,952,8,6,2026,16.0,4.0,21.0,5.25,53.333333333333,13.333333333333,0.0,0.0,22.583333333333,true,
557,953,8,6,2026,13.333333333333,3.333333333333,18.0,4.5,51.666666666667,12.916666666667,0.0,0.0,20.75,true,
558,954,8,6,2026,38.333333333333,9.583333333333,12.0,3.0,36.666666666667,9.166666666667,0.0,0.0,21.75,true,
559,955,8,6,2026,5.0,1.25,57.0,14.25,83.333333333333,20.833333333333,0.0,0.0,36.333333333333,true,
560,956,8,6,2026,55.0,13.75,33.0,8.25,58.333333333333,14.583333333333,0.0,0.0,36.583333333333,true,
561,957,8,6,2026,52.5,13.125,46.0,11.5,96.666666666667,24.166666666667,0.0,0.0,48.791666666667,true,
562,958,8,6,2026,18.333333333333,4.583333333333,15.0,3.75,60.0,15.0,0.0,0.0,23.333333333333,true,
563,959,8,6,2026,28.333333333333,7.083333333333,18.0,4.5,58.333333333333,14.583333333333,0.0,0.0,26.166666666667,true,
564,960,8,6,2026,27.5,6.875,16.0,4.0,42.5,10.625,0.0,0.0,21.5,true,
565,962,8,6,2026,24.0,6.0,33.0,8.25,35.0,8.75,0.0,0.0,23.0,true,
566,963,8,6,2026,46.666666666667,11.666666666667,26.0,6.5,43.333333333333,10.833333333333,0.0,0.0,29.0,true,
567,964,8,6,2026,15.0,3.75,16.0,4.0,74.0,18.5,0.0,0.0,26.25,true,
568,965,8,6,2026,25.0,6.25,37.0,9.25,33.333333333333,8.333333333333,0.0,0.0,23.833333333333,true,
569,966,8,6,2026,16.0,4.0,15.0,3.75,81.666666666667,20.416666666667,0.0,0.0,28.166666666667,true,
570,967,8,6,2026,13.333333333333,3.333333333333,46.0,11.5,66.666666666667,16.666666666667,30.0,7.5,39.0,true,
571,968,8,6,2026,15.0,3.75,37.0,9.25,51.666666666667,12.916666666667,0.0,0.0,25.916666666667,true,
572,969,8,6,2026,4.0,1.0,30.0,7.5,40.0,10.0,0.0,0.0,18.5,true,
573,970,8,6,2026,31.666666666667,7.916666666667,8.0,2.0,36.666666666667,9.166666666667,0.0,0.0,19.083333333333,true,
574,971,8,6,2026,35.0,8.75,11.0,2.75,42.0,10.5,0.0,0.0,22.0,true,
575,972,8,6,2026,0.0,0.0,17.0,4.25,36.666666666667,9.166666666667,0.0,0.0,13.416666666667,true,
576,973,8,6,2026,38.333333333333,9.583333333333,13.0,3.25,31.666666666667,7.916666666667,0.0,0.0,20.75,true,
577,974,8,6,2026,4.0,1.0,28.0,7.0,55.0,13.75,0.0,0.0,21.75,true,
578,975,8,6,2026,16.0,4.0,27.0,6.75,41.666666666667,10.416666666667,0.0,0.0,21.166666666667,true,
579,976,8,6,2026,16.0,4.0,8.0,2.0,31.666666666667,7.916666666667,0.0,0.0,13.916666666667,true,
580,977,8,6,2026,14.0,3.5,22.0,5.5,42.5,10.625,0.0,0.0,19.625,true,
581,978,8,6,2026,25.0,6.25,42.0,10.5,100.0,25.0,0.0,0.0,41.75,true,
582,979,8,6,2026,26.666666666667,6.666666666667,27.0,6.75,93.333333333333,23.333333333333,0.0,0.0,36.75,true,
583,980,8,6,2026,40.0,10.0,17.0,4.25,66.666666666667,16.666666666667,0.0,0.0,30.916666666667,true,
584,981,8,6,2026,20.0,5.0,18.0,4.5,31.666666666667,7.916666666667,0.0,0.0,17.416666666667,true,
585,982,8,6,2026,53.333333333333,13.333333333333,6.0,1.5,25.0,6.25,0.0,0.0,21.083333333333,true,
586,983,8,6,2026,16.0,4.0,17.0,4.25,60.0,15.0,0.0,0.0,23.25,true,
587,984,8,6,2026,32.0,8.0,14.0,3.5,68.333333333333,17.083333333333,0.0,0.0,28.583333333333,true,
588,985,8,6,2026,28.333333333333,7.083333333333,11.0,2.75,66.666666666667,16.666666666667,0.0,0.0,26.5,true,
589,986,8,6,2026,5.0,1.25,42.0,10.5,18.333333333333,4.583333333333,0.0,0.0,16.333333333333,true,
590,987,8,6,2026,25.0,6.25,70.0,17.5,30.0,7.5,0.0,0.0,31.25,true,
591,988,8,6,2026,16.0,4.0,16.0,4.0,53.333333333333,13.333333333333,0.0,0.0,21.333333333333,true,
592,989,8,6,2026,16.666666666667,4.166666666667,3.0,0.75,65.0,16.25,0.0,0.0,21.166666666667,true,
593,990,8,6,2026,30.0,7.5,15.0,3.75,73.333333333333,18.333333333333,10.0,2.5,32.083333333333,true,
594,991,8,6,2026,8.0,2.0,16.0,4.0,38.333333333333,9.583333333333,0.0,0.0,15.583333333333,true,
595,992,8,6,2026,55.0,13.75,22.0,5.5,65.0,16.25,0.0,0.0,35.5,true,
596,994,8,6,2026,66.0,16.5,40.0,10.0,36.666666666667,9.166666666667,0.0,0.0,35.666666666667,true,
597,995,8,6,2026,0.0,0.0,,,100.0,33.333333333333,0.0,0.0,33.333333333333,true,
598,996,8,6,2026,0.0,0.0,59.0,14.75,43.333333333333,10.833333333333,0.0,0.0,25.583333333333,true,
599,997,8,6,2026,21.666666666667,5.416666666667,24.0,6.0,28.333333333333,7.083333333333,0.0,0.0,18.5,true,
600,998,8,6,2026,24.0,6.0,13.0,3.25,36.666666666667,9.166666666667,0.0,0.0,18.416666666667,true,
601,999,8,6,2026,20.0,5.0,12.0,3.0,18.333333333333,4.583333333333,0.0,0.0,12.583333333333,true,
602,1000,8,6,2026,71.666666666667,17.916666666667,48.0,12.0,41.666666666667,10.416666666667,30.0,7.5,47.833333333333,true,
603,1001,8,6,2026,12.0,3.0,47.0,11.75,28.333333333333,7.083333333333,0.0,0.0,21.833333333333,true,
604,1002,8,6,2026,2.0,0.5,39.0,9.75,40.0,10.0,0.0,0.0,20.25,true,
605,1004,8,6,2026,65.0,16.25,37.0,9.25,84.0,21.0,20.0,5.0,51.5,true,
606,1006,8,6,2026,0.0,0.0,25.0,6.25,51.666666666667,12.916666666667,0.0,0.0,19.166666666667,true,
607,1007,8,6,2026,25.0,6.25,44.0,11.0,40.0,10.0,0.0,0.0,27.25,true,
608,1010,8,6,2026,56.666666666667,14.166666666667,42.0,10.5,56.666666666667,14.166666666667,20.0,5.0,43.833333333333,true,
609,1011,8,6,2026,14.0,3.5,37.0,9.25,68.333333333333,17.083333333333,0.0,0.0,29.833333333333,true,
610,1012,8,6,2026,14.0,3.5,13.0,3.25,34.0,8.5,0.0,0.0,15.25,true,
611,1013,8,6,2026,38.0,9.5,68.0,17.0,68.333333333333,17.083333333333,10.0,2.5,46.083333333333,true,
612,1014,8,6,2026,27.5,6.875,25.0,6.25,45.0,11.25,30.0,7.5,31.875,true,
613,1016,8,6,2026,30.0,7.5,49.0,12.25,50.0,12.5,0.0,0.0,32.25,true,
614,1017,8,6,2026,,,30.0,10.0,0.0,0.0,0.0,0.0,10.0,true,
615,1018,8,6,2026,5.0,1.25,41.0,10.25,60.0,15.0,40.0,10.0,36.5,true,
616,1019,8,6,2026,20.0,5.0,64.0,16.0,58.333333333333,14.583333333333,0.0,0.0,35.583333333333,true,
617,1020,8,6,2026,25.0,6.25,19.0,4.75,75.0,18.75,10.0,2.5,32.25,true,
618,1022,8,6,2026,,,56.0,18.666666666667,35.0,11.666666666667,0.0,0.0,30.333333333333,true,
619,1023,8,6,2026,60.0,15.0,45.0,11.25,85.0,21.25,50.0,12.5,60.0,true,
620,1076,8,6,2026,16.0,4.0,36.0,9.0,45.0,11.25,20.0,5.0,29.25,true,
621,1077,8,6,2026,0.0,0.0,62.0,15.5,70.0,17.5,0.0,0.0,33.0,true,
622,1078,8,6,2026,22.5,5.625,54.0,13.5,45.0,11.25,20.0,5.0,35.375,true,
623,1079,8,6,2026,8.0,2.0,42.0,10.5,31.666666666667,7.916666666667,10.0,2.5,22.916666666667,true,
624,1080,8,6,2026,0.0,0.0,23.0,5.75,28.333333333333,7.083333333333,20.0,5.0,17.833333333333,true,
625,1081,8,6,2026,15.0,3.75,17.0,4.25,56.666666666667,14.166666666667,40.0,10.0,32.166666666667,true,
626,1082,8,6,2026,32.0,8.0,72.0,18.0,36.666666666667,9.166666666667,30.0,7.5,42.666666666667,true,
627,1083,8,6,2026,58.333333333333,14.583333333333,51.0,12.75,16.666666666667,4.166666666667,30.0,7.5,39.0,true,
628,1084,8,6,2026,25.0,6.25,50.0,12.5,45.0,11.25,0.0,0.0,30.0,true,
629,1085,8,6,2026,22.5,5.625,48.0,12.0,76.666666666667,19.166666666667,0.0,0.0,36.791666666667,true,
630,1086,8,6,2026,42.5,10.625,72.0,18.0,58.333333333333,14.583333333333,40.0,10.0,53.208333333333,true,
631,1087,8,6,2026,22.0,5.5,12.0,3.0,56.666666666667,14.166666666667,10.0,2.5,25.166666666667,true,
632,1088,8,6,2026,25.0,6.25,58.0,14.5,40.0,10.0,60.0,15.0,45.75,true,
633,1089,8,6,2026,0.0,0.0,25.0,6.25,26.666666666667,6.666666666667,30.0,7.5,20.416666666667,true,
634,1090,8,6,2026,6.0,1.5,21.0,5.25,21.666666666667,5.416666666667,10.0,2.5,14.666666666667,true,
635,1091,8,6,2026,6.666666666667,1.666666666667,44.0,11.0,20.0,5.0,40.0,10.0,27.666666666667,true,
636,1092,8,6,2026,8.333333333333,2.083333333333,15.0,3.75,26.666666666667,6.666666666667,0.0,0.0,12.5,true,
637,1093,8,6,2026,6.666666666667,1.666666666667,19.0,4.75,25.0,6.25,10.0,2.5,15.166666666667,true,
638,1094,8,6,2026,47.5,11.875,34.0,8.5,31.666666666667,7.916666666667,30.0,7.5,35.791666666667,true,
639,1095,8,6,2026,20.0,5.0,45.0,11.25,45.0,11.25,10.0,2.5,30.0,true,
640,1096,8,6,2026,23.333333333333,5.833333333333,43.0,10.75,45.0,11.25,70.0,17.5,45.333333333333,true,
641,1097,8,6,2026,16.0,4.0,15.0,3.75,16.666666666667,4.166666666667,0.0,0.0,11.916666666667,true,
642,1098,8,6,2026,41.666666666667,10.416666666667,13.0,3.25,50.0,12.5,20.0,5.0,31.166666666667,true,
643,1099,8,6,2026,5.0,1.25,16.0,4.0,38.333333333333,9.583333333333,0.0,0.0,14.833333333333,true,
644,1100,8,6,2026,15.0,3.75,28.0,7.0,6.666666666667,1.666666666667,0.0,0.0,12.416666666667,true,
645,1101,8,6,2026,10.0,3.333333333333,24.0,8.0,,,80.0,26.666666666667,38.0,true,
646,1102,8,6,2026,47.5,11.875,35.0,8.75,43.333333333333,10.833333333333,60.0,15.0,46.458333333333,true,
647,1103,8,6,2026,6.666666666667,1.666666666667,36.0,9.0,28.333333333333,7.083333333333,0.0,0.0,17.75,true,
648,1104,8,6,2026,23.333333333333,5.833333333333,41.0,10.25,90.0,22.5,70.0,17.5,56.083333333333,true,
649,1105,8,6,2026,20.0,5.0,35.0,8.75,25.0,6.25,90.0,22.5,42.5,true,
650,1106,8,6,2026,20.0,5.0,30.0,7.5,40.0,10.0,40.0,10.0,32.5,true,
651,1107,8,6,2026,65.0,21.666666666667,85.0,28.333333333333,,,100.0,33.333333333333,83.333333333333,true,
652,1108,8,6,2026,2.5,0.625,55.0,13.75,66.666666666667,16.666666666667,0.0,0.0,31.041666666667,true,
653,1109,8,6,2026,20.0,5.0,29.0,7.25,25.0,6.25,20.0,5.0,23.5,true,
654,1110,8,6,2026,2.5,0.625,28.0,7.0,31.666666666667,7.916666666667,30.0,7.5,23.041666666667,true,
655,1111,8,6,2026,20.0,5.0,26.0,6.5,45.0,11.25,30.0,7.5,30.25,true,
656,1114,8,6,2026,52.0,13.0,39.0,9.75,23.333333333333,5.833333333333,20.0,5.0,33.583333333333,true,
657,1115,8,6,2026,12.0,3.0,49.0,12.25,16.666666666667,4.166666666667,0.0,0.0,19.416666666667,true,
658,1116,8,6,2026,14.0,3.5,30.0,7.5,21.666666666667,5.416666666667,0.0,0.0,16.416666666667,true,
659,1117,8,6,2026,26.0,6.5,23.0,5.75,15.0,3.75,20.0,5.0,21.0,true,
660,1118,8,6,2026,35.0,8.75,31.0,7.75,28.333333333333,7.083333333333,0.0,0.0,23.583333333333,true,
661,1119,8,6,2026,10.0,2.5,33.0,8.25,18.333333333333,4.583333333333,30.0,7.5,22.833333333333,true,
662,1120,8,6,2026,60.0,15.0,31.0,7.75,35.0,8.75,30.0,7.5,39.0,true,
663,1122,8,6,2026,28.333333333333,7.083333333333,24.0,6.0,26.666666666667,6.666666666667,0.0,0.0,19.75,true,
664,1123,8,6,2026,10.0,2.5,37.0,9.25,65.0,16.25,10.0,2.5,30.5,true,
665,1124,8,6,2026,37.5,9.375,34.0,8.5,40.0,10.0,20.0,5.0,32.875,true,
666,1126,8,6,2026,12.5,3.125,30.0,7.5,53.333333333333,13.333333333333,50.0,12.5,36.458333333333,true,
667,1129,8,6,2026,10.0,2.5,19.0,4.75,13.333333333333,3.333333333333,70.0,17.5,28.083333333333,true,
668,1130,8,6,2026,10.0,2.5,63.0,15.75,81.666666666667,20.416666666667,50.0,12.5,51.166666666667,true,
669,1131,8,6,2026,13.333333333333,3.333333333333,22.0,5.5,20.0,5.0,10.0,2.5,16.333333333333,true,
670,1132,8,6,2026,3.333333333333,0.833333333333,61.0,15.25,55.0,13.75,60.0,15.0,44.833333333333,true,
671,1136,8,6,2026,18.0,4.5,38.0,9.5,28.333333333333,7.083333333333,20.0,5.0,26.083333333333,true,
672,1137,8,6,2026,13.333333333333,3.333333333333,57.0,14.25,33.333333333333,8.333333333333,0.0,0.0,25.916666666667,true,
673,1138,8,6,2026,2.5,0.625,53.0,13.25,90.0,22.5,30.0,7.5,43.875,true,
674,1139,8,6,2026,27.5,6.875,69.0,17.25,90.0,22.5,70.0,17.5,64.125,true,
675,1140,8,6,2026,28.0,7.0,30.0,7.5,21.666666666667,5.416666666667,10.0,2.5,22.416666666667,true,
676,1143,8,6,2026,12.5,3.125,14.0,3.5,25.0,6.25,30.0,7.5,20.375,true,
677,1144,8,6,2026,10.0,2.5,50.0,12.5,60.0,15.0,30.0,7.5,37.5,true,
678,1145,8,6,2026,16.666666666667,4.166666666667,37.0,9.25,30.0,7.5,80.0,20.0,40.916666666667,true,
679,1146,8,6,2026,10.0,2.5,36.0,9.0,10.0,2.5,30.0,7.5,21.5,true,
680,1147,8,6,2026,30.0,7.5,20.0,5.0,10.0,2.5,0.0,0.0,15.0,true,
681,1148,8,6,2026,0.0,0.0,4.0,1.0,42.0,10.5,0.0,0.0,11.5,true,
682,1149,8,6,2026,43.333333333333,10.833333333333,49.0,12.25,23.333333333333,5.833333333333,10.0,2.5,31.416666666667,true,
683,1150,8,6,2026,12.0,3.0,22.0,5.5,53.333333333333,13.333333333333,0.0,0.0,21.833333333333,true,
684,1151,8,6,2026,40.0,10.0,24.0,6.0,23.333333333333,5.833333333333,40.0,10.0,31.833333333333,true,
685,1153,8,6,2026,26.0,6.5,18.0,4.5,36.666666666667,9.166666666667,0.0,0.0,20.166666666667,true,
686,1154,8,6,2026,27.5,6.875,11.0,2.75,33.333333333333,8.333333333333,0.0,0.0,17.958333333333,true,
687,1156,8,6,2026,12.5,3.125,10.0,2.5,16.666666666667,4.166666666667,20.0,5.0,14.791666666667,true,
688,1157,8,6,2026,14.0,3.5,50.0,12.5,62.0,15.5,0.0,0.0,31.5,true,
689,1158,8,6,2026,25.0,6.25,40.0,10.0,60.0,15.0,0.0,0.0,31.25,true,
690,1160,8,6,2026,34.0,8.5,24.0,6.0,45.0,11.25,30.0,7.5,33.25,true,
691,1161,8,6,2026,40.0,10.0,40.0,10.0,25.0,6.25,50.0,12.5,38.75,true,
692,1162,8,6,2026,0.0,0.0,34.0,8.5,50.0,12.5,50.0,12.5,33.5,true,
693,1163,8,6,2026,36.0,9.0,23.0,5.75,50.0,12.5,40.0,10.0,37.25,true,
694,1164,8,6,2026,32.0,8.0,18.0,4.5,18.333333333333,4.583333333333,50.0,12.5,29.583333333333,true,
695,1165,8,6,2026,,,98.0,32.666666666667,43.333333333333,14.444444444444,0.0,0.0,47.111111111111,true,
696,1168,8,6,2026,23.333333333333,7.777777777778,84.0,28.0,,,100.0,33.333333333333,69.111111111111,true,
697,1169,8,6,2026,23.333333333333,5.833333333333,30.0,7.5,44.0,11.0,20.0,5.0,29.333333333333,true,
698,1225,8,6,2026,31.666666666667,7.916666666667,48.0,12.0,16.666666666667,4.166666666667,30.0,7.5,31.583333333333,true,
699,1226,8,6,2026,12.5,3.125,24.0,6.0,26.666666666667,6.666666666667,80.0,20.0,35.791666666667,true,
700,1227,8,6,2026,27.5,6.875,18.0,4.5,58.333333333333,14.583333333333,70.0,17.5,43.458333333333,true,
701,1228,8,6,2026,12.0,3.0,63.0,15.75,83.333333333333,20.833333333333,50.0,12.5,52.083333333333,true,
702,1229,8,6,2026,35.0,8.75,19.0,4.75,70.0,17.5,20.0,5.0,36.0,true,
703,1230,8,6,2026,30.0,7.5,54.0,13.5,43.333333333333,10.833333333333,90.0,22.5,54.333333333333,true,
704,1231,8,6,2026,0.0,0.0,32.0,8.0,40.0,10.0,90.0,22.5,40.5,true,
705,1232,8,6,2026,10.0,2.5,35.0,8.75,24.0,6.0,80.0,20.0,37.25,true,
706,1234,8,6,2026,23.333333333333,5.833333333333,47.0,11.75,33.333333333333,8.333333333333,30.0,7.5,33.416666666667,true,
707,1235,8,6,2026,12.5,3.125,54.0,13.5,45.0,11.25,40.0,10.0,37.875,true,
708,1236,8,6,2026,35.0,8.75,31.0,7.75,25.0,6.25,100.0,25.0,47.75,true,
709,1248,8,6,2026,15.0,3.75,34.0,8.5,41.666666666667,10.416666666667,40.0,10.0,32.666666666667,true,
710,1249,8,6,2026,10.0,2.5,24.0,6.0,45.0,11.25,0.0,0.0,19.75,true,
711,1250,8,6,2026,15.0,3.75,68.0,17.0,30.0,7.5,30.0,7.5,35.75,true,
712,1251,8,6,2026,3.333333333333,0.833333333333,36.0,9.0,15.0,3.75,0.0,0.0,13.583333333333,true,
713,1252,8,6,2026,36.0,9.0,32.0,8.0,10.0,2.5,10.0,2.5,22.0,true,
714,1253,8,6,2026,35.0,8.75,67.0,16.75,90.0,22.5,40.0,10.0,58.0,true,
715,1254,8,6,2026,32.0,8.0,23.0,5.75,55.0,13.75,0.0,0.0,27.5,true,
716,1256,8,6,2026,18.333333333333,4.583333333333,21.0,5.25,30.0,7.5,0.0,0.0,17.333333333333,true,
717,1258,8,6,2026,11.666666666667,2.916666666667,33.0,8.25,58.333333333333,14.583333333333,0.0,0.0,25.75,true,
718,1260,8,6,2026,,,50.0,16.666666666667,90.0,30.0,40.0,13.333333333333,60.0,true,
719,1262,8,6,2026,17.5,4.375,69.0,17.25,32.0,8.0,60.0,15.0,44.625,true,
720,1264,8,6,2026,0.0,0.0,57.0,14.25,38.0,9.5,30.0,7.5,31.25,true,
721,1296,8,6,2026,0.0,0.0,48.0,12.0,5.0,1.25,40.0,10.0,23.25,true,
722,1297,8,6,2026,38.0,9.5,59.0,14.75,55.0,13.75,40.0,10.0,48.0,true,
723,1299,8,6,2026,17.5,4.375,19.0,4.75,50.0,12.5,0.0,0.0,21.625,true,
724,1300,8,6,2026,93.333333333333,23.333333333333,32.0,8.0,26.666666666667,6.666666666667,20.0,5.0,43.0,true,
725,1301,8,6,2026,4.0,1.0,25.0,6.25,4.0,1.0,20.0,5.0,13.25,true,
726,1302,8,6,2026,10.0,2.5,17.0,4.25,50.0,12.5,20.0,5.0,24.25,true,
727,1303,8,6,2026,2.0,0.5,3.0,0.75,16.666666666667,4.166666666667,0.0,0.0,5.416666666667,true,
728,1304,8,6,2026,13.333333333333,3.333333333333,29.0,7.25,41.666666666667,10.416666666667,10.0,2.5,23.5,true,
729,1305,8,6,2026,25.0,6.25,20.0,5.0,13.333333333333,3.333333333333,0.0,0.0,14.583333333333,true,
730,1306,8,6,2026,26.666666666667,6.666666666667,25.0,6.25,56.666666666667,14.166666666667,30.0,7.5,34.583333333333,true,
731,1307,8,6,2026,52.0,13.0,50.0,12.5,36.666666666667,9.166666666667,0.0,0.0,34.666666666667,true,
732,1308,8,6,2026,12.5,3.125,58.0,14.5,37.5,9.375,40.0,10.0,37.0,true,
733,1309,8,6,2026,0.0,0.0,36.0,9.0,10.0,2.5,60.0,15.0,26.5,true,
734,1311,8,6,2026,0.0,0.0,52.0,13.0,30.0,7.5,20.0,5.0,25.5,true,
735,1312,8,6,2026,38.0,9.5,47.0,11.75,48.333333333333,12.083333333333,10.0,2.5,35.833333333333,true,
736,1313,8,6,2026,50.0,12.5,22.0,5.5,25.0,6.25,20.0,5.0,29.25,true,
737,1314,8,6,2026,10.0,2.5,16.0,4.0,34.0,8.5,10.0,2.5,17.5,true,
738,1316,8,6,2026,17.5,4.375,46.0,11.5,60.0,15.0,0.0,0.0,30.875,true,
739,1317,8,6,2026,24.0,6.0,12.0,3.0,20.0,5.0,0.0,0.0,14.0,true,
740,1318,8,6,2026,17.5,4.375,16.0,4.0,48.333333333333,12.083333333333,10.0,2.5,22.958333333333,true,
741,1319,8,6,2026,0.0,0.0,81.0,27.0,,,20.0,6.666666666667,33.666666666667,true,
742,1320,8,6,2026,33.333333333333,8.333333333333,27.0,6.75,26.666666666667,6.666666666667,0.0,0.0,21.75,true,
743,1321,8,6,2026,67.5,16.875,18.0,4.5,30.0,7.5,40.0,10.0,38.875,true,
744,1322,8,6,2026,5.0,1.25,19.0,4.75,27.5,6.875,20.0,5.0,17.875,true,
745,1323,8,6,2026,36.0,9.0,51.0,12.75,75.0,18.75,0.0,0.0,40.5,true,
746,1324,8,6,2026,35.0,8.75,14.0,3.5,26.666666666667,6.666666666667,10.0,2.5,21.416666666667,true,
747,1329,8,6,2026,32.0,8.0,7.0,1.75,12.5,3.125,0.0,0.0,12.875,true,
748,1332,8,6,2026,84.0,21.0,31.0,7.75,20.0,5.0,0.0,0.0,33.75,true,
749,1333,8,6,2026,10.0,2.5,49.0,12.25,50.0,12.5,60.0,15.0,42.25,true,
750,1335,8,6,2026,18.333333333333,4.583333333333,27.0,6.75,30.0,7.5,30.0,7.5,26.333333333333,true,
751,1336,8,6,2026,12.0,3.0,19.0,4.75,35.0,8.75,40.0,10.0,26.5,true,
752,1337,8,6,2026,,,21.0,7.0,36.666666666667,12.222222222222,0.0,0.0,19.222222222222,true,
753,1338,8,6,2026,,,97.0,32.333333333333,20.0,6.666666666667,10.0,3.333333333333,42.333333333333,true,
754,1339,8,6,2026,24.0,6.0,63.0,15.75,92.5,23.125,0.0,0.0,44.875,true,
755,1340,8,6,2026,16.666666666667,5.555555555556,,,78.0,26.0,30.0,10.0,41.555555555556,true,
756,1341,8,6,2026,3.333333333333,0.833333333333,22.0,5.5,50.0,12.5,0.0,0.0,18.833333333333,true,
757,1342,8,6,2026,6.0,1.5,48.0,12.0,52.5,13.125,20.0,5.0,31.625,true,
758,1343,8,6,2026,5.0,1.25,19.0,4.75,31.666666666667,7.916666666667,0.0,0.0,13.916666666667,true,
759,1344,8,6,2026,,,39.0,13.0,50.0,16.666666666667,10.0,3.333333333333,33.0,true,
760,1345,8,6,2026,81.666666666667,20.416666666667,57.0,14.25,58.333333333333,14.583333333333,0.0,0.0,49.25,true,
761,1347,8,6,2026,76.666666666667,19.166666666667,45.0,11.25,31.666666666667,7.916666666667,30.0,7.5,45.833333333333,true,
762,1348,8,6,2026,12.5,3.125,28.0,7.0,15.0,3.75,50.0,12.5,26.375,true,
763,1349,8,6,2026,42.0,10.5,38.0,9.5,43.333333333333,10.833333333333,0.0,0.0,30.833333333333,true,
764,1350,8,6,2026,62.5,15.625,11.0,2.75,13.333333333333,3.333333333333,10.0,2.5,24.208333333333,true,
765,1351,8,6,2026,13.333333333333,4.444444444444,,,36.666666666667,12.222222222222,30.0,10.0,26.666666666667,true,
766,1352,8,6,2026,16.666666666667,4.166666666667,42.0,10.5,35.0,8.75,20.0,5.0,28.416666666667,true,
767,1353,8,6,2026,60.0,15.0,41.0,10.25,33.333333333333,8.333333333333,30.0,7.5,41.083333333333,true,
768,1355,8,6,2026,10.0,2.5,13.0,3.25,55.0,13.75,0.0,0.0,19.5,true,
769,1357,8,6,2026,30.0,7.5,93.0,23.25,30.0,7.5,40.0,10.0,48.25,true,
770,1358,8,6,2026,22.0,5.5,18.0,4.5,25.0,6.25,0.0,0.0,16.25,true,
771,1359,8,6,2026,34.0,8.5,27.0,6.75,40.0,10.0,0.0,0.0,25.25,true,
772,1361,8,6,2026,35.0,8.75,20.0,5.0,20.0,5.0,20.0,5.0,23.75,true,
773,1362,8,6,2026,5.0,1.25,49.0,12.25,60.0,15.0,10.0,2.5,31.0,true,
774,1363,8,6,2026,5.0,1.25,55.0,13.75,50.0,12.5,40.0,10.0,37.5,true,
775,1364,8,6,2026,0.0,0.0,12.0,3.0,38.333333333333,9.583333333333,20.0,5.0,17.583333333333,true,
776,1365,8,6,2026,4.0,1.0,11.0,2.75,21.666666666667,5.416666666667,10.0,2.5,11.666666666667,true,
777,1370,8,6,2026,42.5,10.625,28.0,7.0,28.333333333333,7.083333333333,20.0,5.0,29.708333333333,true,
778,1373,8,6,2026,22.5,5.625,38.0,9.5,46.666666666667,11.666666666667,20.0,5.0,31.791666666667,true,
779,1374,8,6,2026,0.0,0.0,45.0,11.25,36.666666666667,9.166666666667,0.0,0.0,20.416666666667,true,
780,1375,8,6,2026,63.333333333333,15.833333333333,58.0,14.5,36.666666666667,9.166666666667,10.0,2.5,42.0,true,
781,1376,8,6,2026,28.0,7.0,29.0,7.25,50.0,12.5,0.0,0.0,26.75,true,
782,1377,8,6,2026,6.666666666667,1.666666666667,57.0,14.25,55.0,13.75,0.0,0.0,29.666666666667,true,
783,1378,8,6,2026,8.0,2.0,47.0,11.75,36.666666666667,9.166666666667,50.0,12.5,35.416666666667,true,
784,1379,8,6,2026,12.0,3.0,18.0,4.5,28.333333333333,7.083333333333,10.0,2.5,17.083333333333,true,
785,1381,8,6,2026,41.666666666667,10.416666666667,41.0,10.25,50.0,12.5,0.0,0.0,33.166666666667,true,
786,1382,8,6,2026,41.666666666667,10.416666666667,25.0,6.25,18.333333333333,4.583333333333,0.0,0.0,21.25,true,
787,1383,8,6,2026,10.0,2.5,2.0,0.5,5.0,1.25,0.0,0.0,4.25,true,
788,1384,8,6,2026,63.333333333333,15.833333333333,16.0,4.0,33.333333333333,8.333333333333,0.0,0.0,28.166666666667,true,
789,1385,8,6,2026,18.0,4.5,15.0,3.75,28.333333333333,7.083333333333,10.0,2.5,17.833333333333,true,
790,1387,8,6,2026,24.0,6.0,56.0,14.0,45.0,11.25,10.0,2.5,33.75,true,
791,1388,8,6,2026,26.666666666667,6.666666666667,49.0,12.25,36.666666666667,9.166666666667,20.0,5.0,33.083333333333,true,
792,1390,8,6,2026,66.666666666667,16.666666666667,35.0,8.75,41.666666666667,10.416666666667,10.0,2.5,38.333333333333,true,
793,1392,8,6,2026,54.0,13.5,19.0,4.75,50.0,12.5,20.0,5.0,35.75,true,
794,1393,8,6,2026,21.666666666667,5.416666666667,26.0,6.5,40.0,10.0,20.0,5.0,26.916666666667,true,
795,1394,8,6,2026,20.0,5.0,18.0,4.5,41.666666666667,10.416666666667,0.0,0.0,19.916666666667,true,
796,1395,8,6,2026,32.0,8.0,31.0,7.75,30.0,7.5,0.0,0.0,23.25,true,
797,1396,8,6,2026,41.666666666667,10.416666666667,39.0,9.75,35.0,8.75,0.0,0.0,28.916666666667,true,
798,1398,8,6,2026,43.333333333333,10.833333333333,26.0,6.5,41.666666666667,10.416666666667,0.0,0.0,27.75,true,
799,1400,8,6,2026,10.0,2.5,21.0,5.25,7.5,1.875,0.0,0.0,9.625,true,
800,1401,8,6,2026,48.333333333333,12.083333333333,20.0,5.0,15.0,3.75,0.0,0.0,20.833333333333,true,
801,1402,8,6,2026,21.666666666667,5.416666666667,14.0,3.5,28.333333333333,7.083333333333,0.0,0.0,16.0,true,
802,1403,8,6,2026,70.0,17.5,55.0,13.75,18.333333333333,4.583333333333,20.0,5.0,40.833333333333,true,
803,1404,8,6,2026,70.0,17.5,40.0,10.0,63.333333333333,15.833333333333,0.0,0.0,43.333333333333,true,
804,1405,8,6,2026,40.0,10.0,40.0,10.0,33.333333333333,8.333333333333,10.0,2.5,30.833333333333,true,
805,1406,8,6,2026,14.0,3.5,41.0,10.25,41.666666666667,10.416666666667,0.0,0.0,24.166666666667,true,
806,1408,8,6,2026,51.666666666667,12.916666666667,58.0,14.5,56.666666666667,14.166666666667,40.0,10.0,51.583333333333,true,
807,1409,8,6,2026,15.0,3.75,12.0,3.0,40.0,10.0,0.0,0.0,16.75,true,
808,1410,8,6,2026,20.0,6.666666666667,84.0,28.0,,,0.0,0.0,34.666666666667,true,
809,1412,8,6,2026,17.5,4.375,36.0,9.0,50.0,12.5,0.0,0.0,25.875,true,
810,1489,8,6,2026,10.0,2.5,47.0,11.75,65.0,16.25,30.0,7.5,38.0,true,
811,1490,8,6,2026,20.0,5.0,13.0,3.25,31.666666666667,7.916666666667,0.0,0.0,16.166666666667,true,
812,1491,8,6,2026,20.0,5.0,65.0,16.25,60.0,15.0,30.0,7.5,43.75,true,
813,1492,8,6,2026,2.5,0.625,50.0,12.5,10.0,2.5,10.0,2.5,18.125,true,
814,1493,8,6,2026,2.0,0.5,48.0,12.0,56.666666666667,14.166666666667,10.0,2.5,29.166666666667,true,
815,1494,8,6,2026,13.333333333333,3.333333333333,40.0,10.0,30.0,7.5,0.0,0.0,20.833333333333,true,
816,1495,8,6,2026,22.5,5.625,10.0,2.5,43.333333333333,10.833333333333,0.0,0.0,18.958333333333,true,
817,1497,8,6,2026,7.5,1.875,39.0,9.75,60.0,15.0,10.0,2.5,29.125,true,
818,1498,8,6,2026,15.0,3.75,20.0,5.0,56.666666666667,14.166666666667,20.0,5.0,27.916666666667,true,
819,1499,8,6,2026,10.0,2.5,31.0,7.75,36.666666666667,9.166666666667,0.0,0.0,19.416666666667,true,
820,1500,8,6,2026,16.0,4.0,23.0,5.75,46.666666666667,11.666666666667,0.0,0.0,21.416666666667,true,
821,1501,8,6,2026,46.666666666667,11.666666666667,23.0,5.75,30.0,7.5,0.0,0.0,24.916666666667,true,
822,1502,8,6,2026,18.0,4.5,36.0,9.0,38.333333333333,9.583333333333,0.0,0.0,23.083333333333,true,
823,1503,8,6,2026,40.0,10.0,59.0,14.75,65.0,16.25,0.0,0.0,41.0,true,
824,1504,8,6,2026,28.333333333333,7.083333333333,17.0,4.25,45.0,11.25,10.0,2.5,25.083333333333,true,
825,1505,8,6,2026,27.5,6.875,29.0,7.25,28.333333333333,7.083333333333,10.0,2.5,23.708333333333,true,
826,1506,8,6,2026,12.5,3.125,55.0,13.75,30.0,7.5,0.0,0.0,24.375,true,
827,1507,8,6,2026,10.0,2.5,61.0,15.25,70.0,17.5,0.0,0.0,35.25,true,
828,1508,8,6,2026,11.666666666667,2.916666666667,36.0,9.0,50.0,12.5,0.0,0.0,24.416666666667,true,
829,1509,8,6,2026,3.333333333333,0.833333333333,13.0,3.25,40.0,10.0,0.0,0.0,14.083333333333,true,
830,1510,8,6,2026,14.0,3.5,69.0,17.25,70.0,17.5,20.0,5.0,43.25,true,
831,1512,8,6,2026,12.5,3.125,39.0,9.75,24.0,6.0,0.0,0.0,18.875,true,
832,1513,8,6,2026,30.0,7.5,26.0,6.5,26.666666666667,6.666666666667,0.0,0.0,20.666666666667,true,
833,1514,8,6,2026,0.0,0.0,38.0,9.5,50.0,12.5,50.0,12.5,34.5,true,
834,1515,8,6,2026,34.0,8.5,17.0,4.25,37.5,9.375,10.0,2.5,24.625,true,
835,1516,8,6,2026,25.0,6.25,53.0,13.25,65.0,16.25,0.0,0.0,35.75,true,
836,1517,8,6,2026,18.333333333333,4.583333333333,14.0,3.5,35.0,8.75,10.0,2.5,19.333333333333,true,
837,1519,8,6,2026,13.333333333333,3.333333333333,9.0,2.25,36.666666666667,9.166666666667,0.0,0.0,14.75,true,
838,1520,8,6,2026,25.0,6.25,15.0,3.75,18.333333333333,4.583333333333,0.0,0.0,14.583333333333,true,
839,1521,8,6,2026,10.0,2.5,61.0,15.25,40.0,10.0,30.0,7.5,35.25,true,
840,1522,8,6,2026,30.0,7.5,32.0,8.0,31.666666666667,7.916666666667,10.0,2.5,25.916666666667,true,
841,1523,8,6,2026,35.0,8.75,43.0,10.75,60.0,15.0,0.0,0.0,34.5,true,
842,1524,8,6,2026,0.0,0.0,43.0,10.75,50.0,12.5,30.0,7.5,30.75,true,
843,1525,8,6,2026,16.666666666667,4.166666666667,34.0,8.5,6.666666666667,1.666666666667,10.0,2.5,16.833333333333,true,
844,1526,8,6,2026,10.0,2.5,64.0,16.0,30.0,7.5,0.0,0.0,26.0,true,
845,1527,8,6,2026,3.333333333333,0.833333333333,40.0,10.0,90.0,22.5,0.0,0.0,33.333333333333,true,
846,1528,8,6,2026,30.0,7.5,68.0,17.0,40.0,10.0,0.0,0.0,34.5,true,
847,1529,8,6,2026,0.0,0.0,63.0,15.75,85.0,21.25,40.0,10.0,47.0,true,
848,1530,8,6,2026,20.0,6.666666666667,59.0,19.666666666667,,,20.0,6.666666666667,33.0,true,
849,1531,8,6,2026,5.0,1.25,16.0,4.0,40.0,10.0,10.0,2.5,17.75,true,
850,1533,8,6,2026,52.0,13.0,64.0,16.0,32.5,8.125,0.0,0.0,37.125,true,
851,1535,8,6,2026,31.666666666667,7.916666666667,15.0,3.75,41.666666666667,10.416666666667,0.0,0.0,22.083333333333,true,
852,1536,8,6,2026,37.5,9.375,27.0,6.75,35.0,8.75,0.0,0.0,24.875,true,
853,1537,8,6,2026,16.666666666667,4.166666666667,39.0,9.75,90.0,22.5,50.0,12.5,48.916666666667,true,
854,1538,8,6,2026,33.333333333333,8.333333333333,57.0,14.25,50.0,12.5,0.0,0.0,35.083333333333,true,
855,1540,8,6,2026,10.0,2.5,43.0,10.75,50.0,12.5,70.0,17.5,43.25,true,
856,1542,8,6,2026,18.0,4.5,20.0,5.0,70.0,17.5,30.0,7.5,34.5,true,
857,1543,8,6,2026,23.333333333333,5.833333333333,47.0,11.75,43.333333333333,10.833333333333,0.0,0.0,28.416666666667,true,
858,1544,8,6,2026,25.0,6.25,30.0,7.5,50.0,12.5,20.0,5.0,31.25,true,
859,1545,8,6,2026,2.0,0.5,44.0,11.0,28.333333333333,7.083333333333,0.0,0.0,18.583333333333,true,
860,1546,8,6,2026,22.0,5.5,77.0,19.25,15.0,3.75,10.0,2.5,31.0,true,
861,1547,8,6,2026,10.0,2.5,34.0,8.5,36.666666666667,9.166666666667,0.0,0.0,20.166666666667,true,
862,1548,8,6,2026,10.0,2.5,39.0,9.75,36.666666666667,9.166666666667,10.0,2.5,23.916666666667,true,
863,1549,8,6,2026,16.0,4.0,35.0,8.75,55.0,13.75,0.0,0.0,26.5,true,
864,1550,8,6,2026,20.0,5.0,40.0,10.0,33.333333333333,8.333333333333,20.0,5.0,28.333333333333,true,
865,1551,8,6,2026,16.666666666667,4.166666666667,28.0,7.0,100.0,25.0,60.0,15.0,51.166666666667,true,
866,1553,8,6,2026,16.666666666667,4.166666666667,19.0,4.75,48.333333333333,12.083333333333,0.0,0.0,21.0,true,
867,1556,8,6,2026,22.0,5.5,16.0,4.0,51.666666666667,12.916666666667,10.0,2.5,24.916666666667,true,
868,1558,8,6,2026,35.0,8.75,22.0,5.5,13.333333333333,3.333333333333,0.0,0.0,17.583333333333,true,
869,1559,8,6,2026,28.0,7.0,28.0,7.0,18.333333333333,4.583333333333,0.0,0.0,18.583333333333,true,
870,1560,8,6,2026,7.5,1.875,52.0,13.0,38.0,9.5,0.0,0.0,24.375,true,
871,1564,8,6,2026,0.0,0.0,32.0,8.0,30.0,7.5,0.0,0.0,15.5,true,
872,1566,8,6,2026,23.333333333333,5.833333333333,22.0,5.5,26.666666666667,6.666666666667,20.0,5.0,23.0,true,
873,1570,8,6,2026,13.333333333333,3.333333333333,62.0,15.5,30.0,7.5,50.0,12.5,38.833333333333,true,
874,1637,8,6,2026,10.0,3.333333333333,48.0,16.0,,,100.0,33.333333333333,52.666666666667,true,
875,1638,8,6,2026,30.0,10.0,14.0,4.666666666667,,,40.0,13.333333333333,28.0,true,
876,1639,8,6,2026,25.0,6.25,19.0,4.75,34.0,8.5,60.0,15.0,34.5,true,
877,1640,8,6,2026,20.0,5.0,31.0,7.75,40.0,10.0,10.0,2.5,25.25,true,
878,1641,8,6,2026,28.0,7.0,15.0,3.75,87.5,21.875,10.0,2.5,35.125,true,
879,1642,8,6,2026,20.0,5.0,43.0,10.75,5.0,1.25,20.0,5.0,22.0,true,
880,1644,8,6,2026,21.666666666667,5.416666666667,11.0,2.75,15.0,3.75,20.0,5.0,16.916666666667,true,
881,1647,8,6,2026,45.0,11.25,51.0,12.75,53.333333333333,13.333333333333,30.0,7.5,44.833333333333,true,
882,1648,8,6,2026,30.0,7.5,58.0,14.5,44.0,11.0,30.0,7.5,40.5,true,
883,1650,8,6,2026,36.0,9.0,13.0,3.25,33.333333333333,8.333333333333,50.0,12.5,33.083333333333,true,
884,1652,8,6,2026,1.666666666667,0.416666666667,20.0,5.0,46.666666666667,11.666666666667,30.0,7.5,24.583333333333,true,
885,1653,8,6,2026,20.0,5.0,21.0,5.25,41.666666666667,10.416666666667,70.0,17.5,38.166666666667,true,
886,1654,8,6,2026,4.0,1.0,61.0,15.25,64.0,16.0,30.0,7.5,39.75,true,
887,1655,8,6,2026,0.0,0.0,39.0,9.75,21.666666666667,5.416666666667,30.0,7.5,22.666666666667,true,
888,1656,8,6,2026,7.5,1.875,46.0,11.5,60.0,15.0,90.0,22.5,50.875,true,
889,1657,8,6,2026,10.0,2.5,16.0,4.0,41.666666666667,10.416666666667,20.0,5.0,21.916666666667,true,
890,1658,8,6,2026,0.0,0.0,8.0,2.0,28.333333333333,7.083333333333,0.0,0.0,9.083333333333,true,
891,1659,8,6,2026,20.0,5.0,15.0,3.75,20.0,5.0,20.0,5.0,18.75,true,
892,1660,8,6,2026,,,48.0,16.0,44.0,14.666666666667,10.0,3.333333333333,34.0,true,
893,1661,8,6,2026,10.0,2.5,27.0,6.75,52.5,13.125,20.0,5.0,27.375,true,
894,1662,8,6,2026,20.0,5.0,24.0,6.0,46.666666666667,11.666666666667,40.0,10.0,32.666666666667,true,
895,1663,8,6,2026,17.5,4.375,77.0,19.25,70.0,17.5,70.0,17.5,58.625,true,
896,1664,8,6,2026,16.0,4.0,41.0,10.25,36.0,9.0,60.0,15.0,38.25,true,
897,1665,8,6,2026,0.0,0.0,77.0,19.25,80.0,20.0,80.0,20.0,59.25,true,
898,1666,8,6,2026,7.5,1.875,21.0,5.25,40.0,10.0,30.0,7.5,24.625,true,
899,1667,8,6,2026,0.0,0.0,65.0,16.25,30.0,7.5,70.0,17.5,41.25,true,
900,1668,8,6,2026,28.333333333333,7.083333333333,23.0,5.75,18.333333333333,4.583333333333,10.0,2.5,19.916666666667,true,
901,1756,8,6,2026,0.0,0.0,45.0,11.25,35.0,8.75,70.0,17.5,37.5,true,
902,1757,8,6,2026,13.333333333333,3.333333333333,24.0,6.0,18.0,4.5,0.0,0.0,13.833333333333,true,
903,1758,8,6,2026,16.666666666667,4.166666666667,40.0,10.0,45.0,11.25,10.0,2.5,27.916666666667,true,
904,1759,8,6,2026,16.666666666667,5.555555555556,43.0,14.333333333333,,,50.0,16.666666666667,36.555555555556,true,
905,1760,8,6,2026,25.0,6.25,20.0,5.0,48.333333333333,12.083333333333,0.0,0.0,23.333333333333,true,
906,1761,8,6,2026,,,46.0,15.333333333333,25.0,8.333333333333,100.0,33.333333333333,57.0,true,
907,1762,8,6,2026,16.0,4.0,29.0,7.25,50.0,12.5,30.0,7.5,31.25,true,
908,1763,8,6,2026,25.0,6.25,17.0,4.25,22.5,5.625,0.0,0.0,16.125,true,
909,1764,8,6,2026,5.0,1.25,82.0,20.5,50.0,12.5,50.0,12.5,46.75,true,
910,1766,8,6,2026,88.0,22.0,67.0,16.75,53.333333333333,13.333333333333,10.0,2.5,54.583333333333,true,
911,1767,8,6,2026,26.0,6.5,44.0,11.0,15.0,3.75,0.0,0.0,21.25,true,
912,1769,8,6,2026,17.5,4.375,36.0,9.0,26.666666666667,6.666666666667,60.0,15.0,35.041666666667,true,
913,1770,8,6,2026,30.0,10.0,90.0,30.0,,,100.0,33.333333333333,73.333333333333,true,
914,1771,8,6,2026,21.666666666667,5.416666666667,36.0,9.0,51.666666666667,12.916666666667,0.0,0.0,27.333333333333,true,
915,1773,8,6,2026,7.5,1.875,66.0,16.5,70.0,17.5,20.0,5.0,40.875,true,
916,1774,8,6,2026,25.0,6.25,44.0,11.0,26.666666666667,6.666666666667,10.0,2.5,26.416666666667,true,
917,1775,8,6,2026,6.666666666667,1.666666666667,44.0,11.0,25.0,6.25,60.0,15.0,33.916666666667,true,
918,1777,8,6,2026,0.0,0.0,65.0,16.25,40.0,10.0,60.0,15.0,41.25,true,
919,1779,8,6,2026,25.0,6.25,14.0,3.5,23.333333333333,5.833333333333,0.0,0.0,15.583333333333,true,
920,1780,8,6,2026,32.0,8.0,40.0,10.0,54.0,13.5,50.0,12.5,44.0,true,
921,1782,8,6,2026,12.0,3.0,13.0,3.25,32.0,8.0,20.0,5.0,19.25,true,
922,1783,8,6,2026,5.0,1.666666666667,,,70.0,23.333333333333,40.0,13.333333333333,38.333333333333,true,
923,1784,8,6,2026,28.333333333333,7.083333333333,24.0,6.0,28.333333333333,7.083333333333,0.0,0.0,20.166666666667,true,
924,1785,8,6,2026,44.0,11.0,27.0,6.75,56.666666666667,14.166666666667,0.0,0.0,31.916666666667,true,
925,1787,8,6,2026,16.0,4.0,50.0,12.5,50.0,12.5,0.0,0.0,29.0,true,
926,1788,8,6,2026,33.333333333333,8.333333333333,86.0,21.5,33.333333333333,8.333333333333,0.0,0.0,38.166666666667,true,
927,1792,8,6,2026,36.666666666667,12.222222222222,32.0,10.666666666667,,,50.0,16.666666666667,39.555555555556,true,
928,1795,8,6,2026,4.0,1.0,26.0,6.5,36.666666666667,9.166666666667,0.0,0.0,16.666666666667,true,
929,1800,8,6,2026,0.0,0.0,69.0,23.0,,,30.0,10.0,33.0,true,
930,1801,8,6,2026,25.0,6.25,51.0,12.75,50.0,12.5,0.0,0.0,31.5,true,
931,1894,8,6,2026,60.0,15.0,43.0,10.75,72.0,18.0,0.0,0.0,43.75,true,
932,1895,8,6,2026,0.0,0.0,38.0,9.5,95.0,23.75,70.0,17.5,50.75,true,
933,1896,8,6,2026,6.666666666667,1.666666666667,69.0,17.25,75.0,18.75,60.0,15.0,52.666666666667,true,
934,1897,8,6,2026,0.0,0.0,37.0,9.25,24.0,6.0,0.0,0.0,15.25,true,
935,1898,8,6,2026,18.333333333333,4.583333333333,43.0,10.75,20.0,5.0,10.0,2.5,22.833333333333,true,
936,1899,8,6,2026,28.0,7.0,38.0,9.5,36.666666666667,9.166666666667,0.0,0.0,25.666666666667,true,
937,1900,8,6,2026,15.0,3.75,64.0,16.0,54.0,13.5,50.0,12.5,45.75,true,
938,1901,8,6,2026,10.0,2.5,36.0,9.0,45.0,11.25,10.0,2.5,25.25,true,
939,1902,8,6,2026,2.0,0.5,20.0,5.0,21.666666666667,5.416666666667,0.0,0.0,10.916666666667,true,
940,1903,8,6,2026,0.0,0.0,25.0,6.25,50.0,12.5,50.0,12.5,31.25,true,
941,1904,8,6,2026,12.5,3.125,54.0,13.5,78.0,19.5,0.0,0.0,36.125,true,
942,1905,8,6,2026,10.0,2.5,64.0,16.0,32.0,8.0,50.0,12.5,39.0,true,
943,1906,8,6,2026,36.666666666667,9.166666666667,34.0,8.5,60.0,15.0,0.0,0.0,32.666666666667,true,
944,1907,8,6,2026,0.0,0.0,,,65.0,21.666666666667,0.0,0.0,21.666666666667,true,
945,1908,8,6,2026,7.5,1.875,78.0,19.5,100.0,25.0,90.0,22.5,68.875,true,
946,1909,8,6,2026,5.0,1.25,47.0,11.75,70.0,17.5,80.0,20.0,50.5,true,
947,1910,8,6,2026,4.0,1.0,57.0,14.25,52.5,13.125,0.0,0.0,28.375,true,
948,1911,8,6,2026,27.5,6.875,39.0,9.75,43.333333333333,10.833333333333,0.0,0.0,27.458333333333,true,
949,1912,8,6,2026,60.0,15.0,56.0,14.0,21.666666666667,5.416666666667,0.0,0.0,34.416666666667,true,
950,1913,8,6,2026,0.0,0.0,17.0,4.25,35.0,8.75,10.0,2.5,15.5,true,
951,1915,8,6,2026,28.333333333333,7.083333333333,19.0,4.75,23.333333333333,5.833333333333,0.0,0.0,17.666666666667,true,
952,1916,8,6,2026,5.0,1.25,83.0,20.75,25.0,6.25,10.0,2.5,30.75,true,
953,1917,8,6,2026,6.0,1.5,29.0,7.25,28.333333333333,7.083333333333,30.0,7.5,23.333333333333,true,
954,1918,8,6,2026,7.5,1.875,47.0,11.75,23.333333333333,5.833333333333,10.0,2.5,21.958333333333,true,
955,1920,8,6,2026,2.5,0.625,38.0,9.5,38.333333333333,9.583333333333,0.0,0.0,19.708333333333,true,
956,1921,8,6,2026,5.0,1.25,71.0,17.75,76.666666666667,19.166666666667,0.0,0.0,38.166666666667,true,
957,1922,8,6,2026,3.333333333333,0.833333333333,15.0,3.75,40.0,10.0,50.0,12.5,27.083333333333,true,
958,1923,8,6,2026,0.0,0.0,37.0,9.25,8.0,2.0,0.0,0.0,11.25,true,
959,1924,8,6,2026,13.333333333333,3.333333333333,28.0,7.0,53.333333333333,13.333333333333,10.0,2.5,26.166666666667,true,
960,1925,8,6,2026,30.0,7.5,79.0,19.75,60.0,15.0,20.0,5.0,47.25,true,
961,1926,8,6,2026,0.0,0.0,69.0,23.0,,,30.0,10.0,33.0,true,
962,1927,8,6,2026,40.0,10.0,53.0,13.25,18.333333333333,4.583333333333,0.0,0.0,27.833333333333,true,
963,1928,8,6,2026,20.0,5.0,33.0,8.25,55.0,13.75,100.0,25.0,52.0,true,
964,1930,8,6,2026,13.333333333333,3.333333333333,52.0,13.0,45.0,11.25,0.0,0.0,27.583333333333,true,
965,1931,8,6,2026,0.0,0.0,36.0,9.0,80.0,20.0,50.0,12.5,41.5,true,
966,1932,8,6,2026,10.0,2.5,87.0,21.75,35.0,8.75,20.0,5.0,38.0,true,
967,1934,8,6,2026,2.5,0.625,50.0,12.5,51.666666666667,12.916666666667,20.0,5.0,31.041666666667,true,
968,1935,8,6,2026,0.0,0.0,59.0,14.75,10.0,2.5,0.0,0.0,17.25,true,
969,1936,8,6,2026,15.0,3.75,32.0,8.0,15.0,3.75,0.0,0.0,15.5,true,
970,1937,8,6,2026,12.5,3.125,50.0,12.5,80.0,20.0,10.0,2.5,38.125,true,
971,1938,8,6,2026,16.0,4.0,36.0,9.0,36.666666666667,9.166666666667,0.0,0.0,22.166666666667,true,
972,1939,8,6,2026,20.0,5.0,41.0,10.25,75.0,18.75,40.0,10.0,44.0,true,
973,1940,8,6,2026,46.666666666667,11.666666666667,19.0,4.75,43.333333333333,10.833333333333,0.0,0.0,27.25,true,
974,1941,8,6,2026,11.666666666667,2.916666666667,68.0,17.0,18.333333333333,4.583333333333,0.0,0.0,24.5,true,
975,1942,8,6,2026,28.0,7.0,45.0,11.25,16.666666666667,4.166666666667,0.0,0.0,22.416666666667,true,
976,1943,8,6,2026,23.333333333333,7.777777777778,48.0,16.0,,,50.0,16.666666666667,40.444444444444,true,
977,1944,8,6,2026,6.666666666667,2.222222222222,,,50.0,16.666666666667,40.0,13.333333333333,32.222222222222,true,
978,1945,8,6,2026,15.0,3.75,49.0,12.25,3.333333333333,0.833333333333,0.0,0.0,16.833333333333,true,
979,1946,8,6,2026,0.0,0.0,24.0,6.0,50.0,12.5,0.0,0.0,18.5,true,
980,1947,8,6,2026,12.5,3.125,21.0,5.25,74.0,18.5,30.0,7.5,34.375,true,
981,1948,8,6,2026,0.0,0.0,90.0,22.5,100.0,25.0,70.0,17.5,65.0,true,
982,1949,8,6,2026,35.0,8.75,33.0,8.25,33.333333333333,8.333333333333,0.0,0.0,25.333333333333,true,
983,1950,8,6,2026,7.5,1.875,19.0,4.75,65.0,16.25,0.0,0.0,22.875,true,
984,1951,8,6,2026,16.666666666667,4.166666666667,69.0,17.25,56.666666666667,14.166666666667,0.0,0.0,35.583333333333,true,
985,1952,8,6,2026,10.0,2.5,13.0,3.25,11.666666666667,2.916666666667,0.0,0.0,8.666666666667,true,
986,1953,8,6,2026,23.333333333333,5.833333333333,16.0,4.0,60.0,15.0,40.0,10.0,34.833333333333,true,
987,1997,8,6,2026,20.0,5.0,61.0,15.25,28.333333333333,7.083333333333,0.0,0.0,27.333333333333,true,
988,1998,8,6,2026,0.0,0.0,78.0,19.5,54.0,13.5,0.0,0.0,33.0,true,
989,1999,8,6,2026,20.0,5.0,42.0,10.5,35.0,8.75,0.0,0.0,24.25,true,
990,2000,8,6,2026,0.0,0.0,91.0,22.75,53.333333333333,13.333333333333,10.0,2.5,38.583333333333,true,
991,2001,8,6,2026,15.0,3.75,57.0,14.25,73.333333333333,18.333333333333,30.0,7.5,43.833333333333,true,
992,2002,8,6,2026,20.0,5.0,68.0,17.0,53.333333333333,13.333333333333,0.0,0.0,35.333333333333,true,
993,2003,8,6,2026,,,64.0,21.333333333333,58.0,19.333333333333,10.0,3.333333333333,44.0,true,
994,2004,8,6,2026,0.0,0.0,72.0,18.0,15.0,3.75,10.0,2.5,24.25,true,
995,2005,8,6,2026,3.333333333333,0.833333333333,58.0,14.5,20.0,5.0,0.0,0.0,20.333333333333,true,
996,2006,8,6,2026,0.0,0.0,36.0,9.0,21.666666666667,5.416666666667,0.0,0.0,14.416666666667,true,
997,2007,8,6,2026,12.0,3.0,63.0,15.75,40.0,10.0,20.0,5.0,33.75,true,
998,2008,8,6,2026,12.0,3.0,39.0,9.75,53.333333333333,13.333333333333,0.0,0.0,26.083333333333,true,
999,2009,8,6,2026,12.5,3.125,46.0,11.5,76.666666666667,19.166666666667,10.0,2.5,36.291666666667,true,
1000,2010,8,6,2026,0.0,0.0,,,100.0,33.333333333333,0.0,0.0,33.333333333333,true,
1001,2011,8,6,2026,34.0,8.5,20.0,5.0,20.0,5.0,0.0,0.0,18.5,true,
1002,2012,8,6,2026,6.0,1.5,35.0,8.75,40.0,10.0,0.0,0.0,20.25,true,
1003,2013,8,6,2026,10.0,2.5,87.0,21.75,15.0,3.75,30.0,7.5,35.5,true,
1004,2014,8,6,2026,31.666666666667,7.916666666667,42.0,10.5,26.666666666667,6.666666666667,0.0,0.0,25.083333333333,true,
1005,2015,8,6,2026,2.5,0.625,38.0,9.5,45.0,11.25,0.0,0.0,21.375,true,
1006,2016,8,6,2026,18.0,4.5,22.0,5.5,23.333333333333,5.833333333333,10.0,2.5,18.333333333333,true,
1007,2017,8,6,2026,38.333333333333,9.583333333333,15.0,3.75,70.0,17.5,0.0,0.0,30.833333333333,true,
1008,2018,8,6,2026,0.0,0.0,53.0,13.25,22.0,5.5,30.0,7.5,26.25,true,
1009,2019,8,6,2026,2.0,0.5,76.0,19.0,40.0,10.0,0.0,0.0,29.5,true,
1010,2020,8,6,2026,25.0,6.25,48.0,12.0,36.666666666667,9.166666666667,20.0,5.0,32.416666666667,true,
1011,2021,8,6,2026,3.333333333333,0.833333333333,48.0,12.0,60.0,15.0,0.0,0.0,27.833333333333,true,
1012,2022,8,6,2026,0.0,0.0,80.0,20.0,35.0,8.75,0.0,0.0,28.75,true,
1013,2023,8,6,2026,0.0,0.0,53.0,13.25,50.0,12.5,30.0,7.5,33.25,true,
1014,2024,8,6,2026,40.0,10.0,35.0,8.75,40.0,10.0,0.0,0.0,28.75,true,
1015,2025,8,6,2026,26.0,6.5,39.0,9.75,21.666666666667,5.416666666667,0.0,0.0,21.666666666667,true,
1016,2026,8,6,2026,28.333333333333,7.083333333333,49.0,12.25,36.666666666667,9.166666666667,0.0,0.0,28.5,true,
1017,2027,8,6,2026,,,94.0,31.333333333333,90.0,30.0,100.0,33.333333333333,94.666666666667,true,
1018,2028,8,6,2026,2.5,0.625,18.0,4.5,36.666666666667,9.166666666667,0.0,0.0,14.291666666667,true,
1019,2031,8,6,2026,27.5,6.875,26.0,6.5,20.0,5.0,0.0,0.0,18.375,true,
1020,2033,8,6,2026,8.0,2.0,78.0,19.5,33.333333333333,8.333333333333,0.0,0.0,29.833333333333,true,
1021,2035,8,6,2026,10.0,2.5,33.0,8.25,10.0,2.5,0.0,0.0,13.25,true,
1022,2036,8,6,2026,0.0,0.0,71.0,17.75,50.0,12.5,50.0,12.5,42.75,true,
1023,2039,8,6,2026,0.0,0.0,48.0,12.0,40.0,10.0,0.0,0.0,22.0,true,
1024,2040,8,6,2026,,,62.0,20.666666666667,38.0,12.666666666667,0.0,0.0,33.333333333333,true,
1025,2047,8,6,2026,13.333333333333,3.333333333333,48.0,12.0,80.0,20.0,0.0,0.0,35.333333333333,true,
1026,2048,8,6,2026,0.0,0.0,,,85.0,28.333333333333,0.0,0.0,28.333333333333,true,
1027,2049,8,6,2026,20.0,5.0,33.0,8.25,25.0,6.25,0.0,0.0,19.5,true,
1028,2050,8,6,2026,25.0,6.25,80.0,20.0,86.666666666667,21.666666666667,70.0,17.5,65.416666666667,true,
1029,2051,8,6,2026,3.333333333333,1.111111111111,100.0,33.333333333333,,,40.0,13.333333333333,47.777777777778,true,
1030,2053,8,6,2026,,,73.0,24.333333333333,80.0,26.666666666667,40.0,13.333333333333,64.333333333333,true,
1031,2054,8,6,2026,20.0,5.0,48.0,12.0,58.333333333333,14.583333333333,0.0,0.0,31.583333333333,true,
1032,2066,8,6,2026,15.0,3.75,47.0,11.75,52.0,13.0,20.0,5.0,33.5,true,
1033,2072,8,6,2026,10.0,2.5,70.0,17.5,95.0,23.75,100.0,25.0,68.75,true,
1034,2073,8,6,2026,0.0,0.0,90.0,22.5,90.0,22.5,0.0,0.0,45.0,true,
1035,2074,8,6,2026,,,57.0,19.0,60.0,20.0,10.0,3.333333333333,42.333333333333,true,
1036,2077,8,6,2026,10.0,2.5,38.0,9.5,65.0,16.25,20.0,5.0,33.25,true,
1037,2158,8,6,2026,10.0,2.5,68.0,17.0,36.666666666667,9.166666666667,60.0,15.0,43.666666666667,true,
1038,2159,8,6,2026,25.0,6.25,68.0,17.0,5.0,1.25,0.0,0.0,24.5,true,
1039,2160,8,6,2026,20.0,5.0,28.0,7.0,23.333333333333,5.833333333333,0.0,0.0,17.833333333333,true,
1040,2161,8,6,2026,10.0,2.5,47.0,11.75,25.0,6.25,100.0,25.0,45.5,true,
1041,2162,8,6,2026,22.5,5.625,87.0,21.75,40.0,10.0,30.0,7.5,44.875,true,
1042,2163,8,6,2026,10.0,2.5,40.0,10.0,56.0,14.0,60.0,15.0,41.5,true,
1043,2164,8,6,2026,18.0,4.5,22.0,5.5,53.333333333333,13.333333333333,0.0,0.0,23.333333333333,true,
1044,2165,8,6,2026,0.0,0.0,61.0,15.25,10.0,2.5,100.0,25.0,42.75,true,
1045,2167,8,6,2026,0.0,0.0,39.0,9.75,90.0,22.5,40.0,10.0,42.25,true,
1046,2168,8,6,2026,12.5,3.125,55.0,13.75,36.666666666667,9.166666666667,50.0,12.5,38.541666666667,true,
1047,2171,8,6,2026,17.5,4.375,60.0,15.0,65.0,16.25,50.0,12.5,48.125,true,
1048,2250,8,6,2026,37.5,9.375,31.0,7.75,32.0,8.0,0.0,0.0,25.125,true,
1049,2251,8,6,2026,60.0,15.0,50.0,12.5,25.0,6.25,20.0,5.0,38.75,true,
1050,2252,8,6,2026,36.0,9.0,19.0,4.75,50.0,12.5,10.0,2.5,28.75,true,
1051,2253,8,6,2026,2.0,0.5,21.0,5.25,40.0,10.0,0.0,0.0,15.75,true,
1052,2254,8,6,2026,25.0,6.25,23.0,5.75,10.0,2.5,10.0,2.5,17.0,true,
1053,2255,8,6,2026,6.666666666667,1.666666666667,34.0,8.5,50.0,12.5,10.0,2.5,25.166666666667,true,
1054,2256,8,6,2026,12.0,3.0,36.0,9.0,30.0,7.5,40.0,10.0,29.5,true,
1055,2257,8,6,2026,13.333333333333,3.333333333333,36.0,9.0,30.0,7.5,40.0,10.0,29.833333333333,true,
1056,2259,8,6,2026,0.0,0.0,19.0,4.75,82.5,20.625,20.0,5.0,30.375,true,
1057,2261,8,6,2026,24.0,6.0,72.0,18.0,56.666666666667,14.166666666667,10.0,2.5,40.666666666667,true,
1058,2262,8,6,2026,22.5,5.625,50.0,12.5,80.0,20.0,20.0,5.0,43.125,true,
1059,2263,8,6,2026,28.0,7.0,29.0,7.25,36.666666666667,9.166666666667,10.0,2.5,25.916666666667,true,
1060,2264,8,6,2026,33.333333333333,8.333333333333,36.0,9.0,50.0,12.5,20.0,5.0,34.833333333333,true,
1061,2265,8,6,2026,61.666666666667,15.416666666667,35.0,8.75,21.666666666667,5.416666666667,0.0,0.0,29.583333333333,true,
1062,2266,8,6,2026,62.0,15.5,17.0,4.25,13.333333333333,3.333333333333,10.0,2.5,25.583333333333,true,
1063,2267,8,6,2026,70.0,17.5,47.0,11.75,30.0,7.5,50.0,12.5,49.25,true,
1064,2268,8,6,2026,30.0,7.5,41.0,10.25,41.666666666667,10.416666666667,20.0,5.0,33.166666666667,true,
1065,2269,8,6,2026,10.0,2.5,30.0,7.5,71.666666666667,17.916666666667,10.0,2.5,30.416666666667,true,
1066,2270,8,6,2026,42.5,10.625,18.0,4.5,12.5,3.125,10.0,2.5,20.75,true,
1067,2271,8,6,2026,14.0,3.5,23.0,5.75,30.0,7.5,0.0,0.0,16.75,true,
1068,2272,8,6,2026,46.0,11.5,29.0,7.25,23.333333333333,5.833333333333,20.0,5.0,29.583333333333,true,
1069,2274,8,6,2026,22.0,5.5,34.0,8.5,13.333333333333,3.333333333333,0.0,0.0,17.333333333333,true,
1070,2275,8,6,2026,13.333333333333,3.333333333333,20.0,5.0,5.0,1.25,30.0,7.5,17.083333333333,true,
1071,2276,8,6,2026,30.0,7.5,28.0,7.0,48.333333333333,12.083333333333,0.0,0.0,26.583333333333,true,
1072,2277,8,6,2026,26.0,6.5,37.0,9.25,71.666666666667,17.916666666667,0.0,0.0,33.666666666667,true,
1073,2278,8,6,2026,78.333333333333,19.583333333333,69.0,17.25,30.0,7.5,10.0,2.5,46.833333333333,true,
1074,2279,8,6,2026,30.0,7.5,24.0,6.0,36.666666666667,9.166666666667,0.0,0.0,22.666666666667,true,
1075,2280,8,6,2026,13.333333333333,3.333333333333,24.0,6.0,38.333333333333,9.583333333333,0.0,0.0,18.916666666667,true,
1076,2282,8,6,2026,26.666666666667,6.666666666667,11.0,2.75,13.333333333333,3.333333333333,0.0,0.0,12.75,true,
1077,2283,8,6,2026,16.0,4.0,16.0,4.0,44.0,11.0,0.0,0.0,19.0,true,
1078,2284,8,6,2026,47.5,11.875,35.0,8.75,20.0,5.0,60.0,15.0,40.625,true,
1079,2285,8,6,2026,44.0,11.0,49.0,12.25,61.666666666667,15.416666666667,0.0,0.0,38.666666666667,true,
1080,2286,8,6,2026,60.0,15.0,49.0,12.25,11.666666666667,2.916666666667,10.0,2.5,32.666666666667,true,
1081,2288,8,6,2026,38.0,9.5,51.0,12.75,41.666666666667,10.416666666667,30.0,7.5,40.166666666667,true,
1082,2289,8,6,2026,7.5,1.875,37.0,9.25,0.0,0.0,0.0,0.0,11.125,true,
1083,2292,8,6,2026,50.0,12.5,25.0,6.25,13.333333333333,3.333333333333,10.0,2.5,24.583333333333,true,
1084,2293,8,6,2026,54.0,13.5,42.0,10.5,26.666666666667,6.666666666667,60.0,15.0,45.666666666667,true,
1085,2294,8,6,2026,50.0,12.5,35.0,8.75,46.666666666667,11.666666666667,40.0,10.0,42.916666666667,true,
1086,2295,8,6,2026,66.0,16.5,37.0,9.25,24.0,6.0,40.0,10.0,41.75,true,
1087,2297,8,6,2026,83.333333333333,20.833333333333,59.0,14.75,18.333333333333,4.583333333333,10.0,2.5,42.666666666667,true,
1088,2298,8,6,2026,40.0,10.0,6.0,1.5,50.0,12.5,10.0,2.5,26.5,true,
1089,2299,8,6,2026,65.0,16.25,57.0,14.25,11.666666666667,2.916666666667,0.0,0.0,33.416666666667,true,
1090,2300,8,6,2026,76.0,19.0,47.0,11.75,42.0,10.5,60.0,15.0,56.25,true,
1091,2302,8,6,2026,50.0,12.5,25.0,6.25,58.333333333333,14.583333333333,10.0,2.5,35.833333333333,true,
1092,2303,8,6,2026,41.666666666667,10.416666666667,26.0,6.5,15.0,3.75,0.0,0.0,20.666666666667,true,
1093,2304,8,6,2026,46.666666666667,11.666666666667,34.0,8.5,16.666666666667,4.166666666667,20.0,5.0,29.333333333333,true,
1094,2305,8,6,2026,35.0,8.75,7.0,1.75,23.333333333333,5.833333333333,10.0,2.5,18.833333333333,true,
1095,2306,8,6,2026,46.666666666667,11.666666666667,7.0,1.75,51.666666666667,12.916666666667,0.0,0.0,26.333333333333,true,
1096,2334,8,6,2026,20.0,5.0,24.0,6.0,26.666666666667,6.666666666667,20.0,5.0,22.666666666667,true,
1097,2335,8,6,2026,10.0,2.5,68.0,17.0,65.0,16.25,80.0,20.0,55.75,true,
1098,2336,8,6,2026,5.0,1.25,38.0,9.5,50.0,12.5,50.0,12.5,35.75,true,
1099,2337,8,6,2026,3.333333333333,1.111111111111,31.0,10.333333333333,,,20.0,6.666666666667,18.111111111111,true,
1100,2338,8,6,2026,6.666666666667,1.666666666667,41.0,10.25,33.333333333333,8.333333333333,40.0,10.0,30.25,true,
1101,2340,8,6,2026,61.666666666667,15.416666666667,5.0,1.25,25.0,6.25,0.0,0.0,22.916666666667,true,
1102,2341,8,6,2026,18.0,4.5,20.0,5.0,35.0,8.75,30.0,7.5,25.75,true,
1103,2342,8,6,2026,6.666666666667,1.666666666667,41.0,10.25,33.333333333333,8.333333333333,50.0,12.5,32.75,true,
1104,2343,8,6,2026,5.0,1.25,5.0,1.25,43.333333333333,10.833333333333,0.0,0.0,13.333333333333,true,
1105,2344,8,6,2026,18.333333333333,4.583333333333,18.0,4.5,13.333333333333,3.333333333333,0.0,0.0,12.416666666667,true,
1106,2345,8,6,2026,6.666666666667,1.666666666667,63.0,15.75,56.666666666667,14.166666666667,50.0,12.5,44.083333333333,true,
1107,2346,8,6,2026,17.5,4.375,13.0,3.25,5.0,1.25,60.0,15.0,23.875,true,
1108,2347,8,6,2026,16.666666666667,4.166666666667,69.0,17.25,5.0,1.25,80.0,20.0,42.666666666667,true,
1109,2348,8,6,2026,16.0,4.0,71.0,17.75,2.5,0.625,30.0,7.5,29.875,true,
1110,2349,8,6,2026,12.5,4.166666666667,61.0,20.333333333333,,,80.0,26.666666666667,51.166666666667,true,
1111,2350,8,6,2026,38.333333333333,9.583333333333,36.0,9.0,21.666666666667,5.416666666667,20.0,5.0,29.0,true,
1112,2352,8,6,2026,55.0,13.75,55.0,13.75,20.0,5.0,40.0,10.0,42.5,true,
1113,2353,8,6,2026,26.0,6.5,30.0,7.5,46.666666666667,11.666666666667,10.0,2.5,28.166666666667,true,
1114,2354,8,6,2026,28.0,7.0,29.0,7.25,45.0,11.25,20.0,5.0,30.5,true,
1115,2355,8,6,2026,33.333333333333,8.333333333333,48.0,12.0,31.666666666667,7.916666666667,0.0,0.0,28.25,true,
1116,2356,8,6,2026,3.333333333333,0.833333333333,27.0,6.75,57.5,14.375,30.0,7.5,29.458333333333,true,
1117,2357,8,6,2026,0.0,0.0,62.0,15.5,15.0,3.75,90.0,22.5,41.75,true,
1118,2358,8,6,2026,22.0,5.5,57.0,14.25,10.0,2.5,60.0,15.0,37.25,true,
1119,2360,8,6,2026,11.666666666667,2.916666666667,36.0,9.0,8.333333333333,2.083333333333,40.0,10.0,24.0,true,
1120,2361,8,6,2026,23.333333333333,5.833333333333,61.0,15.25,20.0,5.0,60.0,15.0,41.083333333333,true,
1121,2362,8,6,2026,26.666666666667,6.666666666667,27.0,6.75,45.0,11.25,0.0,0.0,24.666666666667,true,
1122,2364,8,6,2026,18.0,4.5,60.0,15.0,46.666666666667,11.666666666667,80.0,20.0,51.166666666667,true,
1123,2365,8,6,2026,12.5,3.125,40.0,10.0,28.333333333333,7.083333333333,30.0,7.5,27.708333333333,true,
1124,2369,8,6,2026,6.666666666667,1.666666666667,47.0,11.75,50.0,12.5,100.0,25.0,50.916666666667,true,
1125,2371,8,6,2026,50.0,12.5,16.0,4.0,46.666666666667,11.666666666667,40.0,10.0,38.166666666667,true,
1126,2372,8,6,2026,14.0,3.5,16.0,4.0,45.0,11.25,50.0,12.5,31.25,true,
1127,2373,8,6,2026,23.333333333333,5.833333333333,45.0,11.25,10.0,2.5,80.0,20.0,39.583333333333,true,
1128,2374,8,6,2026,5.0,1.25,74.0,18.5,55.0,13.75,30.0,7.5,41.0,true,
1129,2375,8,6,2026,20.0,5.0,39.0,9.75,23.333333333333,5.833333333333,50.0,12.5,33.083333333333,true,
1130,2376,8,6,2026,0.0,0.0,24.0,6.0,6.666666666667,1.666666666667,0.0,0.0,7.666666666667,true,
1131,2378,8,6,2026,26.0,6.5,7.0,1.75,16.666666666667,4.166666666667,20.0,5.0,17.416666666667,true,
1132,2380,8,6,2026,15.0,3.75,97.0,24.25,75.0,18.75,100.0,25.0,71.75,true,
1133,2381,8,6,2026,30.0,7.5,74.0,18.5,5.0,1.25,100.0,25.0,52.25,true,
1134,2384,8,6,2026,5.0,1.25,20.0,5.0,40.0,10.0,60.0,15.0,31.25,true,
1135,2386,8,6,2026,45.0,11.25,14.0,3.5,23.333333333333,5.833333333333,0.0,0.0,20.583333333333,true,
1136,2387,8,6,2026,16.0,4.0,22.0,5.5,35.0,8.75,20.0,5.0,23.25,true,
1137,2388,8,6,2026,0.0,0.0,37.0,9.25,83.333333333333,20.833333333333,80.0,20.0,50.083333333333,true,
1138,2390,8,6,2026,22.5,5.625,8.0,2.0,58.0,14.5,0.0,0.0,22.125,true,
1139,2392,8,6,2026,12.5,3.125,15.0,3.75,38.333333333333,9.583333333333,0.0,0.0,16.458333333333,true,
1140,2393,8,6,2026,28.0,7.0,5.0,1.25,33.333333333333,8.333333333333,0.0,0.0,16.583333333333,true,
1141,2394,8,6,2026,61.666666666667,15.416666666667,37.0,9.25,21.666666666667,5.416666666667,40.0,10.0,40.083333333333,true,
1142,2397,8,6,2026,,,48.0,16.0,30.0,10.0,100.0,33.333333333333,59.333333333333,true,
1143,2398,8,6,2026,35.0,8.75,22.0,5.5,40.0,10.0,0.0,0.0,24.25,true,
1144,2399,8,6,2026,0.0,0.0,41.0,13.666666666667,,,80.0,26.666666666667,40.333333333333,true,
1145,2404,8,6,2026,20.0,6.666666666667,88.0,29.333333333333,,,80.0,26.666666666667,62.666666666667,true,
1146,2406,8,6,2026,0.0,0.0,73.0,18.25,42.5,10.625,80.0,20.0,48.875,true,
1147,2407,8,6,2026,18.333333333333,4.583333333333,53.0,13.25,31.666666666667,7.916666666667,20.0,5.0,30.75,true,
1148,2409,8,6,2026,12.0,3.0,20.0,5.0,16.666666666667,4.166666666667,20.0,5.0,17.166666666667,true,
1149,2410,8,6,2026,22.0,5.5,41.0,10.25,30.0,7.5,20.0,5.0,28.25,true,
1150,2411,8,6,2026,10.0,2.5,60.0,15.0,50.0,12.5,90.0,22.5,52.5,true,
1151,2413,8,6,2026,20.0,5.0,9.0,2.25,64.0,16.0,0.0,0.0,23.25,true,
1152,2415,8,6,2026,12.5,3.125,83.0,20.75,27.5,6.875,100.0,25.0,55.75,true,
1153,2417,8,6,2026,41.666666666667,10.416666666667,19.0,4.75,26.666666666667,6.666666666667,10.0,2.5,24.333333333333,true,
1154,2418,8,6,2026,12.5,3.125,8.0,2.0,26.0,6.5,0.0,0.0,11.625,true,
1155,2419,8,6,2026,2.5,0.625,9.0,2.25,28.333333333333,7.083333333333,20.0,5.0,14.958333333333,true,
1156,2421,8,6,2026,42.0,10.5,16.0,4.0,33.333333333333,8.333333333333,30.0,7.5,30.333333333333,true,
1157,2425,8,6,2026,25.0,6.25,27.0,6.75,33.333333333333,8.333333333333,60.0,15.0,36.333333333333,true,
1158,2426,8,6,2026,15.0,5.0,46.0,15.333333333333,,,100.0,33.333333333333,53.666666666667,true,
1159,2483,8,6,2026,10.0,2.5,35.0,8.75,26.666666666667,6.666666666667,30.0,7.5,25.416666666667,true,
1160,2484,8,6,2026,60.0,15.0,48.0,12.0,41.666666666667,10.416666666667,0.0,0.0,37.416666666667,true,
1161,2485,8,6,2026,50.0,12.5,19.0,4.75,30.0,7.5,10.0,2.5,27.25,true,
1162,2486,8,6,2026,36.666666666667,9.166666666667,49.0,12.25,0.0,0.0,100.0,25.0,46.416666666667,true,
1163,2487,8,6,2026,96.666666666667,24.166666666667,85.0,21.25,16.666666666667,4.166666666667,30.0,7.5,57.083333333333,true,
1164,2488,8,6,2026,10.0,2.5,78.0,19.5,55.0,13.75,80.0,20.0,55.75,true,
1165,2489,8,6,2026,45.0,11.25,62.0,15.5,30.0,7.5,100.0,25.0,59.25,true,
1166,2491,8,6,2026,10.0,2.5,60.0,15.0,0.0,0.0,100.0,25.0,42.5,true,
1167,2492,8,6,2026,0.0,0.0,70.0,23.333333333333,,,60.0,20.0,43.333333333333,true,
1168,2494,8,6,2026,7.5,1.875,48.0,12.0,53.333333333333,13.333333333333,60.0,15.0,42.208333333333,true,
1169,2495,8,6,2026,36.666666666667,9.166666666667,43.0,10.75,28.333333333333,7.083333333333,30.0,7.5,34.5,true,
1170,2496,8,6,2026,15.0,3.75,20.0,5.0,26.666666666667,6.666666666667,20.0,5.0,20.416666666667,true,
1171,2498,8,6,2026,30.0,7.5,65.0,16.25,20.0,5.0,60.0,15.0,43.75,true,
1172,2499,8,6,2026,52.5,13.125,43.0,10.75,33.333333333333,8.333333333333,80.0,20.0,52.208333333333,true,
1173,2500,8,6,2026,0.0,0.0,54.0,13.5,0.0,0.0,80.0,20.0,33.5,true,
1174,2501,8,6,2026,13.333333333333,3.333333333333,36.0,9.0,16.666666666667,4.166666666667,20.0,5.0,21.5,true,
1175,2502,8,6,2026,3.333333333333,0.833333333333,38.0,9.5,35.0,8.75,60.0,15.0,34.083333333333,true,
1176,5430,8,6,2026,6.666666666667,1.666666666667,79.0,19.75,25.0,6.25,70.0,17.5,45.166666666667,true,
1177,2503,8,6,2026,11.666666666667,2.916666666667,59.0,14.75,36.666666666667,9.166666666667,50.0,12.5,39.333333333333,true,
1178,2504,8,6,2026,78.0,19.5,54.0,13.5,68.333333333333,17.083333333333,40.0,10.0,60.083333333333,true,
1179,2505,8,6,2026,35.0,8.75,32.0,8.0,20.0,5.0,20.0,5.0,26.75,true,
1180,2506,8,6,2026,15.0,3.75,63.0,15.75,85.0,21.25,100.0,25.0,65.75,true,
1181,2507,8,6,2026,12.0,3.0,82.0,20.5,58.0,14.5,50.0,12.5,50.5,true,
1182,2508,8,6,2026,12.5,3.125,55.0,13.75,50.0,12.5,60.0,15.0,44.375,true,
1183,2509,8,6,2026,0.0,0.0,70.0,23.333333333333,,,50.0,16.666666666667,40.0,true,
1184,2510,8,6,2026,10.0,2.5,52.0,13.0,56.0,14.0,100.0,25.0,54.5,true,
1185,2511,8,6,2026,26.666666666667,6.666666666667,69.0,17.25,20.0,5.0,80.0,20.0,48.916666666667,true,
1186,2512,8,6,2026,68.333333333333,17.083333333333,19.0,4.75,31.666666666667,7.916666666667,50.0,12.5,42.25,true,
1187,2514,8,6,2026,,,50.0,16.666666666667,76.666666666667,25.555555555556,50.0,16.666666666667,58.888888888889,true,
1188,2515,8,6,2026,60.0,15.0,37.0,9.25,0.0,0.0,90.0,22.5,46.75,true,
1189,2516,8,6,2026,80.0,20.0,42.0,10.5,16.666666666667,4.166666666667,30.0,7.5,42.166666666667,true,
1190,2517,8,6,2026,32.5,8.125,20.0,5.0,26.0,6.5,70.0,17.5,37.125,true,
1191,2518,8,6,2026,23.333333333333,5.833333333333,46.0,11.5,15.0,3.75,100.0,25.0,46.083333333333,true,
1192,2519,8,6,2026,17.5,4.375,27.0,6.75,24.0,6.0,70.0,17.5,34.625,true,
1193,2522,8,6,2026,30.0,7.5,56.0,14.0,30.0,7.5,70.0,17.5,46.5,true,
1194,2523,8,6,2026,43.333333333333,10.833333333333,83.0,20.75,85.0,21.25,100.0,25.0,77.833333333333,true,
1195,2524,8,6,2026,25.0,6.25,77.0,19.25,5.0,1.25,70.0,17.5,44.25,true,
1196,2526,8,6,2026,30.0,7.5,16.0,4.0,10.0,2.5,70.0,17.5,31.5,true,
1197,2527,8,6,2026,50.0,12.5,13.0,3.25,41.666666666667,10.416666666667,40.0,10.0,36.166666666667,true,
1198,2528,8,6,2026,27.5,6.875,21.0,5.25,52.0,13.0,60.0,15.0,40.125,true,
1199,2529,8,6,2026,35.0,8.75,55.0,13.75,60.0,15.0,90.0,22.5,60.0,true,
1200,2619,8,6,2026,50.0,12.5,54.0,13.5,25.0,6.25,10.0,2.5,34.75,true,
1201,2621,8,6,2026,1.666666666667,0.416666666667,34.0,8.5,30.0,7.5,0.0,0.0,16.416666666667,true,
1202,2622,8,6,2026,10.0,2.5,84.0,21.0,75.0,18.75,10.0,2.5,44.75,true,
1203,2623,8,6,2026,0.0,0.0,12.0,3.0,33.333333333333,8.333333333333,20.0,5.0,16.333333333333,true,
1204,2624,8,6,2026,11.666666666667,2.916666666667,71.0,17.75,21.666666666667,5.416666666667,30.0,7.5,33.583333333333,true,
1205,2627,8,6,2026,6.666666666667,1.666666666667,32.0,8.0,36.666666666667,9.166666666667,0.0,0.0,18.833333333333,true,
1206,2628,8,6,2026,0.0,0.0,,,80.0,26.666666666667,70.0,23.333333333333,50.0,true,
1207,2629,8,6,2026,3.333333333333,0.833333333333,76.0,19.0,35.0,8.75,20.0,5.0,33.583333333333,true,
1208,2631,8,6,2026,36.0,9.0,22.0,5.5,65.0,16.25,20.0,5.0,35.75,true,
1209,2632,8,6,2026,23.333333333333,5.833333333333,58.0,14.5,70.0,17.5,20.0,5.0,42.833333333333,true,
1210,2633,8,6,2026,10.0,2.5,61.0,15.25,50.0,12.5,50.0,12.5,42.75,true,
1211,2634,8,6,2026,0.0,0.0,78.0,19.5,50.0,12.5,20.0,5.0,37.0,true,
1212,2635,8,6,2026,8.333333333333,2.083333333333,34.0,8.5,38.333333333333,9.583333333333,0.0,0.0,20.166666666667,true,
1213,2638,8,6,2026,0.0,0.0,,,25.0,8.333333333333,40.0,13.333333333333,21.666666666667,true,
1214,2639,8,6,2026,13.333333333333,3.333333333333,27.0,6.75,28.333333333333,7.083333333333,10.0,2.5,19.666666666667,true,
1215,2641,8,6,2026,5.0,1.25,28.0,7.0,70.0,17.5,0.0,0.0,25.75,true,
1216,2642,8,6,2026,0.0,0.0,63.0,15.75,35.0,8.75,10.0,2.5,27.0,true,
1217,2643,8,6,2026,10.0,2.5,25.0,6.25,18.333333333333,4.583333333333,10.0,2.5,15.833333333333,true,
1218,2645,8,6,2026,5.0,1.666666666667,,,15.0,5.0,80.0,26.666666666667,33.333333333333,true,
1219,2646,8,6,2026,4.0,1.0,51.0,12.75,73.333333333333,18.333333333333,30.0,7.5,39.583333333333,true,
1220,2647,8,6,2026,16.666666666667,5.555555555556,,,70.0,23.333333333333,50.0,16.666666666667,45.555555555556,true,
1221,2648,8,6,2026,0.0,0.0,,,53.333333333333,17.777777777778,90.0,30.0,47.777777777778,true,
1222,2649,8,6,2026,13.333333333333,3.333333333333,48.0,12.0,15.0,3.75,0.0,0.0,19.083333333333,true,
1223,2651,8,6,2026,0.0,0.0,27.0,6.75,75.0,18.75,10.0,2.5,28.0,true,
1224,2652,8,6,2026,3.333333333333,0.833333333333,31.0,7.75,13.333333333333,3.333333333333,10.0,2.5,14.416666666667,true,
1225,2653,8,6,2026,0.0,0.0,,,15.0,5.0,30.0,10.0,15.0,true,
1226,2654,8,6,2026,0.0,0.0,35.0,8.75,33.333333333333,8.333333333333,30.0,7.5,24.583333333333,true,
1227,2655,8,6,2026,0.0,0.0,35.0,8.75,58.333333333333,14.583333333333,10.0,2.5,25.833333333333,true,
1228,2658,8,6,2026,12.5,3.125,37.0,9.25,42.0,10.5,0.0,0.0,22.875,true,
1229,2660,8,6,2026,26.0,6.5,81.0,20.25,50.0,12.5,20.0,5.0,44.25,true,
1230,2661,8,6,2026,10.0,2.5,38.0,9.5,20.0,5.0,10.0,2.5,19.5,true,
1231,2662,8,6,2026,21.666666666667,5.416666666667,16.0,4.0,36.666666666667,9.166666666667,10.0,2.5,21.083333333333,true,
1232,2663,8,6,2026,13.333333333333,4.444444444444,,,53.333333333333,17.777777777778,0.0,0.0,22.222222222222,true,
1233,2664,8,6,2026,0.0,0.0,54.0,13.5,61.666666666667,15.416666666667,10.0,2.5,31.416666666667,true,
1234,2669,8,6,2026,0.0,0.0,12.0,3.0,64.0,16.0,0.0,0.0,19.0,true,
1235,2670,8,6,2026,26.0,6.5,20.0,5.0,16.666666666667,4.166666666667,0.0,0.0,15.666666666667,true,
1236,2673,8,6,2026,20.0,5.0,49.0,12.25,50.0,12.5,70.0,17.5,47.25,true,
1237,2674,8,6,2026,17.5,4.375,27.0,6.75,90.0,22.5,100.0,25.0,58.625,true,
1238,2675,8,6,2026,10.0,2.5,63.0,15.75,10.0,2.5,0.0,0.0,20.75,true,
1239,2728,8,6,2026,0.0,0.0,32.0,8.0,31.666666666667,7.916666666667,20.0,5.0,20.916666666667,true,
1240,2729,8,6,2026,37.5,9.375,27.0,6.75,33.333333333333,8.333333333333,0.0,0.0,24.458333333333,true,
1241,2730,8,6,2026,56.0,14.0,26.0,6.5,33.333333333333,8.333333333333,0.0,0.0,28.833333333333,true,
1242,2731,8,6,2026,26.666666666667,6.666666666667,50.0,12.5,86.0,21.5,70.0,17.5,58.166666666667,true,
1243,2732,8,6,2026,18.0,4.5,49.0,12.25,54.0,13.5,40.0,10.0,40.25,true,
1244,2733,8,6,2026,14.0,3.5,30.0,7.5,30.0,7.5,20.0,5.0,23.5,true,
1245,2734,8,6,2026,41.666666666667,10.416666666667,33.0,8.25,51.666666666667,12.916666666667,0.0,0.0,31.583333333333,true,
1246,2735,8,6,2026,20.0,5.0,9.0,2.25,20.0,5.0,10.0,2.5,14.75,true,
1247,2736,8,6,2026,2.0,0.5,62.0,15.5,43.333333333333,10.833333333333,20.0,5.0,31.833333333333,true,
1248,2737,8,6,2026,0.0,0.0,81.0,20.25,50.0,12.5,50.0,12.5,45.25,true,
1249,2738,8,6,2026,14.0,3.5,27.0,6.75,50.0,12.5,20.0,5.0,27.75,true,
1250,2739,8,6,2026,20.0,5.0,11.0,2.75,25.0,6.25,0.0,0.0,14.0,true,
1251,2741,8,6,2026,35.0,8.75,52.0,13.0,15.0,3.75,0.0,0.0,25.5,true,
1252,2743,8,6,2026,30.0,7.5,19.0,4.75,30.0,7.5,20.0,5.0,24.75,true,
1253,2744,8,6,2026,5.0,1.25,16.0,4.0,40.0,10.0,20.0,5.0,20.25,true,
1254,2746,8,6,2026,10.0,2.5,23.0,5.75,30.0,7.5,10.0,2.5,18.25,true,
1255,2747,8,6,2026,2.5,0.625,36.0,9.0,0.0,0.0,50.0,12.5,22.125,true,
1256,2748,8,6,2026,20.0,5.0,50.0,12.5,85.0,21.25,100.0,25.0,63.75,true,
1257,2750,8,6,2026,25.0,6.25,48.0,12.0,51.666666666667,12.916666666667,0.0,0.0,31.166666666667,true,
1258,2751,8,6,2026,28.333333333333,7.083333333333,28.0,7.0,40.0,10.0,0.0,0.0,24.083333333333,true,
1259,2752,8,6,2026,16.666666666667,4.166666666667,31.0,7.75,21.666666666667,5.416666666667,10.0,2.5,19.833333333333,true,
1260,2754,8,6,2026,0.0,0.0,33.0,8.25,60.0,15.0,40.0,10.0,33.25,true,
1261,2755,8,6,2026,20.0,5.0,20.0,5.0,21.666666666667,5.416666666667,0.0,0.0,15.416666666667,true,
1262,2756,8,6,2026,0.0,0.0,27.0,6.75,60.0,15.0,50.0,12.5,34.25,true,
1263,2758,8,6,2026,24.0,6.0,24.0,6.0,45.0,11.25,0.0,0.0,23.25,true,
1264,2759,8,6,2026,23.333333333333,5.833333333333,8.0,2.0,88.0,22.0,30.0,7.5,37.333333333333,true,
1265,2760,8,6,2026,32.5,8.125,17.0,4.25,36.666666666667,9.166666666667,0.0,0.0,21.541666666667,true,
1266,2761,8,6,2026,5.0,1.25,49.0,12.25,38.0,9.5,60.0,15.0,38.0,true,
1267,2762,8,6,2026,31.666666666667,7.916666666667,16.0,4.0,28.333333333333,7.083333333333,0.0,0.0,19.0,true,
1268,2763,8,6,2026,11.666666666667,2.916666666667,31.0,7.75,26.666666666667,6.666666666667,0.0,0.0,17.333333333333,true,
1269,2764,8,6,2026,17.5,4.375,62.0,15.5,30.0,7.5,20.0,5.0,32.375,true,
1270,2766,8,6,2026,,,10.0,3.333333333333,70.0,23.333333333333,70.0,23.333333333333,50.0,true,
1271,2767,8,6,2026,41.666666666667,10.416666666667,22.0,5.5,58.333333333333,14.583333333333,0.0,0.0,30.5,true,
1272,2768,8,6,2026,12.0,3.0,11.0,2.75,33.333333333333,8.333333333333,0.0,0.0,14.083333333333,true,
1273,2769,8,6,2026,45.0,11.25,56.0,14.0,21.666666666667,5.416666666667,20.0,5.0,35.666666666667,true,
1274,2770,8,6,2026,8.333333333333,2.083333333333,24.0,6.0,60.0,15.0,20.0,5.0,28.083333333333,true,
1275,2771,8,6,2026,0.0,0.0,25.0,6.25,56.666666666667,14.166666666667,30.0,7.5,27.916666666667,true,
1276,2773,8,6,2026,20.0,5.0,37.0,9.25,30.0,7.5,30.0,7.5,29.25,true,
1277,2774,8,6,2026,46.666666666667,11.666666666667,66.0,16.5,43.333333333333,10.833333333333,0.0,0.0,39.0,true,
1278,2775,8,6,2026,51.666666666667,12.916666666667,25.0,6.25,13.333333333333,3.333333333333,20.0,5.0,27.5,true,
1279,2776,8,6,2026,3.333333333333,0.833333333333,32.0,8.0,15.0,3.75,100.0,25.0,37.583333333333,true,
1280,2777,8,6,2026,15.0,5.0,57.0,19.0,,,50.0,16.666666666667,40.666666666667,true,
1281,2778,8,6,2026,23.333333333333,5.833333333333,80.0,20.0,54.0,13.5,40.0,10.0,49.333333333333,true,
1282,2779,8,6,2026,45.0,11.25,62.0,15.5,45.0,11.25,40.0,10.0,48.0,true,
1283,2780,8,6,2026,2.5,0.625,65.0,16.25,0.0,0.0,70.0,17.5,34.375,true,
1284,5431,8,6,2026,3.333333333333,0.833333333333,63.0,15.75,50.0,12.5,60.0,15.0,44.083333333333,true,
1285,2781,8,6,2026,33.333333333333,8.333333333333,26.0,6.5,51.666666666667,12.916666666667,10.0,2.5,30.25,true,
1286,2782,8,6,2026,43.333333333333,10.833333333333,55.0,13.75,26.666666666667,6.666666666667,0.0,0.0,31.25,true,
1287,2783,8,6,2026,61.666666666667,15.416666666667,39.0,9.75,30.0,7.5,10.0,2.5,35.166666666667,true,
1288,2784,8,6,2026,0.0,0.0,39.0,9.75,50.0,12.5,0.0,0.0,22.25,true,
1289,2785,8,6,2026,30.0,7.5,47.0,11.75,50.0,12.5,40.0,10.0,41.75,true,
1290,2786,8,6,2026,8.0,2.0,28.0,7.0,55.0,13.75,20.0,5.0,27.75,true,
1291,2787,8,6,2026,12.0,3.0,25.0,6.25,20.0,5.0,0.0,0.0,14.25,true,
1292,2788,8,6,2026,32.0,8.0,22.0,5.5,65.0,16.25,20.0,5.0,34.75,true,
1293,2789,8,6,2026,0.0,0.0,36.0,9.0,0.0,0.0,70.0,17.5,26.5,true,
1294,2790,8,6,2026,10.0,2.5,12.0,3.0,23.333333333333,5.833333333333,0.0,0.0,11.333333333333,true,
1295,2791,8,6,2026,5.0,1.25,29.0,7.25,50.0,12.5,10.0,2.5,23.5,true,
1296,2792,8,6,2026,30.0,7.5,46.0,11.5,40.0,10.0,0.0,0.0,29.0,true,
1297,2793,8,6,2026,32.0,8.0,48.0,12.0,0.0,0.0,30.0,7.5,27.5,true,
1298,2848,8,6,2026,8.0,2.0,34.0,8.5,30.0,7.5,60.0,15.0,33.0,true,
1299,2849,8,6,2026,8.333333333333,2.083333333333,22.0,5.5,50.0,12.5,0.0,0.0,20.083333333333,true,
1300,2850,8,6,2026,0.0,0.0,19.0,4.75,30.0,7.5,30.0,7.5,19.75,true,
1301,2851,8,6,2026,53.333333333333,13.333333333333,69.0,17.25,33.333333333333,8.333333333333,40.0,10.0,48.916666666667,true,
1302,2852,8,6,2026,15.0,3.75,56.0,14.0,20.0,5.0,70.0,17.5,40.25,true,
1303,2853,8,6,2026,22.5,5.625,23.0,5.75,53.333333333333,13.333333333333,30.0,7.5,32.208333333333,true,
1304,2855,8,6,2026,33.333333333333,8.333333333333,55.0,13.75,23.333333333333,5.833333333333,0.0,0.0,27.916666666667,true,
1305,2856,8,6,2026,38.0,9.5,31.0,7.75,26.666666666667,6.666666666667,30.0,7.5,31.416666666667,true,
1306,2857,8,6,2026,50.0,12.5,56.0,14.0,33.333333333333,8.333333333333,60.0,15.0,49.833333333333,true,
1307,2859,8,6,2026,0.0,0.0,61.0,15.25,0.0,0.0,60.0,15.0,30.25,true,
1308,2911,8,6,2026,1.666666666667,0.416666666667,42.0,10.5,23.333333333333,5.833333333333,0.0,0.0,16.75,true,
1309,2912,8,6,2026,38.0,9.5,37.0,9.25,55.0,13.75,10.0,2.5,35.0,true,
1310,2914,8,6,2026,27.5,6.875,23.0,5.75,51.666666666667,12.916666666667,10.0,2.5,28.041666666667,true,
1311,2915,8,6,2026,15.0,3.75,37.0,9.25,44.0,11.0,10.0,2.5,26.5,true,
1312,2916,8,6,2026,0.0,0.0,48.0,12.0,46.666666666667,11.666666666667,50.0,12.5,36.166666666667,true,
1313,2917,8,6,2026,30.0,7.5,64.0,16.0,33.333333333333,8.333333333333,10.0,2.5,34.333333333333,true,
1314,2919,8,6,2026,18.0,4.5,32.0,8.0,46.666666666667,11.666666666667,0.0,0.0,24.166666666667,true,
1315,2920,8,6,2026,20.0,5.0,13.0,3.25,46.0,11.5,0.0,0.0,19.75,true,
1316,2921,8,6,2026,8.0,2.0,23.0,5.75,33.333333333333,8.333333333333,20.0,5.0,21.083333333333,true,
1317,2923,8,6,2026,4.0,1.0,54.0,13.5,30.0,7.5,30.0,7.5,29.5,true,
1318,2924,8,6,2026,10.0,2.5,40.0,10.0,60.0,15.0,0.0,0.0,27.5,true,
1319,2925,8,6,2026,5.0,1.25,61.0,15.25,55.0,13.75,100.0,25.0,55.25,true,
1320,2926,8,6,2026,17.5,4.375,54.0,13.5,5.0,1.25,0.0,0.0,19.125,true,
1321,2927,8,6,2026,16.0,4.0,50.0,12.5,40.0,10.0,30.0,7.5,34.0,true,
1322,2929,8,6,2026,16.666666666667,5.555555555556,81.0,27.0,,,10.0,3.333333333333,35.888888888889,true,
1323,2931,8,6,2026,14.0,3.5,30.0,7.5,36.666666666667,9.166666666667,20.0,5.0,25.166666666667,true,
1324,2933,8,6,2026,50.0,12.5,35.0,8.75,44.0,11.0,40.0,10.0,42.25,true,
1325,2935,8,6,2026,30.0,7.5,52.0,13.0,37.5,9.375,10.0,2.5,32.375,true,
1326,2936,8,6,2026,0.0,0.0,27.0,6.75,46.666666666667,11.666666666667,40.0,10.0,28.416666666667,true,
1327,3004,8,6,2026,36.0,9.0,25.0,6.25,28.333333333333,7.083333333333,0.0,0.0,22.333333333333,true,
1328,3005,8,6,2026,40.0,10.0,6.0,1.5,45.0,11.25,0.0,0.0,22.75,true,
1329,3006,8,6,2026,26.666666666667,6.666666666667,18.0,4.5,80.0,20.0,10.0,2.5,33.666666666667,true,
1330,3007,8,6,2026,28.333333333333,7.083333333333,11.0,2.75,45.0,11.25,0.0,0.0,21.083333333333,true,
1331,3008,8,6,2026,12.0,3.0,30.0,7.5,15.0,3.75,80.0,20.0,34.25,true,
1332,3009,8,6,2026,24.0,6.0,24.0,6.0,36.666666666667,9.166666666667,70.0,17.5,38.666666666667,true,
1333,3011,8,6,2026,22.0,5.5,23.0,5.75,23.333333333333,5.833333333333,30.0,7.5,24.583333333333,true,
1334,3013,8,6,2026,30.0,7.5,32.0,8.0,56.666666666667,14.166666666667,0.0,0.0,29.666666666667,true,
1335,3015,8,6,2026,0.0,0.0,26.0,6.5,45.0,11.25,50.0,12.5,30.25,true,
1336,3016,8,6,2026,51.666666666667,12.916666666667,23.0,5.75,55.0,13.75,0.0,0.0,32.416666666667,true,
1337,3017,8,6,2026,26.0,6.5,24.0,6.0,55.0,13.75,0.0,0.0,26.25,true,
1338,3019,8,6,2026,21.666666666667,5.416666666667,10.0,2.5,36.666666666667,9.166666666667,0.0,0.0,17.083333333333,true,
1339,3020,8,6,2026,31.666666666667,7.916666666667,16.0,4.0,46.666666666667,11.666666666667,0.0,0.0,23.583333333333,true,
1340,3021,8,6,2026,38.0,9.5,18.0,4.5,55.0,13.75,0.0,0.0,27.75,true,
1341,3022,8,6,2026,7.5,1.875,42.0,10.5,30.0,7.5,20.0,5.0,24.875,true,
1342,3024,8,6,2026,16.0,4.0,56.0,14.0,55.0,13.75,0.0,0.0,31.75,true,
1343,3025,8,6,2026,8.0,2.0,8.0,2.0,40.0,10.0,0.0,0.0,14.0,true,
1344,3026,8,6,2026,26.0,6.5,4.0,1.0,55.0,13.75,0.0,0.0,21.25,true,
1345,3050,8,6,2026,10.0,2.5,38.0,9.5,30.0,7.5,20.0,5.0,24.5,true,
1346,3051,8,6,2026,36.666666666667,9.166666666667,50.0,12.5,30.0,7.5,0.0,0.0,29.166666666667,true,
1347,3052,8,6,2026,55.0,13.75,31.0,7.75,32.5,8.125,30.0,7.5,37.125,true,
1348,3053,8,6,2026,10.0,2.5,37.0,9.25,51.666666666667,12.916666666667,0.0,0.0,24.666666666667,true,
1349,3054,8,6,2026,0.0,0.0,36.0,9.0,18.333333333333,4.583333333333,10.0,2.5,16.083333333333,true,
1350,3055,8,6,2026,13.333333333333,3.333333333333,74.0,18.5,80.0,20.0,80.0,20.0,61.833333333333,true,
1351,3056,8,6,2026,62.5,15.625,29.0,7.25,50.0,12.5,20.0,5.0,40.375,true,
1352,3057,8,6,2026,16.0,4.0,61.0,15.25,46.666666666667,11.666666666667,40.0,10.0,40.916666666667,true,
1353,3058,8,6,2026,22.5,5.625,25.0,6.25,70.0,17.5,30.0,7.5,36.875,true,
1354,3059,8,6,2026,12.0,3.0,32.0,8.0,13.333333333333,3.333333333333,10.0,2.5,16.833333333333,true,
1355,3060,8,6,2026,7.5,1.875,56.0,14.0,58.333333333333,14.583333333333,20.0,5.0,35.458333333333,true,
1356,3061,8,6,2026,25.0,6.25,30.0,7.5,50.0,12.5,0.0,0.0,26.25,true,
1357,3062,8,6,2026,70.0,17.5,50.0,12.5,35.0,8.75,20.0,5.0,43.75,true,
1358,3077,8,6,2026,81.666666666667,20.416666666667,32.0,8.0,31.666666666667,7.916666666667,0.0,0.0,36.333333333333,true,
1359,3078,8,6,2026,12.0,3.0,25.0,6.25,50.0,12.5,0.0,0.0,21.75,true,
1360,3079,8,6,2026,37.5,9.375,17.0,4.25,30.0,7.5,0.0,0.0,21.125,true,
1361,3080,8,6,2026,56.0,14.0,30.0,7.5,31.666666666667,7.916666666667,10.0,2.5,31.916666666667,true,
1362,3081,8,6,2026,37.5,9.375,16.0,4.0,42.0,10.5,0.0,0.0,23.875,true,
1363,3082,8,6,2026,34.0,8.5,41.0,10.25,80.0,20.0,0.0,0.0,38.75,true,
1364,3084,8,6,2026,26.0,6.5,27.0,6.75,36.666666666667,9.166666666667,0.0,0.0,22.416666666667,true,
1365,3086,8,6,2026,21.666666666667,5.416666666667,36.0,9.0,40.0,10.0,0.0,0.0,24.416666666667,true,
1366,3087,8,6,2026,30.0,7.5,24.0,6.0,31.666666666667,7.916666666667,0.0,0.0,21.416666666667,true,
1367,3088,8,6,2026,66.666666666667,16.666666666667,33.0,8.25,35.0,8.75,0.0,0.0,33.666666666667,true,
1368,3089,8,6,2026,25.0,6.25,15.0,3.75,24.0,6.0,0.0,0.0,16.0,true,
1369,3090,8,6,2026,27.5,6.875,43.0,10.75,61.666666666667,15.416666666667,0.0,0.0,33.041666666667,true,
1370,3091,8,6,2026,21.666666666667,5.416666666667,13.0,3.25,53.333333333333,13.333333333333,0.0,0.0,22.0,true,
1371,3093,8,6,2026,6.0,1.5,24.0,6.0,50.0,12.5,0.0,0.0,20.0,true,
1372,3094,8,6,2026,27.5,6.875,41.0,10.25,77.5,19.375,0.0,0.0,36.5,true,
1373,3095,8,6,2026,22.0,5.5,18.0,4.5,93.333333333333,23.333333333333,0.0,0.0,33.333333333333,true,
1374,3096,8,6,2026,0.0,0.0,26.0,6.5,84.0,21.0,10.0,2.5,30.0,true,
1375,3097,8,6,2026,38.0,9.5,27.0,6.75,58.333333333333,14.583333333333,0.0,0.0,30.833333333333,true,
1376,3098,8,6,2026,24.0,6.0,17.0,4.25,20.0,5.0,0.0,0.0,15.25,true,
1377,3099,8,6,2026,32.0,8.0,58.0,14.5,46.666666666667,11.666666666667,0.0,0.0,34.166666666667,true,
1378,3100,8,6,2026,40.0,10.0,38.0,9.5,30.0,7.5,10.0,2.5,29.5,true,
1379,3101,8,6,2026,14.0,3.5,39.0,9.75,61.666666666667,15.416666666667,0.0,0.0,28.666666666667,true,
1380,3102,8,6,2026,41.666666666667,10.416666666667,40.0,10.0,28.333333333333,7.083333333333,0.0,0.0,27.5,true,
1381,3103,8,6,2026,47.5,11.875,19.0,4.75,41.666666666667,10.416666666667,0.0,0.0,27.041666666667,true,
1382,3104,8,6,2026,3.333333333333,0.833333333333,25.0,6.25,73.333333333333,18.333333333333,0.0,0.0,25.416666666667,true,
1383,3105,8,6,2026,18.0,4.5,17.0,4.25,45.0,11.25,0.0,0.0,20.0,true,
1384,3106,8,6,2026,8.0,2.0,13.0,3.25,28.333333333333,7.083333333333,0.0,0.0,12.333333333333,true,
1385,3107,8,6,2026,50.0,12.5,37.0,9.25,13.333333333333,3.333333333333,0.0,0.0,25.083333333333,true,
1386,3108,8,6,2026,20.0,5.0,32.0,8.0,50.0,12.5,0.0,0.0,25.5,true,
1387,3109,8,6,2026,8.0,2.0,46.0,11.5,53.333333333333,13.333333333333,0.0,0.0,26.833333333333,true,
1388,3110,8,6,2026,10.0,2.5,7.0,1.75,41.666666666667,10.416666666667,0.0,0.0,14.666666666667,true,
1389,3111,8,6,2026,40.0,10.0,22.0,5.5,36.666666666667,9.166666666667,0.0,0.0,24.666666666667,true,
1390,3112,8,6,2026,38.0,9.5,25.0,6.25,51.666666666667,12.916666666667,0.0,0.0,28.666666666667,true,
1391,3113,8,6,2026,20.0,5.0,17.0,4.25,38.333333333333,9.583333333333,0.0,0.0,18.833333333333,true,
1392,3114,8,6,2026,0.0,0.0,19.0,4.75,36.666666666667,9.166666666667,0.0,0.0,13.916666666667,true,
1393,3116,8,6,2026,25.0,6.25,43.0,10.75,82.0,20.5,10.0,2.5,40.0,true,
1394,3117,8,6,2026,25.0,6.25,20.0,5.0,30.0,7.5,0.0,0.0,18.75,true,
1395,3118,8,6,2026,48.333333333333,12.083333333333,27.0,6.75,35.0,8.75,0.0,0.0,27.583333333333,true,
1396,3119,8,6,2026,7.5,1.875,42.0,10.5,35.0,8.75,0.0,0.0,21.125,true,
1397,3120,8,6,2026,28.0,7.0,19.0,4.75,63.333333333333,15.833333333333,0.0,0.0,27.583333333333,true,
1398,3121,8,6,2026,55.0,13.75,18.0,4.5,33.333333333333,8.333333333333,0.0,0.0,26.583333333333,true,
1399,3122,8,6,2026,30.0,7.5,25.0,6.25,53.333333333333,13.333333333333,0.0,0.0,27.083333333333,true,
1400,3123,8,6,2026,8.0,2.0,30.0,7.5,68.333333333333,17.083333333333,0.0,0.0,26.583333333333,true,
1401,3124,8,6,2026,13.333333333333,3.333333333333,20.0,5.0,30.0,7.5,0.0,0.0,15.833333333333,true,
1402,3126,8,6,2026,15.0,3.75,33.0,8.25,60.0,15.0,0.0,0.0,27.0,true,
1403,3127,8,6,2026,36.0,9.0,25.0,6.25,16.666666666667,4.166666666667,0.0,0.0,19.416666666667,true,
1404,3128,8,6,2026,15.0,3.75,12.0,3.0,21.666666666667,5.416666666667,0.0,0.0,12.166666666667,true,
1405,3129,8,6,2026,40.0,10.0,14.0,3.5,86.666666666667,21.666666666667,0.0,0.0,35.166666666667,true,
1406,3130,8,6,2026,32.5,8.125,19.0,4.75,33.333333333333,8.333333333333,0.0,0.0,21.208333333333,true,
1407,3131,8,6,2026,28.0,7.0,44.0,11.0,63.333333333333,15.833333333333,0.0,0.0,33.833333333333,true,
1408,3132,8,6,2026,35.0,8.75,38.0,9.5,51.666666666667,12.916666666667,0.0,0.0,31.166666666667,true,
1409,3133,8,6,2026,40.0,10.0,24.0,6.0,70.0,17.5,0.0,0.0,33.5,true,
1410,3134,8,6,2026,37.5,9.375,24.0,6.0,48.333333333333,12.083333333333,0.0,0.0,27.458333333333,true,
1411,3135,8,6,2026,27.5,6.875,32.0,8.0,32.0,8.0,0.0,0.0,22.875,true,
1412,3136,8,6,2026,5.0,1.25,28.0,7.0,75.0,18.75,0.0,0.0,27.0,true,
1413,3137,8,6,2026,5.0,1.25,7.0,1.75,46.666666666667,11.666666666667,0.0,0.0,14.666666666667,true,
1414,3138,8,6,2026,22.0,5.5,22.0,5.5,66.666666666667,16.666666666667,0.0,0.0,27.666666666667,true,
1415,3156,8,6,2026,52.5,13.125,25.0,6.25,31.666666666667,7.916666666667,40.0,10.0,37.291666666667,true,
1416,3157,8,6,2026,2.0,0.5,54.0,13.5,82.5,20.625,40.0,10.0,44.625,true,
1417,3158,8,6,2026,10.0,2.5,14.0,3.5,25.0,6.25,20.0,5.0,17.25,true,
1418,3159,8,6,2026,7.5,1.875,20.0,5.0,57.5,14.375,50.0,12.5,33.75,true,
1419,3160,8,6,2026,11.666666666667,2.916666666667,26.0,6.5,46.666666666667,11.666666666667,0.0,0.0,21.083333333333,true,
1420,3161,8,6,2026,,,51.0,17.0,15.0,5.0,100.0,33.333333333333,55.333333333333,true,
1421,3162,8,6,2026,45.0,11.25,30.0,7.5,72.0,18.0,20.0,5.0,41.75,true,
1422,3163,8,6,2026,14.0,3.5,16.0,4.0,66.666666666667,16.666666666667,10.0,2.5,26.666666666667,true,
1423,3164,8,6,2026,56.666666666667,14.166666666667,30.0,7.5,20.0,5.0,30.0,7.5,34.166666666667,true,
1424,3165,8,6,2026,2.5,0.625,26.0,6.5,5.0,1.25,80.0,20.0,28.375,true,
1425,3169,8,6,2026,0.0,0.0,16.0,4.0,60.0,15.0,50.0,12.5,31.5,true,
1426,3172,8,6,2026,25.0,6.25,5.0,1.25,43.333333333333,10.833333333333,100.0,25.0,43.333333333333,true,
1427,3174,8,6,2026,22.5,5.625,14.0,3.5,46.666666666667,11.666666666667,0.0,0.0,20.791666666667,true,
1428,3175,8,6,2026,0.0,0.0,,,0.0,0.0,0.0,0.0,0.0,true,
1429,3176,8,6,2026,35.0,8.75,21.0,5.25,80.0,20.0,30.0,7.5,41.5,true,
1430,3178,8,6,2026,10.0,2.5,17.0,4.25,55.0,13.75,0.0,0.0,20.5,true,
1431,3179,8,6,2026,0.0,0.0,50.0,16.666666666667,,,70.0,23.333333333333,40.0,true,
1432,3180,8,6,2026,35.0,8.75,34.0,8.5,30.0,7.5,100.0,25.0,49.75,true,
1433,3181,8,6,2026,0.0,0.0,75.0,18.75,33.333333333333,8.333333333333,10.0,2.5,29.583333333333,true,
1434,3200,8,6,2026,70.0,17.5,16.0,4.0,20.0,5.0,20.0,5.0,31.5,true,
1435,3201,8,6,2026,10.0,2.5,5.0,1.25,37.5,9.375,0.0,0.0,13.125,true,
1436,3202,8,6,2026,40.0,10.0,30.0,7.5,21.666666666667,5.416666666667,20.0,5.0,27.916666666667,true,
1437,3204,8,6,2026,10.0,2.5,5.0,1.25,15.0,3.75,0.0,0.0,7.5,true,
1438,3205,8,6,2026,32.5,8.125,20.0,5.0,50.0,12.5,0.0,0.0,25.625,true,
1439,3207,8,6,2026,64.0,16.0,30.0,7.5,31.666666666667,7.916666666667,10.0,2.5,33.916666666667,true,
1440,3208,8,6,2026,51.666666666667,12.916666666667,27.0,6.75,23.333333333333,5.833333333333,10.0,2.5,28.0,true,
1441,3209,8,6,2026,25.0,6.25,2.0,0.5,36.0,9.0,0.0,0.0,15.75,true,
1442,3210,8,6,2026,28.0,7.0,8.0,2.0,25.0,6.25,20.0,5.0,20.25,true,
1443,3211,8,6,2026,26.666666666667,6.666666666667,25.0,6.25,17.5,4.375,70.0,17.5,34.791666666667,true,
1444,3212,8,6,2026,20.0,5.0,46.0,11.5,40.0,10.0,60.0,15.0,41.5,true,
1445,3213,8,6,2026,20.0,5.0,29.0,7.25,48.333333333333,12.083333333333,0.0,0.0,24.333333333333,true,
1446,3215,8,6,2026,76.0,19.0,36.0,9.0,53.333333333333,13.333333333333,10.0,2.5,43.833333333333,true,
1447,3216,8,6,2026,65.0,16.25,13.0,3.25,28.333333333333,7.083333333333,10.0,2.5,29.083333333333,true,
1448,3218,8,6,2026,42.0,10.5,51.0,12.75,46.0,11.5,20.0,5.0,39.75,true,
1449,3219,8,6,2026,66.0,16.5,23.0,5.75,60.0,15.0,0.0,0.0,37.25,true,
1450,3220,8,6,2026,24.0,6.0,34.0,8.5,36.666666666667,9.166666666667,0.0,0.0,23.666666666667,true,
1451,3221,8,6,2026,30.0,7.5,10.0,2.5,15.0,3.75,20.0,5.0,18.75,true,
1452,3222,8,6,2026,0.0,0.0,13.0,3.25,60.0,15.0,90.0,22.5,40.75,true,
1453,3223,8,6,2026,75.0,18.75,25.0,6.25,20.0,5.0,0.0,0.0,30.0,true,
1454,3224,8,6,2026,20.0,5.0,7.0,1.75,44.0,11.0,40.0,10.0,27.75,true,
1455,3225,8,6,2026,20.0,5.0,33.0,8.25,42.5,10.625,50.0,12.5,36.375,true,
1456,3226,8,6,2026,0.0,0.0,34.0,8.5,25.0,6.25,70.0,17.5,32.25,true,
1457,3227,8,6,2026,26.666666666667,6.666666666667,22.0,5.5,41.666666666667,10.416666666667,30.0,7.5,30.083333333333,true,
1458,3228,8,6,2026,27.5,6.875,93.0,23.25,50.0,12.5,80.0,20.0,62.625,true,
1459,3229,8,6,2026,25.0,6.25,11.0,2.75,30.0,7.5,0.0,0.0,16.5,true,
1460,3230,8,6,2026,20.0,5.0,33.0,8.25,50.0,12.5,30.0,7.5,33.25,true,
1461,3231,8,6,2026,,,12.0,4.0,25.0,8.333333333333,0.0,0.0,12.333333333333,true,
1462,3232,8,6,2026,0.0,0.0,24.0,6.0,35.0,8.75,40.0,10.0,24.75,true,
1463,3234,8,6,2026,43.333333333333,10.833333333333,39.0,9.75,30.0,7.5,60.0,15.0,43.083333333333,true,
1464,3237,8,6,2026,83.333333333333,20.833333333333,36.0,9.0,16.666666666667,4.166666666667,20.0,5.0,39.0,true,
1465,3238,8,6,2026,0.0,0.0,46.0,11.5,25.0,6.25,0.0,0.0,17.75,true,
1466,3239,8,6,2026,18.0,4.5,23.0,5.75,31.666666666667,7.916666666667,30.0,7.5,25.666666666667,true,
1467,3240,8,6,2026,38.0,9.5,22.0,5.5,35.0,8.75,0.0,0.0,23.75,true,
1468,3241,8,6,2026,93.333333333333,23.333333333333,31.0,7.75,25.0,6.25,0.0,0.0,37.333333333333,true,
1469,3242,8,6,2026,36.0,9.0,25.0,6.25,55.0,13.75,0.0,0.0,29.0,true,
1470,3244,8,6,2026,0.0,0.0,72.0,18.0,42.0,10.5,20.0,5.0,33.5,true,
1471,3245,8,6,2026,65.0,16.25,23.0,5.75,48.333333333333,12.083333333333,0.0,0.0,34.083333333333,true,
1472,3247,8,6,2026,45.0,11.25,17.0,4.25,15.0,3.75,40.0,10.0,29.25,true,
1473,3248,8,6,2026,63.333333333333,15.833333333333,20.0,5.0,41.666666666667,10.416666666667,0.0,0.0,31.25,true,
1474,3249,8,6,2026,33.333333333333,8.333333333333,12.0,3.0,26.666666666667,6.666666666667,0.0,0.0,18.0,true,
1475,3250,8,6,2026,45.0,11.25,13.0,3.25,5.0,1.25,10.0,2.5,18.25,true,
1476,3252,8,6,2026,12.5,3.125,20.0,5.0,15.0,3.75,50.0,12.5,24.375,true,
1477,3253,8,6,2026,0.0,0.0,21.0,5.25,31.666666666667,7.916666666667,30.0,7.5,20.666666666667,true,
1478,3254,8,6,2026,23.333333333333,5.833333333333,28.0,7.0,28.333333333333,7.083333333333,40.0,10.0,29.916666666667,true,
1479,3255,8,6,2026,50.0,12.5,38.0,9.5,60.0,15.0,10.0,2.5,39.5,true,
1480,3256,8,6,2026,23.333333333333,7.777777777778,36.0,12.0,,,30.0,10.0,29.777777777778,true,
1481,3257,8,6,2026,42.0,10.5,12.0,3.0,36.666666666667,9.166666666667,30.0,7.5,30.166666666667,true,
1482,3258,8,6,2026,0.0,0.0,31.0,7.75,55.0,13.75,60.0,15.0,36.5,true,
1483,3259,8,6,2026,23.333333333333,5.833333333333,23.0,5.75,60.0,15.0,0.0,0.0,26.583333333333,true,
1484,3261,8,6,2026,30.0,7.5,13.0,3.25,60.0,15.0,0.0,0.0,25.75,true,
1485,3262,8,6,2026,62.0,15.5,44.0,11.0,53.333333333333,13.333333333333,30.0,7.5,47.333333333333,true,
1486,3263,8,6,2026,50.0,12.5,20.0,5.0,30.0,7.5,70.0,17.5,42.5,true,
1487,3265,8,6,2026,52.5,13.125,11.0,2.75,61.666666666667,15.416666666667,0.0,0.0,31.291666666667,true,
1488,3267,8,6,2026,23.333333333333,5.833333333333,15.0,3.75,50.0,12.5,40.0,10.0,32.083333333333,true,
1489,3269,8,6,2026,30.0,7.5,26.0,6.5,35.0,8.75,40.0,10.0,32.75,true,
1490,3270,8,6,2026,57.5,14.375,53.0,13.25,57.5,14.375,0.0,0.0,42.0,true,
1491,3271,8,6,2026,66.666666666667,16.666666666667,65.0,16.25,58.333333333333,14.583333333333,0.0,0.0,47.5,true,
1492,3272,8,6,2026,20.0,5.0,16.0,4.0,22.0,5.5,0.0,0.0,14.5,true,
1493,3273,8,6,2026,60.0,15.0,57.0,14.25,58.333333333333,14.583333333333,0.0,0.0,43.833333333333,true,
1494,3274,8,6,2026,23.333333333333,5.833333333333,45.0,11.25,30.0,7.5,20.0,5.0,29.583333333333,true,
1495,3275,8,6,2026,0.0,0.0,31.0,7.75,33.333333333333,8.333333333333,50.0,12.5,28.583333333333,true,
1496,3276,8,6,2026,3.333333333333,0.833333333333,22.0,5.5,66.0,16.5,0.0,0.0,22.833333333333,true,
1497,3277,8,6,2026,60.0,15.0,28.0,7.0,23.333333333333,5.833333333333,0.0,0.0,27.833333333333,true,
1498,3278,8,6,2026,46.0,11.5,19.0,4.75,45.0,11.25,0.0,0.0,27.5,true,
1499,3279,8,6,2026,17.5,4.375,44.0,11.0,58.333333333333,14.583333333333,0.0,0.0,29.958333333333,true,
1500,3280,8,6,2026,17.5,4.375,48.0,12.0,27.5,6.875,30.0,7.5,30.75,true,
1501,3281,8,6,2026,40.0,10.0,14.0,3.5,53.333333333333,13.333333333333,0.0,0.0,26.833333333333,true,
1502,3282,8,6,2026,,,13.0,4.333333333333,66.0,22.0,0.0,0.0,26.333333333333,true,
1503,3284,8,6,2026,10.0,2.5,12.0,3.0,15.0,3.75,0.0,0.0,9.25,true,
1504,3285,8,6,2026,18.0,4.5,21.0,5.25,38.333333333333,9.583333333333,20.0,5.0,24.333333333333,true,
1505,3286,8,6,2026,70.0,17.5,11.0,2.75,26.666666666667,6.666666666667,50.0,12.5,39.416666666667,true,
1506,3287,8,6,2026,16.0,4.0,54.0,13.5,25.0,6.25,30.0,7.5,31.25,true,
1507,3288,8,6,2026,24.0,6.0,19.0,4.75,40.0,10.0,0.0,0.0,20.75,true,
1508,3290,8,6,2026,85.0,21.25,38.0,9.5,35.0,8.75,10.0,2.5,42.0,true,
1509,3291,8,6,2026,0.0,0.0,14.0,3.5,10.0,2.5,40.0,10.0,16.0,true,
1510,3292,8,6,2026,0.0,0.0,45.0,11.25,26.666666666667,6.666666666667,10.0,2.5,20.416666666667,true,
1511,3293,8,6,2026,10.0,2.5,17.0,4.25,43.333333333333,10.833333333333,10.0,2.5,20.083333333333,true,
1512,3294,8,6,2026,40.0,10.0,8.0,2.0,35.0,8.75,0.0,0.0,20.75,true,
1513,3295,8,6,2026,10.0,2.5,54.0,13.5,38.333333333333,9.583333333333,60.0,15.0,40.583333333333,true,
1514,3296,8,6,2026,15.0,3.75,5.0,1.25,45.0,11.25,10.0,2.5,18.75,true,
1515,3297,8,6,2026,34.0,8.5,21.0,5.25,33.333333333333,8.333333333333,40.0,10.0,32.083333333333,true,
1516,3298,8,6,2026,0.0,0.0,46.0,11.5,0.0,0.0,50.0,12.5,24.0,true,
1517,3299,8,6,2026,32.5,8.125,24.0,6.0,33.333333333333,8.333333333333,10.0,2.5,24.958333333333,true,
1518,3300,8,6,2026,10.0,2.5,11.0,2.75,45.0,11.25,0.0,0.0,16.5,true,
1519,3301,8,6,2026,26.666666666667,6.666666666667,12.0,3.0,31.666666666667,7.916666666667,0.0,0.0,17.583333333333,true,
1520,3302,8,6,2026,0.0,0.0,36.0,9.0,57.5,14.375,30.0,7.5,30.875,true,
1521,3303,8,6,2026,10.0,2.5,29.0,7.25,62.5,15.625,100.0,25.0,50.375,true,
1522,3305,8,6,2026,46.666666666667,11.666666666667,13.0,3.25,45.0,11.25,30.0,7.5,33.666666666667,true,
1523,3306,8,6,2026,50.0,12.5,35.0,8.75,13.333333333333,3.333333333333,10.0,2.5,27.083333333333,true,
1524,3307,8,6,2026,16.0,4.0,40.0,10.0,88.0,22.0,0.0,0.0,36.0,true,
1525,3309,8,6,2026,16.0,4.0,36.0,9.0,16.666666666667,4.166666666667,10.0,2.5,19.666666666667,true,
1526,3310,8,6,2026,30.0,7.5,37.0,9.25,86.666666666667,21.666666666667,10.0,2.5,40.916666666667,true,
1527,3312,8,6,2026,15.0,3.75,16.0,4.0,76.666666666667,19.166666666667,0.0,0.0,26.916666666667,true,
1528,3313,8,6,2026,32.0,8.0,16.0,4.0,28.333333333333,7.083333333333,0.0,0.0,19.083333333333,true,
1529,3314,8,6,2026,10.0,2.5,55.0,13.75,40.0,10.0,100.0,25.0,51.25,true,
1530,3315,8,6,2026,40.0,10.0,42.0,10.5,83.333333333333,20.833333333333,0.0,0.0,41.333333333333,true,
1531,3317,8,6,2026,40.0,10.0,41.0,10.25,30.0,7.5,0.0,0.0,27.75,true,
1532,3318,8,6,2026,0.0,0.0,40.0,10.0,65.0,16.25,90.0,22.5,48.75,true,
1533,3319,8,6,2026,30.0,7.5,28.0,7.0,22.5,5.625,50.0,12.5,32.625,true,
1534,3320,8,6,2026,6.0,1.5,21.0,5.25,41.666666666667,10.416666666667,20.0,5.0,22.166666666667,true,
1535,3322,8,6,2026,8.333333333333,2.083333333333,25.0,6.25,71.666666666667,17.916666666667,0.0,0.0,26.25,true,
1536,3323,8,6,2026,63.333333333333,15.833333333333,38.0,9.5,43.333333333333,10.833333333333,0.0,0.0,36.166666666667,true,
1537,3324,8,6,2026,16.0,4.0,34.0,8.5,23.333333333333,5.833333333333,0.0,0.0,18.333333333333,true,
1538,3325,8,6,2026,44.0,11.0,33.0,8.25,78.333333333333,19.583333333333,10.0,2.5,41.333333333333,true,
1539,3326,8,6,2026,27.5,6.875,26.0,6.5,50.0,12.5,0.0,0.0,25.875,true,
1540,3327,8,6,2026,27.5,6.875,29.0,7.25,26.0,6.5,0.0,0.0,20.625,true,
1541,3328,8,6,2026,36.666666666667,9.166666666667,18.0,4.5,0.0,0.0,30.0,7.5,21.166666666667,true,
1542,3329,8,6,2026,73.333333333333,18.333333333333,27.0,6.75,30.0,7.5,10.0,2.5,35.083333333333,true,
1543,3330,8,6,2026,1.666666666667,0.416666666667,23.0,5.75,20.0,5.0,30.0,7.5,18.666666666667,true,
1544,3332,8,6,2026,30.0,7.5,35.0,8.75,40.0,10.0,30.0,7.5,33.75,true,
1545,3333,8,6,2026,15.0,3.75,21.0,5.25,36.666666666667,9.166666666667,0.0,0.0,18.166666666667,true,
1546,3334,8,6,2026,30.0,7.5,33.0,8.25,60.0,15.0,10.0,2.5,33.25,true,
1547,3392,8,6,2026,45.0,11.25,47.0,11.75,35.0,8.75,50.0,12.5,44.25,true,
1548,3393,8,6,2026,38.333333333333,9.583333333333,13.0,3.25,20.0,5.0,0.0,0.0,17.833333333333,true,
1549,3394,8,6,2026,20.0,5.0,70.0,17.5,24.0,6.0,40.0,10.0,38.5,true,
1550,3395,8,6,2026,7.5,1.875,20.0,5.0,15.0,3.75,30.0,7.5,18.125,true,
1551,3396,8,6,2026,4.0,1.0,40.0,10.0,58.0,14.5,40.0,10.0,35.5,true,
1552,3397,8,6,2026,42.5,10.625,23.0,5.75,26.666666666667,6.666666666667,20.0,5.0,28.041666666667,true,
1553,3398,8,6,2026,38.0,9.5,38.0,9.5,2.5,0.625,40.0,10.0,29.625,true,
1554,3399,8,6,2026,28.333333333333,7.083333333333,20.0,5.0,30.0,7.5,30.0,7.5,27.083333333333,true,
1555,3400,8,6,2026,6.0,1.5,24.0,6.0,76.666666666667,19.166666666667,10.0,2.5,29.166666666667,true,
1556,3401,8,6,2026,25.0,6.25,47.0,11.75,42.0,10.5,0.0,0.0,28.5,true,
1557,3402,8,6,2026,20.0,5.0,62.0,15.5,26.666666666667,6.666666666667,10.0,2.5,29.666666666667,true,
1558,3403,8,6,2026,3.333333333333,0.833333333333,40.0,10.0,10.0,2.5,20.0,5.0,18.333333333333,true,
1559,3404,8,6,2026,8.0,2.0,45.0,11.25,51.666666666667,12.916666666667,20.0,5.0,31.166666666667,true,
1560,3405,8,6,2026,33.333333333333,8.333333333333,74.0,18.5,42.5,10.625,40.0,10.0,47.458333333333,true,
1561,3406,8,6,2026,13.333333333333,3.333333333333,50.0,12.5,46.666666666667,11.666666666667,20.0,5.0,32.5,true,
1562,3407,8,6,2026,20.0,5.0,36.0,9.0,62.0,15.5,40.0,10.0,39.5,true,
1563,3408,8,6,2026,22.0,5.5,29.0,7.25,6.666666666667,1.666666666667,10.0,2.5,16.916666666667,true,
1564,3409,8,6,2026,65.0,16.25,66.0,16.5,26.666666666667,6.666666666667,20.0,5.0,44.416666666667,true,
1565,3410,8,6,2026,25.0,6.25,18.0,4.5,65.0,16.25,20.0,5.0,32.0,true,
1566,3411,8,6,2026,6.0,1.5,39.0,9.75,35.0,8.75,30.0,7.5,27.5,true,
1567,3412,8,6,2026,13.333333333333,3.333333333333,30.0,7.5,16.666666666667,4.166666666667,0.0,0.0,15.0,true,
1568,3413,8,6,2026,12.0,3.0,32.0,8.0,40.0,10.0,0.0,0.0,21.0,true,
1569,3414,8,6,2026,0.0,0.0,17.0,4.25,53.333333333333,13.333333333333,0.0,0.0,17.583333333333,true,
1570,3415,8,6,2026,18.333333333333,4.583333333333,45.0,11.25,26.666666666667,6.666666666667,20.0,5.0,27.5,true,
1571,3417,8,6,2026,0.0,0.0,46.0,11.5,62.0,15.5,60.0,15.0,42.0,true,
1572,3418,8,6,2026,10.0,2.5,71.0,17.75,32.0,8.0,30.0,7.5,35.75,true,
1573,3419,8,6,2026,26.666666666667,6.666666666667,29.0,7.25,40.0,10.0,10.0,2.5,26.416666666667,true,
1574,3420,8,6,2026,60.0,15.0,50.0,12.5,40.0,10.0,30.0,7.5,45.0,true,
1575,3421,8,6,2026,46.666666666667,11.666666666667,57.0,14.25,6.666666666667,1.666666666667,20.0,5.0,32.583333333333,true,
1576,3422,8,6,2026,40.0,10.0,34.0,8.5,54.0,13.5,20.0,5.0,37.0,true,
1577,3423,8,6,2026,2.5,0.625,26.0,6.5,40.0,10.0,0.0,0.0,17.125,true,
1578,3424,8,6,2026,30.0,7.5,40.0,10.0,50.0,12.5,10.0,2.5,32.5,true,
1579,3425,8,6,2026,12.0,3.0,28.0,7.0,50.0,12.5,40.0,10.0,32.5,true,
1580,3426,8,6,2026,17.5,4.375,47.0,11.75,7.5,1.875,40.0,10.0,28.0,true,
1581,3427,8,6,2026,0.0,0.0,26.0,6.5,66.666666666667,16.666666666667,0.0,0.0,23.166666666667,true,
1582,3429,8,6,2026,3.333333333333,0.833333333333,38.0,9.5,32.5,8.125,40.0,10.0,28.458333333333,true,
1583,3430,8,6,2026,6.666666666667,1.666666666667,38.0,9.5,25.0,6.25,10.0,2.5,19.916666666667,true,
1584,3431,8,6,2026,6.0,1.5,57.0,14.25,36.666666666667,9.166666666667,30.0,7.5,32.416666666667,true,
1585,3432,8,6,2026,30.0,7.5,33.0,8.25,53.333333333333,13.333333333333,30.0,7.5,36.583333333333,true,
1586,3433,8,6,2026,7.5,1.875,43.0,10.75,32.0,8.0,70.0,17.5,38.125,true,
1587,3435,8,6,2026,26.666666666667,6.666666666667,30.0,7.5,25.0,6.25,20.0,5.0,25.416666666667,true,
1588,3436,8,6,2026,0.0,0.0,30.0,7.5,28.0,7.0,30.0,7.5,22.0,true,
1589,3437,8,6,2026,6.666666666667,1.666666666667,53.0,13.25,25.0,6.25,20.0,5.0,26.166666666667,true,
1590,3438,8,6,2026,20.0,5.0,62.0,15.5,40.0,10.0,10.0,2.5,33.0,true,
1591,3439,8,6,2026,63.333333333333,15.833333333333,41.0,10.25,30.0,7.5,0.0,0.0,33.583333333333,true,
1592,3440,8,6,2026,61.666666666667,15.416666666667,57.0,14.25,26.666666666667,6.666666666667,40.0,10.0,46.333333333333,true,
1593,3441,8,6,2026,16.666666666667,4.166666666667,67.0,16.75,50.0,12.5,40.0,10.0,43.416666666667,true,
1594,3442,8,6,2026,22.0,5.5,18.0,4.5,41.666666666667,10.416666666667,0.0,0.0,20.416666666667,true,
1595,3443,8,6,2026,2.5,0.625,52.0,13.0,56.666666666667,14.166666666667,40.0,10.0,37.791666666667,true,
1596,3445,8,6,2026,0.0,0.0,77.0,19.25,0.0,0.0,20.0,5.0,24.25,true,
1597,3446,8,6,2026,30.0,7.5,49.0,12.25,40.0,10.0,50.0,12.5,42.25,true,
1598,3448,8,6,2026,0.0,0.0,,,80.0,26.666666666667,70.0,23.333333333333,50.0,true,
1599,3449,8,6,2026,10.0,2.5,13.0,3.25,32.5,8.125,20.0,5.0,18.875,true,
1600,3451,8,6,2026,38.0,9.5,43.0,10.75,36.666666666667,9.166666666667,40.0,10.0,39.416666666667,true,
1601,3452,8,6,2026,15.0,3.75,54.0,13.5,30.0,7.5,50.0,12.5,37.25,true,
1602,3453,8,6,2026,17.5,4.375,22.0,5.5,51.666666666667,12.916666666667,0.0,0.0,22.791666666667,true,
1603,3455,8,6,2026,6.666666666667,1.666666666667,25.0,6.25,36.666666666667,9.166666666667,30.0,7.5,24.583333333333,true,
1604,3456,8,6,2026,10.0,2.5,62.0,15.5,53.333333333333,13.333333333333,40.0,10.0,41.333333333333,true,
1605,3457,8,6,2026,0.0,0.0,47.0,11.75,43.333333333333,10.833333333333,40.0,10.0,32.583333333333,true,
1606,3458,8,6,2026,0.0,0.0,65.0,16.25,51.666666666667,12.916666666667,20.0,5.0,34.166666666667,true,
1607,3459,8,6,2026,36.0,9.0,37.0,9.25,48.333333333333,12.083333333333,20.0,5.0,35.333333333333,true,
1608,3462,8,6,2026,32.0,8.0,23.0,5.75,26.0,6.5,0.0,0.0,20.25,true,
1609,3463,8,6,2026,21.666666666667,5.416666666667,35.0,8.75,51.666666666667,12.916666666667,50.0,12.5,39.583333333333,true,
1610,3465,8,6,2026,18.0,4.5,55.0,13.75,55.0,13.75,50.0,12.5,44.5,true,
1611,3466,8,6,2026,0.0,0.0,,,50.0,16.666666666667,30.0,10.0,26.666666666667,true,
1612,3467,8,6,2026,16.666666666667,4.166666666667,42.0,10.5,21.666666666667,5.416666666667,40.0,10.0,30.083333333333,true,
1613,3469,8,6,2026,52.0,13.0,36.0,9.0,43.333333333333,10.833333333333,40.0,10.0,42.833333333333,true,
1614,3470,8,6,2026,6.0,1.5,45.0,11.25,31.666666666667,7.916666666667,10.0,2.5,23.166666666667,true,
1615,3472,8,6,2026,32.0,8.0,34.0,8.5,56.666666666667,14.166666666667,30.0,7.5,38.166666666667,true,
1616,3473,8,6,2026,17.5,4.375,18.0,4.5,73.333333333333,18.333333333333,30.0,7.5,34.708333333333,true,
1617,3474,8,6,2026,36.666666666667,9.166666666667,76.0,19.0,60.0,15.0,100.0,25.0,68.166666666667,true,
1618,3475,8,6,2026,50.0,12.5,78.0,19.5,100.0,25.0,60.0,15.0,72.0,true,
1619,3476,8,6,2026,,,72.0,24.0,55.0,18.333333333333,30.0,10.0,52.333333333333,true,
1620,3512,8,6,2026,8.333333333333,2.083333333333,27.0,6.75,35.0,8.75,30.0,7.5,25.083333333333,true,
1621,3513,8,6,2026,38.0,9.5,30.0,7.5,36.666666666667,9.166666666667,50.0,12.5,38.666666666667,true,
1622,3514,8,6,2026,58.333333333333,14.583333333333,18.0,4.5,48.333333333333,12.083333333333,0.0,0.0,31.166666666667,true,
1623,3515,8,6,2026,72.0,18.0,8.0,2.0,38.333333333333,9.583333333333,70.0,17.5,47.083333333333,true,
1624,3516,8,6,2026,14.0,3.5,8.0,2.0,23.333333333333,5.833333333333,0.0,0.0,11.333333333333,true,
1625,3519,8,6,2026,23.333333333333,5.833333333333,25.0,6.25,38.333333333333,9.583333333333,10.0,2.5,24.166666666667,true,
1626,3559,8,6,2026,3.333333333333,0.833333333333,42.0,10.5,33.333333333333,8.333333333333,10.0,2.5,22.166666666667,true,
1627,3560,8,6,2026,33.333333333333,8.333333333333,66.0,16.5,50.0,12.5,20.0,5.0,42.333333333333,true,
1628,3561,8,6,2026,35.0,8.75,22.0,5.5,30.0,7.5,10.0,2.5,24.25,true,
1629,3562,8,6,2026,38.333333333333,9.583333333333,37.0,9.25,21.666666666667,5.416666666667,10.0,2.5,26.75,true,
1630,3563,8,6,2026,10.0,2.5,60.0,15.0,63.333333333333,15.833333333333,20.0,5.0,38.333333333333,true,
1631,3564,8,6,2026,38.0,9.5,33.0,8.25,65.0,16.25,20.0,5.0,39.0,true,
1632,3565,8,6,2026,0.0,0.0,28.0,7.0,30.0,7.5,20.0,5.0,19.5,true,
1633,3566,8,6,2026,27.5,6.875,45.0,11.25,25.0,6.25,0.0,0.0,24.375,true,
1634,3567,8,6,2026,2.0,0.5,17.0,4.25,25.0,6.25,0.0,0.0,11.0,true,
1635,3568,8,6,2026,20.0,5.0,33.0,8.25,0.0,0.0,20.0,5.0,18.25,true,
1636,3569,8,6,2026,26.666666666667,6.666666666667,63.0,15.75,65.0,16.25,60.0,15.0,53.666666666667,true,
1637,3570,8,6,2026,43.333333333333,10.833333333333,46.0,11.5,35.0,8.75,0.0,0.0,31.083333333333,true,
1638,3571,8,6,2026,26.666666666667,6.666666666667,29.0,7.25,20.0,5.0,10.0,2.5,21.416666666667,true,
1639,3573,8,6,2026,35.0,8.75,26.0,6.5,46.666666666667,11.666666666667,0.0,0.0,26.916666666667,true,
1640,3574,8,6,2026,5.0,1.25,41.0,10.25,68.333333333333,17.083333333333,0.0,0.0,28.583333333333,true,
1641,3575,8,6,2026,35.0,11.666666666667,95.0,31.666666666667,,,30.0,10.0,53.333333333333,true,
1642,3576,8,6,2026,63.333333333333,15.833333333333,16.0,4.0,36.666666666667,9.166666666667,0.0,0.0,29.0,true,
1643,3577,8,6,2026,0.0,0.0,70.0,17.5,80.0,20.0,20.0,5.0,42.5,true,
1644,3578,8,6,2026,13.333333333333,4.444444444444,52.0,17.333333333333,,,0.0,0.0,21.777777777778,true,
1645,3579,8,6,2026,1.666666666667,0.416666666667,20.0,5.0,16.666666666667,4.166666666667,0.0,0.0,9.583333333333,true,
1646,3580,8,6,2026,0.0,0.0,61.0,15.25,70.0,17.5,20.0,5.0,37.75,true,
1647,3581,8,6,2026,28.0,7.0,51.0,12.75,21.666666666667,5.416666666667,50.0,12.5,37.666666666667,true,
1648,3583,8,6,2026,20.0,5.0,21.0,5.25,57.5,14.375,20.0,5.0,29.625,true,
1649,3584,8,6,2026,20.0,5.0,47.0,11.75,28.333333333333,7.083333333333,20.0,5.0,28.833333333333,true,
1650,3585,8,6,2026,2.5,0.625,71.0,17.75,0.0,0.0,40.0,10.0,28.375,true,
1651,3586,8,6,2026,14.0,3.5,32.0,8.0,18.333333333333,4.583333333333,20.0,5.0,21.083333333333,true,
1652,3587,8,6,2026,53.333333333333,13.333333333333,9.0,2.25,48.333333333333,12.083333333333,0.0,0.0,27.666666666667,true,
1653,3588,8,6,2026,30.0,7.5,79.0,19.75,30.0,7.5,0.0,0.0,34.75,true,
1654,3590,8,6,2026,15.0,3.75,31.0,7.75,40.0,10.0,0.0,0.0,21.5,true,
1655,3591,8,6,2026,10.0,2.5,68.0,17.0,25.0,6.25,40.0,10.0,35.75,true,
1656,3592,8,6,2026,55.0,13.75,34.0,8.5,18.333333333333,4.583333333333,20.0,5.0,31.833333333333,true,
1657,3593,8,6,2026,48.0,12.0,29.0,7.25,23.333333333333,5.833333333333,10.0,2.5,27.583333333333,true,
1658,3594,8,6,2026,22.0,5.5,44.0,11.0,63.333333333333,15.833333333333,30.0,7.5,39.833333333333,true,
1659,3595,8,6,2026,20.0,5.0,34.0,8.5,41.666666666667,10.416666666667,0.0,0.0,23.916666666667,true,
1660,3596,8,6,2026,41.666666666667,10.416666666667,29.0,7.25,23.333333333333,5.833333333333,0.0,0.0,23.5,true,
1661,3598,8,6,2026,28.333333333333,7.083333333333,21.0,5.25,40.0,10.0,10.0,2.5,24.833333333333,true,
1662,3599,8,6,2026,10.0,2.5,78.0,19.5,50.0,12.5,40.0,10.0,44.5,true,
1663,3600,8,6,2026,8.333333333333,2.083333333333,51.0,12.75,50.0,12.5,30.0,7.5,34.833333333333,true,
1664,3601,8,6,2026,22.5,5.625,58.0,14.5,33.333333333333,8.333333333333,10.0,2.5,30.958333333333,true,
1665,3602,8,6,2026,26.0,6.5,20.0,5.0,51.666666666667,12.916666666667,0.0,0.0,24.416666666667,true,
1666,3603,8,6,2026,81.666666666667,20.416666666667,49.0,12.25,33.333333333333,8.333333333333,10.0,2.5,43.5,true,
1667,3604,8,6,2026,20.0,5.0,30.0,7.5,21.666666666667,5.416666666667,20.0,5.0,22.916666666667,true,
1668,3605,8,6,2026,44.0,11.0,36.0,9.0,26.666666666667,6.666666666667,0.0,0.0,26.666666666667,true,
1669,3608,8,6,2026,12.5,3.125,27.0,6.75,56.0,14.0,0.0,0.0,23.875,true,
1670,3609,8,6,2026,56.0,14.0,18.0,4.5,26.666666666667,6.666666666667,10.0,2.5,27.666666666667,true,
1671,3610,8,6,2026,53.333333333333,13.333333333333,35.0,8.75,23.333333333333,5.833333333333,10.0,2.5,30.416666666667,true,
1672,3611,8,6,2026,56.0,14.0,21.0,5.25,43.333333333333,10.833333333333,0.0,0.0,30.083333333333,true,
1673,3612,8,6,2026,10.0,2.5,14.0,3.5,54.0,13.5,30.0,7.5,27.0,true,
1674,3613,8,6,2026,3.333333333333,0.833333333333,76.0,19.0,55.0,13.75,50.0,12.5,46.083333333333,true,
1675,3615,8,6,2026,58.0,14.5,27.0,6.75,18.333333333333,4.583333333333,0.0,0.0,25.833333333333,true,
1676,3616,8,6,2026,6.666666666667,1.666666666667,89.0,22.25,70.0,17.5,90.0,22.5,63.916666666667,true,
1677,3617,8,6,2026,20.0,5.0,60.0,15.0,31.666666666667,7.916666666667,0.0,0.0,27.916666666667,true,
1678,3618,8,6,2026,55.0,13.75,34.0,8.5,33.333333333333,8.333333333333,30.0,7.5,38.083333333333,true,
1679,3619,8,6,2026,26.666666666667,6.666666666667,42.0,10.5,35.0,8.75,10.0,2.5,28.416666666667,true,
1680,3620,8,6,2026,0.0,0.0,65.0,16.25,50.0,12.5,40.0,10.0,38.75,true,
1681,3621,8,6,2026,20.0,5.0,34.0,8.5,20.0,5.0,20.0,5.0,23.5,true,
1682,3622,8,6,2026,26.666666666667,6.666666666667,29.0,7.25,20.0,5.0,0.0,0.0,18.916666666667,true,
1683,3623,8,6,2026,54.0,13.5,18.0,4.5,28.333333333333,7.083333333333,20.0,5.0,30.083333333333,true,
1684,3624,8,6,2026,35.0,8.75,58.0,14.5,5.0,1.25,30.0,7.5,32.0,true,
1685,3625,8,6,2026,10.0,2.5,45.0,11.25,55.0,13.75,0.0,0.0,27.5,true,
1686,3626,8,6,2026,10.0,2.5,52.0,13.0,65.0,16.25,10.0,2.5,34.25,true,
1687,3627,8,6,2026,16.666666666667,4.166666666667,37.0,9.25,35.0,8.75,0.0,0.0,22.166666666667,true,
1688,3628,8,6,2026,0.0,0.0,30.0,7.5,60.0,15.0,0.0,0.0,22.5,true,
1689,3629,8,6,2026,35.0,8.75,17.0,4.25,30.0,7.5,0.0,0.0,20.5,true,
1690,3630,8,6,2026,24.0,6.0,37.0,9.25,38.333333333333,9.583333333333,30.0,7.5,32.333333333333,true,
1691,3631,8,6,2026,44.0,11.0,27.0,6.75,18.333333333333,4.583333333333,0.0,0.0,22.333333333333,true,
1692,3632,8,6,2026,25.0,6.25,28.0,7.0,46.666666666667,11.666666666667,0.0,0.0,24.916666666667,true,
1693,3633,8,6,2026,86.666666666667,21.666666666667,28.0,7.0,41.666666666667,10.416666666667,40.0,10.0,49.083333333333,true,
1694,3634,8,6,2026,36.666666666667,9.166666666667,36.0,9.0,30.0,7.5,0.0,0.0,25.666666666667,true,
1695,3635,8,6,2026,40.0,10.0,46.0,11.5,25.0,6.25,20.0,5.0,32.75,true,
1696,3636,8,6,2026,0.0,0.0,52.0,17.333333333333,,,90.0,30.0,47.333333333333,true,
1697,3637,8,6,2026,0.0,0.0,37.0,9.25,37.5,9.375,10.0,2.5,21.125,true,
1698,3638,8,6,2026,27.5,6.875,35.0,8.75,56.666666666667,14.166666666667,10.0,2.5,32.291666666667,true,
1699,3639,8,6,2026,40.0,10.0,30.0,7.5,68.333333333333,17.083333333333,20.0,5.0,39.583333333333,true,
1700,3640,8,6,2026,0.0,0.0,26.0,6.5,70.0,17.5,10.0,2.5,26.5,true,
1701,3641,8,6,2026,0.0,0.0,30.0,7.5,13.333333333333,3.333333333333,0.0,0.0,10.833333333333,true,
1702,3642,8,6,2026,18.0,4.5,7.0,1.75,28.333333333333,7.083333333333,0.0,0.0,13.333333333333,true,
1703,3643,8,6,2026,41.666666666667,10.416666666667,61.0,15.25,48.333333333333,12.083333333333,20.0,5.0,42.75,true,
1704,3644,8,6,2026,0.0,0.0,66.0,16.5,16.666666666667,4.166666666667,70.0,17.5,38.166666666667,true,
1705,3645,8,6,2026,0.0,0.0,18.0,4.5,42.0,10.5,0.0,0.0,15.0,true,
1706,3646,8,6,2026,27.5,6.875,32.0,8.0,45.0,11.25,20.0,5.0,31.125,true,
1707,3647,8,6,2026,22.5,5.625,29.0,7.25,53.333333333333,13.333333333333,0.0,0.0,26.208333333333,true,
1708,3648,8,6,2026,15.0,3.75,31.0,7.75,30.0,7.5,20.0,5.0,24.0,true,
1709,3649,8,6,2026,68.333333333333,17.083333333333,43.0,10.75,20.0,5.0,30.0,7.5,40.333333333333,true,
1710,3650,8,6,2026,33.333333333333,8.333333333333,26.0,6.5,27.5,6.875,0.0,0.0,21.708333333333,true,
1711,3651,8,6,2026,0.0,0.0,58.0,14.5,0.0,0.0,80.0,20.0,34.5,true,
1712,3652,8,6,2026,0.0,0.0,88.0,29.333333333333,,,30.0,10.0,39.333333333333,true,
1713,3653,8,6,2026,20.0,5.0,19.0,4.75,58.0,14.5,30.0,7.5,31.75,true,
1714,3654,8,6,2026,10.0,2.5,69.0,17.25,50.0,12.5,40.0,10.0,42.25,true,
1715,3655,8,6,2026,13.333333333333,3.333333333333,29.0,7.25,30.0,7.5,0.0,0.0,18.083333333333,true,
1716,3656,8,6,2026,16.0,4.0,37.0,9.25,20.0,5.0,0.0,0.0,18.25,true,
1717,3657,8,6,2026,68.333333333333,17.083333333333,21.0,5.25,31.666666666667,7.916666666667,0.0,0.0,30.25,true,
1718,3658,8,6,2026,36.0,9.0,34.0,8.5,33.333333333333,8.333333333333,10.0,2.5,28.333333333333,true,
1719,3659,8,6,2026,40.0,10.0,39.0,9.75,36.666666666667,9.166666666667,20.0,5.0,33.916666666667,true,
1720,3660,8,6,2026,10.0,2.5,42.0,10.5,73.333333333333,18.333333333333,0.0,0.0,31.333333333333,true,
1721,3662,8,6,2026,27.5,6.875,34.0,8.5,46.666666666667,11.666666666667,30.0,7.5,34.541666666667,true,
1722,3665,8,6,2026,26.666666666667,8.888888888889,78.0,26.0,,,50.0,16.666666666667,51.555555555556,true,
1723,3666,8,6,2026,42.5,10.625,35.0,8.75,15.0,3.75,0.0,0.0,23.125,true,
1724,3667,8,6,2026,10.0,2.5,64.0,16.0,26.666666666667,6.666666666667,40.0,10.0,35.166666666667,true,
1725,3670,8,6,2026,12.0,3.0,23.0,5.75,38.333333333333,9.583333333333,20.0,5.0,23.333333333333,true,
1726,3673,8,6,2026,38.333333333333,9.583333333333,12.0,3.0,41.666666666667,10.416666666667,0.0,0.0,23.0,true,
1727,3674,8,6,2026,52.5,13.125,50.0,12.5,51.666666666667,12.916666666667,0.0,0.0,38.541666666667,true,
1728,3676,8,6,2026,54.0,13.5,56.0,14.0,28.333333333333,7.083333333333,40.0,10.0,44.583333333333,true,
1729,3677,8,6,2026,27.5,6.875,58.0,14.5,40.0,10.0,0.0,0.0,31.375,true,
1730,3679,8,6,2026,23.333333333333,5.833333333333,91.0,22.75,80.0,20.0,40.0,10.0,58.583333333333,true,
1731,3680,8,6,2026,,,41.0,13.666666666667,50.0,16.666666666667,10.0,3.333333333333,33.666666666667,true,
1732,3752,8,6,2026,21.666666666667,5.416666666667,28.0,7.0,38.333333333333,9.583333333333,0.0,0.0,22.0,true,
1733,3753,8,6,2026,12.5,3.125,30.0,7.5,50.0,12.5,0.0,0.0,23.125,true,
1734,3754,8,6,2026,0.0,0.0,91.0,22.75,50.0,12.5,50.0,12.5,47.75,true,
1735,3755,8,6,2026,12.5,3.125,36.0,9.0,35.0,8.75,10.0,2.5,23.375,true,
1736,3756,8,6,2026,13.333333333333,3.333333333333,24.0,6.0,31.666666666667,7.916666666667,10.0,2.5,19.75,true,
1737,3757,8,6,2026,12.5,3.125,27.0,6.75,40.0,10.0,0.0,0.0,19.875,true,
1738,3758,8,6,2026,8.0,2.0,13.0,3.25,75.0,18.75,30.0,7.5,31.5,true,
1739,3760,8,6,2026,12.5,3.125,40.0,10.0,36.666666666667,9.166666666667,0.0,0.0,22.291666666667,true,
1740,3762,8,6,2026,6.666666666667,1.666666666667,48.0,12.0,20.0,5.0,0.0,0.0,18.666666666667,true,
1741,3763,8,6,2026,25.0,6.25,36.0,9.0,52.0,13.0,20.0,5.0,33.25,true,
1742,3764,8,6,2026,0.0,0.0,63.0,15.75,36.666666666667,9.166666666667,0.0,0.0,24.916666666667,true,
1743,3765,8,6,2026,24.0,6.0,45.0,11.25,17.5,4.375,20.0,5.0,26.625,true,
1744,3766,8,6,2026,62.0,15.5,32.0,8.0,58.333333333333,14.583333333333,20.0,5.0,43.083333333333,true,
1745,3767,8,6,2026,2.0,0.5,43.0,10.75,20.0,5.0,0.0,0.0,16.25,true,
1746,3768,8,6,2026,11.666666666667,2.916666666667,24.0,6.0,41.666666666667,10.416666666667,0.0,0.0,19.333333333333,true,
1747,3769,8,6,2026,30.0,7.5,25.0,6.25,22.5,5.625,20.0,5.0,24.375,true,
1748,3770,8,6,2026,43.333333333333,10.833333333333,31.0,7.75,28.333333333333,7.083333333333,10.0,2.5,28.166666666667,true,
1749,3771,8,6,2026,10.0,2.5,37.0,9.25,70.0,17.5,40.0,10.0,39.25,true,
1750,3772,8,6,2026,57.5,14.375,44.0,11.0,65.0,16.25,20.0,5.0,46.625,true,
1751,3773,8,6,2026,8.0,2.0,51.0,12.75,88.0,22.0,0.0,0.0,36.75,true,
1752,3774,8,6,2026,0.0,0.0,53.0,13.25,35.0,8.75,0.0,0.0,22.0,true,
1753,3775,8,6,2026,28.333333333333,7.083333333333,20.0,5.0,40.0,10.0,20.0,5.0,27.083333333333,true,
1754,3777,8,6,2026,20.0,5.0,25.0,6.25,55.0,13.75,20.0,5.0,30.0,true,
1755,3779,8,6,2026,0.0,0.0,29.0,7.25,12.5,3.125,20.0,5.0,15.375,true,
1756,3780,8,6,2026,43.333333333333,10.833333333333,39.0,9.75,33.333333333333,8.333333333333,10.0,2.5,31.416666666667,true,
1757,3781,8,6,2026,6.0,1.5,14.0,3.5,38.333333333333,9.583333333333,0.0,0.0,14.583333333333,true,
1758,3782,8,6,2026,18.0,6.0,33.0,11.0,41.666666666667,13.888888888889,,,30.888888888889,true,
1759,3783,8,6,2026,3.333333333333,0.833333333333,26.0,6.5,0.0,0.0,10.0,2.5,9.833333333333,true,
1760,3786,8,6,2026,4.0,1.0,22.0,5.5,43.333333333333,10.833333333333,0.0,0.0,17.333333333333,true,
1761,3788,8,6,2026,10.0,2.5,48.0,12.0,65.0,16.25,0.0,0.0,30.75,true,
1762,3791,8,6,2026,4.0,1.0,61.0,15.25,32.0,8.0,40.0,10.0,34.25,true,
1763,3796,8,6,2026,5.0,1.25,40.0,10.0,26.666666666667,6.666666666667,80.0,20.0,37.916666666667,true,
1764,3800,8,6,2026,3.333333333333,0.833333333333,97.0,24.25,70.0,17.5,100.0,25.0,67.583333333333,true,
1765,3805,8,6,2026,8.0,2.0,34.0,8.5,58.333333333333,14.583333333333,0.0,0.0,25.083333333333,true,
1766,3806,8,6,2026,,,65.0,21.666666666667,60.0,20.0,0.0,0.0,41.666666666667,true,
1767,3809,8,6,2026,6.666666666667,1.666666666667,42.0,10.5,45.0,11.25,20.0,5.0,28.416666666667,true,
1768,3812,8,6,2026,20.0,5.0,96.0,24.0,35.0,8.75,0.0,0.0,37.75,true,
1769,3814,8,6,2026,38.0,9.5,48.0,12.0,62.5,15.625,40.0,10.0,47.125,true,
1770,3819,8,6,2026,20.0,5.0,94.0,23.5,100.0,25.0,50.0,12.5,66.0,true,
1771,3820,8,6,2026,40.0,10.0,96.0,24.0,50.0,12.5,20.0,5.0,51.5,true,
1772,3822,8,6,2026,7.5,1.875,39.0,9.75,67.5,16.875,20.0,5.0,33.5,true,
1773,3823,8,6,2026,0.0,0.0,79.0,19.75,10.0,2.5,90.0,22.5,44.75,true,
1774,3888,8,6,2026,3.333333333333,0.833333333333,55.0,13.75,65.0,16.25,100.0,25.0,55.833333333333,true,
1775,3889,8,6,2026,32.5,8.125,37.0,9.25,21.666666666667,5.416666666667,90.0,22.5,45.291666666667,true,
1776,3890,8,6,2026,53.333333333333,13.333333333333,40.0,10.0,33.333333333333,8.333333333333,60.0,15.0,46.666666666667,true,
1777,3891,8,6,2026,,,32.0,10.666666666667,15.0,5.0,100.0,33.333333333333,49.0,true,
1778,3892,8,6,2026,22.0,5.5,35.0,8.75,10.0,2.5,10.0,2.5,19.25,true,
1779,3893,8,6,2026,12.0,3.0,49.0,12.25,10.0,2.5,20.0,5.0,22.75,true,
1780,3894,8,6,2026,6.666666666667,1.666666666667,39.0,9.75,25.0,6.25,70.0,17.5,35.166666666667,true,
1781,3895,8,6,2026,4.0,1.0,52.0,13.0,26.666666666667,6.666666666667,40.0,10.0,30.666666666667,true,
1782,3896,8,6,2026,44.0,11.0,21.0,5.25,36.666666666667,9.166666666667,40.0,10.0,35.416666666667,true,
1783,3897,8,6,2026,21.666666666667,5.416666666667,49.0,12.25,55.0,13.75,80.0,20.0,51.416666666667,true,
1784,3898,8,6,2026,2.5,0.625,22.0,5.5,13.333333333333,3.333333333333,30.0,7.5,16.958333333333,true,
1785,3899,8,6,2026,27.5,6.875,86.0,21.5,43.333333333333,10.833333333333,80.0,20.0,59.208333333333,true,
1786,3900,8,6,2026,2.5,0.625,34.0,8.5,46.0,11.5,70.0,17.5,38.125,true,
1787,3901,8,6,2026,5.0,1.25,29.0,7.25,61.666666666667,15.416666666667,80.0,20.0,43.916666666667,true,
1788,3902,8,6,2026,,,61.0,20.333333333333,0.0,0.0,100.0,33.333333333333,53.666666666667,true,
1789,3903,8,6,2026,13.333333333333,3.333333333333,47.0,11.75,60.0,15.0,100.0,25.0,55.083333333333,true,
1790,3904,8,6,2026,33.333333333333,8.333333333333,44.0,11.0,13.333333333333,3.333333333333,80.0,20.0,42.666666666667,true,
1791,3906,8,6,2026,31.666666666667,7.916666666667,58.0,14.5,35.0,8.75,50.0,12.5,43.666666666667,true,
1792,3908,8,6,2026,4.0,1.0,34.0,8.5,64.0,16.0,100.0,25.0,50.5,true,
1793,3909,8,6,2026,8.333333333333,2.083333333333,21.0,5.25,28.333333333333,7.083333333333,60.0,15.0,29.416666666667,true,
1794,3910,8,6,2026,40.0,10.0,39.0,9.75,15.0,3.75,50.0,12.5,36.0,true,
1795,3911,8,6,2026,,,76.0,25.333333333333,60.0,20.0,70.0,23.333333333333,68.666666666667,true,
1796,3912,8,6,2026,12.0,3.0,40.0,10.0,45.0,11.25,40.0,10.0,34.25,true,
1797,3913,8,6,2026,16.0,4.0,58.0,14.5,15.0,3.75,30.0,7.5,29.75,true,
1798,3914,8,6,2026,12.5,3.125,25.0,6.25,25.0,6.25,100.0,25.0,40.625,true,
1799,3915,8,6,2026,6.0,1.5,38.0,9.5,18.333333333333,4.583333333333,50.0,12.5,28.083333333333,true,
1800,3916,8,6,2026,10.0,2.5,25.0,6.25,40.0,10.0,50.0,12.5,31.25,true,
1801,3917,8,6,2026,4.0,1.0,37.0,9.25,28.0,7.0,80.0,20.0,37.25,true,
1802,3918,8,6,2026,0.0,0.0,16.0,4.0,30.0,7.5,80.0,20.0,31.5,true,
1803,3919,8,6,2026,26.666666666667,6.666666666667,29.0,7.25,41.666666666667,10.416666666667,60.0,15.0,39.333333333333,true,
1804,3920,8,6,2026,26.666666666667,6.666666666667,32.0,8.0,23.333333333333,5.833333333333,60.0,15.0,35.5,true,
1805,3921,8,6,2026,0.0,0.0,51.0,12.75,38.0,9.5,100.0,25.0,47.25,true,
1806,3950,8,6,2026,11.666666666667,2.916666666667,15.0,3.75,20.0,5.0,10.0,2.5,14.166666666667,true,
1807,3951,8,6,2026,0.0,0.0,29.0,7.25,35.0,8.75,20.0,5.0,21.0,true,
1808,3952,8,6,2026,26.666666666667,6.666666666667,68.0,17.0,65.0,16.25,30.0,7.5,47.416666666667,true,
1809,3953,8,6,2026,11.666666666667,2.916666666667,18.0,4.5,46.666666666667,11.666666666667,0.0,0.0,19.083333333333,true,
1810,3954,8,6,2026,50.0,12.5,36.0,9.0,18.333333333333,4.583333333333,0.0,0.0,26.083333333333,true,
1811,3955,8,6,2026,26.666666666667,6.666666666667,38.0,9.5,48.333333333333,12.083333333333,10.0,2.5,30.75,true,
1812,3956,8,6,2026,32.5,8.125,17.0,4.25,52.5,13.125,10.0,2.5,28.0,true,
1813,3957,8,6,2026,30.0,7.5,56.0,14.0,35.0,8.75,40.0,10.0,40.25,true,
1814,3958,8,6,2026,26.666666666667,6.666666666667,25.0,6.25,11.666666666667,2.916666666667,10.0,2.5,18.333333333333,true,
1815,3961,8,6,2026,44.0,11.0,2.0,0.5,16.666666666667,4.166666666667,0.0,0.0,15.666666666667,true,
1816,3962,8,6,2026,41.666666666667,10.416666666667,18.0,4.5,20.0,5.0,0.0,0.0,19.916666666667,true,
1817,3963,8,6,2026,32.5,8.125,55.0,13.75,51.666666666667,12.916666666667,0.0,0.0,34.791666666667,true,
1818,3964,8,6,2026,20.0,5.0,40.0,10.0,50.0,12.5,0.0,0.0,27.5,true,
1819,3965,8,6,2026,20.0,5.0,45.0,11.25,46.666666666667,11.666666666667,0.0,0.0,27.916666666667,true,
1820,3966,8,6,2026,32.5,8.125,63.0,15.75,86.0,21.5,40.0,10.0,55.375,true,
1821,3967,8,6,2026,26.666666666667,6.666666666667,32.0,8.0,16.666666666667,4.166666666667,0.0,0.0,18.833333333333,true,
1822,3968,8,6,2026,25.0,6.25,56.0,14.0,10.0,2.5,0.0,0.0,22.75,true,
1823,3969,8,6,2026,30.0,7.5,66.0,16.5,16.666666666667,4.166666666667,20.0,5.0,33.166666666667,true,
1824,3970,8,6,2026,5.0,1.25,43.0,10.75,33.333333333333,8.333333333333,30.0,7.5,27.833333333333,true,
1825,3971,8,6,2026,20.0,5.0,58.0,14.5,53.333333333333,13.333333333333,10.0,2.5,35.333333333333,true,
1826,3972,8,6,2026,38.333333333333,9.583333333333,18.0,4.5,20.0,5.0,0.0,0.0,19.083333333333,true,
1827,3973,8,6,2026,15.0,3.75,57.0,14.25,50.0,12.5,0.0,0.0,30.5,true,
1828,3974,8,6,2026,40.0,10.0,17.0,4.25,18.333333333333,4.583333333333,0.0,0.0,18.833333333333,true,
1829,3975,8,6,2026,22.5,5.625,41.0,10.25,26.0,6.5,30.0,7.5,29.875,true,
1830,3976,8,6,2026,41.666666666667,10.416666666667,55.0,13.75,53.333333333333,13.333333333333,10.0,2.5,40.0,true,
1831,3978,8,6,2026,13.333333333333,3.333333333333,37.0,9.25,25.0,6.25,0.0,0.0,18.833333333333,true,
1832,3979,8,6,2026,22.5,5.625,39.0,9.75,10.0,2.5,40.0,10.0,27.875,true,
1833,3980,8,6,2026,38.0,9.5,39.0,9.75,18.333333333333,4.583333333333,0.0,0.0,23.833333333333,true,
1834,3981,8,6,2026,10.0,2.5,34.0,8.5,60.0,15.0,10.0,2.5,28.5,true,
1835,3983,8,6,2026,20.0,5.0,56.0,14.0,66.666666666667,16.666666666667,40.0,10.0,45.666666666667,true,
1836,3984,8,6,2026,25.0,6.25,35.0,8.75,16.666666666667,4.166666666667,0.0,0.0,19.166666666667,true,
1837,3985,8,6,2026,15.0,3.75,19.0,4.75,42.0,10.5,10.0,2.5,21.5,true,
1838,3986,8,6,2026,42.0,10.5,27.0,6.75,30.0,7.5,20.0,5.0,29.75,true,
1839,3987,8,6,2026,18.333333333333,4.583333333333,45.0,11.25,36.666666666667,9.166666666667,0.0,0.0,25.0,true,
1840,3988,8,6,2026,12.5,3.125,36.0,9.0,80.0,20.0,0.0,0.0,32.125,true,
1841,3990,8,6,2026,36.666666666667,9.166666666667,5.0,1.25,40.0,10.0,30.0,7.5,27.916666666667,true,
1842,3991,8,6,2026,18.0,4.5,21.0,5.25,46.666666666667,11.666666666667,0.0,0.0,21.416666666667,true,
1843,3992,8,6,2026,3.333333333333,0.833333333333,35.0,8.75,21.666666666667,5.416666666667,10.0,2.5,17.5,true,
1844,3993,8,6,2026,1.666666666667,0.416666666667,14.0,3.5,33.333333333333,8.333333333333,20.0,5.0,17.25,true,
1845,3994,8,6,2026,20.0,5.0,58.0,14.5,20.0,5.0,0.0,0.0,24.5,true,
1846,3995,8,6,2026,12.0,3.0,30.0,7.5,65.0,16.25,10.0,2.5,29.25,true,
1847,3996,8,6,2026,10.0,2.5,63.0,15.75,55.0,13.75,30.0,7.5,39.5,true,
1848,3997,8,6,2026,14.0,3.5,29.0,7.25,25.0,6.25,0.0,0.0,17.0,true,
1849,3998,8,6,2026,0.0,0.0,10.0,2.5,61.666666666667,15.416666666667,30.0,7.5,25.416666666667,true,
1850,4000,8,6,2026,68.333333333333,17.083333333333,45.0,11.25,33.333333333333,8.333333333333,10.0,2.5,39.166666666667,true,
1851,4001,8,6,2026,14.0,3.5,38.0,9.5,18.333333333333,4.583333333333,0.0,0.0,17.583333333333,true,
1852,4002,8,6,2026,2.5,0.625,39.0,9.75,31.666666666667,7.916666666667,10.0,2.5,20.791666666667,true,
1853,4003,8,6,2026,21.666666666667,5.416666666667,57.0,14.25,25.0,6.25,10.0,2.5,28.416666666667,true,
1854,4004,8,6,2026,32.0,8.0,18.0,4.5,26.666666666667,6.666666666667,0.0,0.0,19.166666666667,true,
1855,4005,8,6,2026,80.0,20.0,82.0,20.5,20.0,5.0,0.0,0.0,45.5,true,
1856,4006,8,6,2026,0.0,0.0,50.0,12.5,0.0,0.0,0.0,0.0,12.5,true,
1857,4007,8,6,2026,22.0,5.5,42.0,10.5,44.0,11.0,40.0,10.0,37.0,true,
1858,4008,8,6,2026,6.666666666667,1.666666666667,53.0,13.25,25.0,6.25,0.0,0.0,21.166666666667,true,
1859,4009,8,6,2026,38.333333333333,9.583333333333,17.0,4.25,18.333333333333,4.583333333333,0.0,0.0,18.416666666667,true,
1860,4010,8,6,2026,45.0,11.25,24.0,6.0,55.0,13.75,60.0,15.0,46.0,true,
1861,4011,8,6,2026,40.0,10.0,59.0,14.75,25.0,6.25,0.0,0.0,31.0,true,
1862,4012,8,6,2026,26.0,6.5,17.0,4.25,26.666666666667,6.666666666667,0.0,0.0,17.416666666667,true,
1863,4013,8,6,2026,0.0,0.0,36.0,9.0,36.666666666667,9.166666666667,30.0,7.5,25.666666666667,true,
1864,4014,8,6,2026,37.5,9.375,40.0,10.0,10.0,2.5,0.0,0.0,21.875,true,
1865,4016,8,6,2026,70.0,17.5,35.0,8.75,23.333333333333,5.833333333333,10.0,2.5,34.583333333333,true,
1866,4017,8,6,2026,3.333333333333,0.833333333333,24.0,6.0,48.333333333333,12.083333333333,0.0,0.0,18.916666666667,true,
1867,4018,8,6,2026,15.0,3.75,82.0,20.5,20.0,5.0,50.0,12.5,41.75,true,
1868,4019,8,6,2026,30.0,7.5,56.0,14.0,46.666666666667,11.666666666667,0.0,0.0,33.166666666667,true,
1869,4021,8,6,2026,26.666666666667,6.666666666667,23.0,5.75,33.333333333333,8.333333333333,0.0,0.0,20.75,true,
1870,4022,8,6,2026,43.333333333333,10.833333333333,13.0,3.25,26.666666666667,6.666666666667,40.0,10.0,30.75,true,
1871,4023,8,6,2026,12.5,3.125,51.0,12.75,70.0,17.5,70.0,17.5,50.875,true,
1872,4024,8,6,2026,7.5,1.875,11.0,2.75,46.666666666667,11.666666666667,20.0,5.0,21.291666666667,true,
1873,4026,8,6,2026,0.0,0.0,26.0,6.5,38.333333333333,9.583333333333,30.0,7.5,23.583333333333,true,
1874,4027,8,6,2026,48.0,12.0,43.0,10.75,10.0,2.5,0.0,0.0,25.25,true,
1875,4028,8,6,2026,30.0,7.5,12.0,3.0,10.0,2.5,0.0,0.0,13.0,true,
1876,4029,8,6,2026,0.0,0.0,60.0,15.0,23.333333333333,5.833333333333,0.0,0.0,20.833333333333,true,
1877,4030,8,6,2026,0.0,0.0,70.0,17.5,100.0,25.0,30.0,7.5,50.0,true,
1878,4031,8,6,2026,13.333333333333,3.333333333333,44.0,11.0,66.666666666667,16.666666666667,50.0,12.5,43.5,true,
1879,4032,8,6,2026,63.333333333333,15.833333333333,46.0,11.5,11.666666666667,2.916666666667,0.0,0.0,30.25,true,
1880,4033,8,6,2026,0.0,0.0,43.0,10.75,25.0,6.25,40.0,10.0,27.0,true,
1881,4034,8,6,2026,8.0,2.0,23.0,5.75,15.0,3.75,10.0,2.5,14.0,true,
1882,4035,8,6,2026,61.666666666667,15.416666666667,28.0,7.0,15.0,3.75,0.0,0.0,26.166666666667,true,
1883,4036,8,6,2026,10.0,2.5,44.0,11.0,26.666666666667,6.666666666667,30.0,7.5,27.666666666667,true,
1884,4037,8,6,2026,45.0,11.25,66.0,16.5,21.666666666667,5.416666666667,10.0,2.5,35.666666666667,true,
1885,4038,8,6,2026,0.0,0.0,13.0,3.25,5.0,1.25,0.0,0.0,4.5,true,
1886,4039,8,6,2026,40.0,10.0,81.0,20.25,60.0,15.0,60.0,15.0,60.25,true,
1887,4041,8,6,2026,14.0,3.5,18.0,4.5,48.0,12.0,0.0,0.0,20.0,true,
1888,4042,8,6,2026,51.666666666667,12.916666666667,47.0,11.75,33.333333333333,8.333333333333,0.0,0.0,33.0,true,
1889,4043,8,6,2026,0.0,0.0,,,50.0,16.666666666667,0.0,0.0,16.666666666667,true,
1890,4044,8,6,2026,0.0,0.0,74.0,18.5,5.0,1.25,30.0,7.5,27.25,true,
1891,4045,8,6,2026,38.333333333333,9.583333333333,24.0,6.0,41.666666666667,10.416666666667,10.0,2.5,28.5,true,
1892,4046,8,6,2026,21.666666666667,5.416666666667,55.0,13.75,11.666666666667,2.916666666667,30.0,7.5,29.583333333333,true,
1893,4047,8,6,2026,5.0,1.25,15.0,3.75,36.0,9.0,0.0,0.0,14.0,true,
1894,4048,8,6,2026,20.0,5.0,54.0,13.5,40.0,10.0,10.0,2.5,31.0,true,
1895,4049,8,6,2026,10.0,2.5,34.0,8.5,70.0,17.5,40.0,10.0,38.5,true,
1896,4050,8,6,2026,16.0,4.0,29.0,7.25,23.333333333333,5.833333333333,40.0,10.0,27.083333333333,true,
1897,4051,8,6,2026,24.0,6.0,52.0,13.0,46.666666666667,11.666666666667,0.0,0.0,30.666666666667,true,
1898,4052,8,6,2026,73.333333333333,18.333333333333,64.0,16.0,8.333333333333,2.083333333333,10.0,2.5,38.916666666667,true,
1899,4053,8,6,2026,27.5,6.875,29.0,7.25,43.333333333333,10.833333333333,40.0,10.0,34.958333333333,true,
1900,4054,8,6,2026,90.0,22.5,36.0,9.0,26.666666666667,6.666666666667,0.0,0.0,38.166666666667,true,
1901,4055,8,6,2026,22.0,5.5,52.0,13.0,26.666666666667,6.666666666667,30.0,7.5,32.666666666667,true,
1902,4056,8,6,2026,55.0,13.75,9.0,2.25,23.333333333333,5.833333333333,10.0,2.5,24.333333333333,true,
1903,4057,8,6,2026,20.0,5.0,46.0,11.5,46.666666666667,11.666666666667,0.0,0.0,28.166666666667,true,
1904,4058,8,6,2026,20.0,5.0,28.0,7.0,26.666666666667,6.666666666667,0.0,0.0,18.666666666667,true,
1905,4059,8,6,2026,46.666666666667,11.666666666667,45.0,11.25,25.0,6.25,0.0,0.0,29.166666666667,true,
1906,4060,8,6,2026,31.666666666667,7.916666666667,19.0,4.75,78.333333333333,19.583333333333,0.0,0.0,32.25,true,
1907,4061,8,6,2026,16.666666666667,4.166666666667,56.0,14.0,63.333333333333,15.833333333333,20.0,5.0,39.0,true,
1908,4062,8,6,2026,20.0,5.0,66.0,16.5,60.0,15.0,100.0,25.0,61.5,true,
1909,4063,8,6,2026,48.0,12.0,24.0,6.0,28.333333333333,7.083333333333,0.0,0.0,25.083333333333,true,
1910,4064,8,6,2026,16.0,4.0,55.0,13.75,31.666666666667,7.916666666667,0.0,0.0,25.666666666667,true,
1911,4065,8,6,2026,45.0,11.25,13.0,3.25,15.0,3.75,0.0,0.0,18.25,true,
1912,4068,8,6,2026,40.0,10.0,10.0,2.5,5.0,1.25,10.0,2.5,16.25,true,
1913,5433,8,6,2026,42.5,10.625,35.0,8.75,58.333333333333,14.583333333333,30.0,7.5,41.458333333333,true,
1914,4076,8,6,2026,32.0,8.0,40.0,10.0,36.666666666667,9.166666666667,20.0,5.0,32.166666666667,true,
1915,4077,8,6,2026,62.0,15.5,26.0,6.5,25.0,6.25,0.0,0.0,28.25,true,
1916,4078,8,6,2026,54.0,13.5,35.0,8.75,60.0,15.0,30.0,7.5,44.75,true,
1917,4080,8,6,2026,23.333333333333,5.833333333333,85.0,21.25,50.0,12.5,30.0,7.5,47.083333333333,true,
1918,4082,8,6,2026,56.666666666667,14.166666666667,81.0,20.25,35.0,8.75,30.0,7.5,50.666666666667,true,
1919,4083,8,6,2026,42.5,10.625,82.0,20.5,95.0,23.75,30.0,7.5,62.375,true,
1920,4084,8,6,2026,26.666666666667,6.666666666667,46.0,11.5,52.5,13.125,0.0,0.0,31.291666666667,true,
1921,5434,8,6,2026,15.0,3.75,96.0,24.0,60.0,15.0,70.0,17.5,60.25,true,
1922,4085,8,6,2026,13.333333333333,3.333333333333,74.0,18.5,0.0,0.0,0.0,0.0,21.833333333333,true,
1923,4086,8,6,2026,13.333333333333,3.333333333333,37.0,9.25,43.333333333333,10.833333333333,0.0,0.0,23.416666666667,true,
1924,4195,8,6,2026,20.0,5.0,32.0,8.0,73.333333333333,18.333333333333,0.0,0.0,31.333333333333,true,
1925,4197,8,6,2026,12.5,3.125,42.0,10.5,42.5,10.625,0.0,0.0,24.25,true,
1926,4199,8,6,2026,28.0,7.0,76.0,19.0,3.333333333333,0.833333333333,30.0,7.5,34.333333333333,true,
1927,4200,8,6,2026,20.0,5.0,33.0,8.25,8.333333333333,2.083333333333,0.0,0.0,15.333333333333,true,
1928,4202,8,6,2026,22.5,5.625,24.0,6.0,28.0,7.0,30.0,7.5,26.125,true,
1929,4203,8,6,2026,36.0,9.0,34.0,8.5,28.333333333333,7.083333333333,20.0,5.0,29.583333333333,true,
1930,4204,8,6,2026,6.666666666667,1.666666666667,62.0,15.5,38.0,9.5,30.0,7.5,34.166666666667,true,
1931,4208,8,6,2026,21.666666666667,5.416666666667,12.0,3.0,51.666666666667,12.916666666667,0.0,0.0,21.333333333333,true,
1932,4209,8,6,2026,33.333333333333,8.333333333333,28.0,7.0,11.666666666667,2.916666666667,20.0,5.0,23.25,true,
1933,4210,8,6,2026,0.0,0.0,67.0,16.75,75.0,18.75,90.0,22.5,58.0,true,
1934,4211,8,6,2026,3.333333333333,0.833333333333,41.0,10.25,23.333333333333,5.833333333333,10.0,2.5,19.416666666667,true,
1935,4212,8,6,2026,26.0,6.5,29.0,7.25,28.333333333333,7.083333333333,20.0,5.0,25.833333333333,true,
1936,4213,8,6,2026,12.5,3.125,51.0,12.75,66.666666666667,16.666666666667,0.0,0.0,32.541666666667,true,
1937,4215,8,6,2026,25.0,6.25,31.0,7.75,28.333333333333,7.083333333333,10.0,2.5,23.583333333333,true,
1938,4216,8,6,2026,28.0,7.0,26.0,6.5,30.0,7.5,0.0,0.0,21.0,true,
1939,4218,8,6,2026,7.5,1.875,12.0,3.0,13.333333333333,3.333333333333,30.0,7.5,15.708333333333,true,
1940,4219,8,6,2026,30.0,7.5,47.0,11.75,33.333333333333,8.333333333333,0.0,0.0,27.583333333333,true,
1941,4220,8,6,2026,10.0,2.5,27.0,6.75,30.0,7.5,0.0,0.0,16.75,true,
1942,4221,8,6,2026,22.0,5.5,56.0,14.0,30.0,7.5,0.0,0.0,27.0,true,
1943,4222,8,6,2026,7.5,1.875,43.0,10.75,56.666666666667,14.166666666667,40.0,10.0,36.791666666667,true,
1944,4223,8,6,2026,10.0,2.5,56.0,14.0,55.0,13.75,10.0,2.5,32.75,true,
1945,4224,8,6,2026,10.0,2.5,18.0,4.5,92.0,23.0,0.0,0.0,30.0,true,
1946,4225,8,6,2026,33.333333333333,8.333333333333,51.0,12.75,16.666666666667,4.166666666667,10.0,2.5,27.75,true,
1947,4226,8,6,2026,10.0,2.5,40.0,10.0,60.0,15.0,40.0,10.0,37.5,true,
1948,4227,8,6,2026,0.0,0.0,60.0,15.0,5.0,1.25,10.0,2.5,18.75,true,
1949,4228,8,6,2026,0.0,0.0,22.0,5.5,62.5,15.625,0.0,0.0,21.125,true,
1950,4229,8,6,2026,0.0,0.0,36.0,9.0,35.0,8.75,0.0,0.0,17.75,true,
1951,4230,8,6,2026,21.666666666667,5.416666666667,29.0,7.25,25.0,6.25,0.0,0.0,18.916666666667,true,
1952,4231,8,6,2026,33.333333333333,8.333333333333,75.0,18.75,85.0,21.25,0.0,0.0,48.333333333333,true,
1953,4232,8,6,2026,3.333333333333,1.111111111111,62.0,20.666666666667,,,40.0,13.333333333333,35.111111111111,true,
1954,4233,8,6,2026,0.0,0.0,67.0,16.75,30.0,7.5,0.0,0.0,24.25,true,
1955,4234,8,6,2026,18.0,4.5,18.0,4.5,53.333333333333,13.333333333333,10.0,2.5,24.833333333333,true,
1956,4235,8,6,2026,0.0,0.0,22.0,5.5,68.333333333333,17.083333333333,30.0,7.5,30.083333333333,true,
1957,4236,8,6,2026,16.666666666667,4.166666666667,60.0,15.0,53.333333333333,13.333333333333,0.0,0.0,32.5,true,
1958,4238,8,6,2026,15.0,3.75,58.0,14.5,50.0,12.5,0.0,0.0,30.75,true,
1959,4239,8,6,2026,50.0,12.5,24.0,6.0,20.0,5.0,10.0,2.5,26.0,true,
1960,4240,8,6,2026,40.0,10.0,31.0,7.75,31.666666666667,7.916666666667,0.0,0.0,25.666666666667,true,
1961,4241,8,6,2026,11.666666666667,2.916666666667,9.0,2.25,27.5,6.875,0.0,0.0,12.041666666667,true,
1962,4242,8,6,2026,15.0,3.75,15.0,3.75,43.333333333333,10.833333333333,20.0,5.0,23.333333333333,true,
1963,4243,8,6,2026,8.333333333333,2.083333333333,17.0,4.25,35.0,8.75,10.0,2.5,17.583333333333,true,
1964,4244,8,6,2026,5.0,1.25,39.0,9.75,33.333333333333,8.333333333333,0.0,0.0,19.333333333333,true,
1965,4245,8,6,2026,30.0,7.5,70.0,17.5,46.666666666667,11.666666666667,0.0,0.0,36.666666666667,true,
1966,4246,8,6,2026,30.0,7.5,57.0,14.25,65.0,16.25,20.0,5.0,43.0,true,
1967,4247,8,6,2026,30.0,7.5,37.0,9.25,20.0,5.0,20.0,5.0,26.75,true,
1968,4248,8,6,2026,2.0,0.5,34.0,8.5,50.0,12.5,0.0,0.0,21.5,true,
1969,4250,8,6,2026,0.0,0.0,27.0,6.75,36.666666666667,9.166666666667,10.0,2.5,18.416666666667,true,
1970,4252,8,6,2026,13.333333333333,3.333333333333,85.0,21.25,52.5,13.125,0.0,0.0,37.708333333333,true,
1971,4253,8,6,2026,30.0,7.5,89.0,22.25,53.333333333333,13.333333333333,20.0,5.0,48.083333333333,true,
1972,4254,8,6,2026,10.0,2.5,63.0,15.75,31.666666666667,7.916666666667,0.0,0.0,26.166666666667,true,
1973,4255,8,6,2026,16.666666666667,4.166666666667,46.0,11.5,12.5,3.125,10.0,2.5,21.291666666667,true,
1974,4256,8,6,2026,20.0,5.0,65.0,16.25,50.0,12.5,0.0,0.0,33.75,true,
1975,4258,8,6,2026,0.0,0.0,80.0,20.0,45.0,11.25,40.0,10.0,41.25,true,
1976,4259,8,6,2026,0.0,0.0,77.0,19.25,35.0,8.75,20.0,5.0,33.0,true,
1977,5440,8,6,2026,0.0,0.0,70.0,17.5,20.0,5.0,10.0,2.5,25.0,true,
1978,4274,8,6,2026,0.0,0.0,34.0,8.5,30.0,7.5,20.0,5.0,21.0,true,
1979,4275,8,6,2026,13.333333333333,3.333333333333,90.0,22.5,30.0,7.5,70.0,17.5,50.833333333333,true,
1980,4276,8,6,2026,0.0,0.0,65.0,16.25,33.333333333333,8.333333333333,20.0,5.0,29.583333333333,true,
1981,4277,8,6,2026,16.0,4.0,42.0,10.5,70.0,17.5,0.0,0.0,32.0,true,
1982,4278,8,6,2026,12.5,3.125,33.0,8.25,55.0,13.75,40.0,10.0,35.125,true,
1983,4279,8,6,2026,14.0,3.5,45.0,11.25,30.0,7.5,0.0,0.0,22.25,true,
1984,4280,8,6,2026,43.333333333333,10.833333333333,38.0,9.5,18.333333333333,4.583333333333,10.0,2.5,27.416666666667,true,
1985,4282,8,6,2026,0.0,0.0,43.0,14.333333333333,,,60.0,20.0,34.333333333333,true,
1986,4284,8,6,2026,38.333333333333,9.583333333333,30.0,7.5,28.333333333333,7.083333333333,10.0,2.5,26.666666666667,true,
1987,4290,8,6,2026,20.0,6.666666666667,97.0,32.333333333333,,,0.0,0.0,39.0,true,
1988,4291,8,6,2026,6.666666666667,1.666666666667,36.0,9.0,60.0,15.0,60.0,15.0,40.666666666667,true,
1989,4335,8,6,2026,16.0,4.0,38.0,9.5,28.333333333333,7.083333333333,0.0,0.0,20.583333333333,true,
1990,4336,8,6,2026,20.0,5.0,15.0,3.75,70.0,17.5,0.0,0.0,26.25,true,
1991,4337,8,6,2026,12.5,3.125,23.0,5.75,30.0,7.5,0.0,0.0,16.375,true,
1992,4338,8,6,2026,0.0,0.0,96.0,32.0,,,0.0,0.0,32.0,true,
1993,4340,8,6,2026,16.0,4.0,30.0,7.5,38.0,9.5,30.0,7.5,28.5,true,
1994,4341,8,6,2026,10.0,2.5,37.0,9.25,21.666666666667,5.416666666667,20.0,5.0,22.166666666667,true,
1995,4342,8,6,2026,0.0,0.0,27.0,6.75,28.333333333333,7.083333333333,0.0,0.0,13.833333333333,true,
1996,4343,8,6,2026,28.333333333333,7.083333333333,35.0,8.75,41.666666666667,10.416666666667,0.0,0.0,26.25,true,
1997,4344,8,6,2026,0.0,0.0,82.0,20.5,75.0,18.75,10.0,2.5,41.75,true,
1998,4345,8,6,2026,15.0,3.75,22.0,5.5,8.333333333333,2.083333333333,0.0,0.0,11.333333333333,true,
1999,4346,8,6,2026,0.0,0.0,48.0,12.0,15.0,3.75,0.0,0.0,15.75,true,
2000,4347,8,6,2026,0.0,0.0,,,50.0,16.666666666667,10.0,3.333333333333,20.0,true,
2001,4348,8,6,2026,18.0,4.5,44.0,11.0,65.0,16.25,0.0,0.0,31.75,true,
2002,4349,8,6,2026,5.0,1.25,24.0,6.0,35.0,8.75,30.0,7.5,23.5,true,
2003,4350,8,6,2026,6.666666666667,1.666666666667,78.0,19.5,56.666666666667,14.166666666667,60.0,15.0,50.333333333333,true,
2004,4352,8,6,2026,,,53.0,17.666666666667,40.0,13.333333333333,0.0,0.0,31.0,true,
2005,4353,8,6,2026,20.0,5.0,35.0,8.75,58.333333333333,14.583333333333,30.0,7.5,35.833333333333,true,
2006,4354,8,6,2026,0.0,0.0,19.0,4.75,40.0,10.0,0.0,0.0,14.75,true,
2007,4355,8,6,2026,36.666666666667,9.166666666667,51.0,12.75,28.333333333333,7.083333333333,0.0,0.0,29.0,true,
2008,4356,8,6,2026,28.0,7.0,50.0,12.5,66.0,16.5,0.0,0.0,36.0,true,
2009,4357,8,6,2026,31.666666666667,7.916666666667,23.0,5.75,26.666666666667,6.666666666667,10.0,2.5,22.833333333333,true,
2010,4359,8,6,2026,15.0,3.75,29.0,7.25,40.0,10.0,0.0,0.0,21.0,true,
2011,4361,8,6,2026,6.666666666667,1.666666666667,31.0,7.75,70.0,17.5,10.0,2.5,29.416666666667,true,
2012,4362,8,6,2026,,,72.0,24.0,55.0,18.333333333333,0.0,0.0,42.333333333333,true,
2013,4363,8,6,2026,16.0,4.0,36.0,9.0,33.333333333333,8.333333333333,0.0,0.0,21.333333333333,true,
2014,4364,8,6,2026,18.333333333333,4.583333333333,35.0,8.75,28.333333333333,7.083333333333,10.0,2.5,22.916666666667,true,
2015,4366,8,6,2026,0.0,0.0,,,10.0,3.333333333333,10.0,3.333333333333,6.666666666667,true,
2016,4367,8,6,2026,3.333333333333,0.833333333333,11.0,2.75,23.333333333333,5.833333333333,0.0,0.0,9.416666666667,true,
2017,4368,8,6,2026,12.5,3.125,65.0,16.25,65.0,16.25,30.0,7.5,43.125,true,
2018,4369,8,6,2026,3.333333333333,0.833333333333,50.0,12.5,45.0,11.25,40.0,10.0,34.583333333333,true,
2019,4370,8,6,2026,13.333333333333,3.333333333333,60.0,15.0,53.333333333333,13.333333333333,0.0,0.0,31.666666666667,true,
2020,4371,8,6,2026,2.0,0.5,54.0,13.5,46.666666666667,11.666666666667,0.0,0.0,25.666666666667,true,
2021,4372,8,6,2026,10.0,2.5,68.0,17.0,56.666666666667,14.166666666667,40.0,10.0,43.666666666667,true,
2022,4374,8,6,2026,3.333333333333,0.833333333333,33.0,8.25,0.0,0.0,10.0,2.5,11.583333333333,true,
2023,4375,8,6,2026,31.666666666667,7.916666666667,44.0,11.0,40.0,10.0,0.0,0.0,28.916666666667,true,
2024,4376,8,6,2026,0.0,0.0,80.0,20.0,30.0,7.5,0.0,0.0,27.5,true,
2025,4377,8,6,2026,30.0,7.5,25.0,6.25,31.666666666667,7.916666666667,0.0,0.0,21.666666666667,true,
2026,4378,8,6,2026,0.0,0.0,42.0,10.5,20.0,5.0,10.0,2.5,18.0,true,
2027,4379,8,6,2026,16.666666666667,4.166666666667,43.0,10.75,30.0,7.5,0.0,0.0,22.416666666667,true,
2028,4381,8,6,2026,16.666666666667,4.166666666667,24.0,6.0,60.0,15.0,0.0,0.0,25.166666666667,true,
2029,4382,8,6,2026,6.666666666667,1.666666666667,39.0,9.75,45.0,11.25,10.0,2.5,25.166666666667,true,
2030,4383,8,6,2026,0.0,0.0,59.0,14.75,25.0,6.25,0.0,0.0,21.0,true,
2031,4384,8,6,2026,6.666666666667,1.666666666667,57.0,14.25,55.0,13.75,40.0,10.0,39.666666666667,true,
2032,4385,8,6,2026,6.666666666667,1.666666666667,63.0,15.75,0.0,0.0,0.0,0.0,17.416666666667,true,
2033,4386,8,6,2026,23.333333333333,5.833333333333,48.0,12.0,50.0,12.5,50.0,12.5,42.833333333333,true,
2034,4388,8,6,2026,0.0,0.0,28.0,7.0,60.0,15.0,10.0,2.5,24.5,true,
2035,4390,8,6,2026,32.0,8.0,19.0,4.75,65.0,16.25,10.0,2.5,31.5,true,
2036,4392,8,6,2026,,,19.0,6.333333333333,33.333333333333,11.111111111111,0.0,0.0,17.444444444444,true,
2037,4393,8,6,2026,0.0,0.0,46.0,11.5,76.666666666667,19.166666666667,80.0,20.0,50.666666666667,true,
2038,4394,8,6,2026,36.666666666667,9.166666666667,26.0,6.5,48.333333333333,12.083333333333,10.0,2.5,30.25,true,
2039,4396,8,6,2026,31.666666666667,7.916666666667,30.0,7.5,50.0,12.5,0.0,0.0,27.916666666667,true,
2040,4398,8,6,2026,10.0,2.5,30.0,7.5,33.333333333333,8.333333333333,20.0,5.0,23.333333333333,true,
2041,4399,8,6,2026,0.0,0.0,59.0,14.75,85.0,21.25,0.0,0.0,36.0,true,
2042,4400,8,6,2026,,,46.0,15.333333333333,75.0,25.0,20.0,6.666666666667,47.0,true,
2043,4402,8,6,2026,15.0,3.75,8.0,2.0,56.666666666667,14.166666666667,0.0,0.0,19.916666666667,true,
2044,4403,8,6,2026,0.0,0.0,51.0,12.75,16.0,4.0,10.0,2.5,19.25,true,
2045,4404,8,6,2026,8.0,2.0,15.0,3.75,3.333333333333,0.833333333333,0.0,0.0,6.583333333333,true,
2046,4405,8,6,2026,13.333333333333,3.333333333333,46.0,11.5,30.0,7.5,0.0,0.0,22.333333333333,true,
2047,4408,8,6,2026,50.0,12.5,33.0,8.25,48.0,12.0,20.0,5.0,37.75,true,
2048,4409,8,6,2026,16.0,4.0,25.0,6.25,55.0,13.75,30.0,7.5,31.5,true,
2049,4410,8,6,2026,20.0,5.0,12.0,3.0,46.666666666667,11.666666666667,0.0,0.0,19.666666666667,true,
2050,4413,8,6,2026,7.5,1.875,38.0,9.5,53.333333333333,13.333333333333,10.0,2.5,27.208333333333,true,
2051,4456,8,6,2026,13.333333333333,3.333333333333,9.0,2.25,63.333333333333,15.833333333333,0.0,0.0,21.416666666667,true,
2052,4457,8,6,2026,22.5,5.625,70.0,17.5,68.0,17.0,10.0,2.5,42.625,true,
2053,4458,8,6,2026,5.0,1.25,53.0,13.25,40.0,10.0,0.0,0.0,24.5,true,
2054,4459,8,6,2026,0.0,0.0,16.0,4.0,18.333333333333,4.583333333333,0.0,0.0,8.583333333333,true,
2055,4460,8,6,2026,40.0,10.0,29.0,7.25,33.333333333333,8.333333333333,70.0,17.5,43.083333333333,true,
2056,4461,8,6,2026,44.0,11.0,36.0,9.0,8.333333333333,2.083333333333,0.0,0.0,22.083333333333,true,
2057,4462,8,6,2026,40.0,10.0,38.0,9.5,33.333333333333,8.333333333333,0.0,0.0,27.833333333333,true,
2058,4463,8,6,2026,12.0,3.0,50.0,12.5,61.666666666667,15.416666666667,0.0,0.0,30.916666666667,true,
2059,4464,8,6,2026,10.0,2.5,21.0,5.25,23.333333333333,5.833333333333,0.0,0.0,13.583333333333,true,
2060,4465,8,6,2026,17.5,4.375,7.0,1.75,48.333333333333,12.083333333333,10.0,2.5,20.708333333333,true,
2061,4466,8,6,2026,20.0,5.0,22.0,5.5,71.666666666667,17.916666666667,10.0,2.5,30.916666666667,true,
2062,4467,8,6,2026,42.0,10.5,35.0,8.75,71.666666666667,17.916666666667,10.0,2.5,39.666666666667,true,
2063,4468,8,6,2026,32.0,8.0,17.0,4.25,21.666666666667,5.416666666667,0.0,0.0,17.666666666667,true,
2064,4469,8,6,2026,42.0,10.5,30.0,7.5,55.0,13.75,0.0,0.0,31.75,true,
2065,4470,8,6,2026,10.0,2.5,17.0,4.25,60.0,15.0,20.0,5.0,26.75,true,
2066,4471,8,6,2026,53.333333333333,13.333333333333,18.0,4.5,41.666666666667,10.416666666667,0.0,0.0,28.25,true,
2067,4472,8,6,2026,26.0,6.5,22.0,5.5,26.666666666667,6.666666666667,0.0,0.0,18.666666666667,true,
2068,4474,8,6,2026,80.0,20.0,74.0,18.5,25.0,6.25,0.0,0.0,44.75,true,
2069,4475,8,6,2026,20.0,5.0,32.0,8.0,61.666666666667,15.416666666667,0.0,0.0,28.416666666667,true,
2070,4476,8,6,2026,25.0,6.25,40.0,10.0,45.0,11.25,0.0,0.0,27.5,true,
2071,4477,8,6,2026,66.666666666667,16.666666666667,40.0,10.0,38.333333333333,9.583333333333,10.0,2.5,38.75,true,
2072,4480,8,6,2026,23.333333333333,5.833333333333,20.0,5.0,40.0,10.0,0.0,0.0,20.833333333333,true,
2073,4481,8,6,2026,30.0,7.5,36.0,9.0,58.333333333333,14.583333333333,0.0,0.0,31.083333333333,true,
2074,4482,8,6,2026,46.0,11.5,32.0,8.0,28.333333333333,7.083333333333,0.0,0.0,26.583333333333,true,
2075,4483,8,6,2026,35.0,8.75,52.0,13.0,70.0,17.5,10.0,2.5,41.75,true,
2076,4484,8,6,2026,65.0,16.25,43.0,10.75,53.333333333333,13.333333333333,0.0,0.0,40.333333333333,true,
2077,4485,8,6,2026,32.5,8.125,31.0,7.75,35.0,8.75,20.0,5.0,29.625,true,
2078,4486,8,6,2026,5.0,1.25,32.0,8.0,50.0,12.5,0.0,0.0,21.75,true,
2079,4488,8,6,2026,32.0,8.0,34.0,8.5,42.0,10.5,0.0,0.0,27.0,true,
2080,4489,8,6,2026,16.666666666667,4.166666666667,60.0,15.0,50.0,12.5,10.0,2.5,34.166666666667,true,
2081,4490,8,6,2026,5.0,1.25,46.0,11.5,70.0,17.5,0.0,0.0,30.25,true,
2082,4491,8,6,2026,0.0,0.0,21.0,5.25,50.0,12.5,0.0,0.0,17.75,true,
2083,4492,8,6,2026,18.0,4.5,64.0,16.0,41.666666666667,10.416666666667,0.0,0.0,30.916666666667,true,
2084,4493,8,6,2026,10.0,2.5,31.0,7.75,41.666666666667,10.416666666667,0.0,0.0,20.666666666667,true,
2085,4494,8,6,2026,0.0,0.0,80.0,20.0,42.5,10.625,0.0,0.0,30.625,true,
2086,4495,8,6,2026,30.0,7.5,12.0,3.0,61.666666666667,15.416666666667,0.0,0.0,25.916666666667,true,
2087,4497,8,6,2026,62.0,15.5,26.0,6.5,30.0,7.5,0.0,0.0,29.5,true,
2088,4499,8,6,2026,35.0,8.75,21.0,5.25,71.666666666667,17.916666666667,0.0,0.0,31.916666666667,true,
2089,4500,8,6,2026,16.0,4.0,31.0,7.75,20.0,5.0,0.0,0.0,16.75,true,
2090,4501,8,6,2026,0.0,0.0,21.0,5.25,11.666666666667,2.916666666667,0.0,0.0,8.166666666667,true,
2091,4502,8,6,2026,30.0,7.5,40.0,10.0,60.0,15.0,0.0,0.0,32.5,true,
2092,4503,8,6,2026,44.0,11.0,42.0,10.5,43.333333333333,10.833333333333,0.0,0.0,32.333333333333,true,
2093,4505,8,6,2026,10.0,2.5,21.0,5.25,11.666666666667,2.916666666667,20.0,5.0,15.666666666667,true,
2094,4506,8,6,2026,33.333333333333,8.333333333333,69.0,17.25,83.333333333333,20.833333333333,10.0,2.5,48.916666666667,true,
2095,4507,8,6,2026,7.5,1.875,61.0,15.25,44.0,11.0,0.0,0.0,28.125,true,
2096,4508,8,6,2026,0.0,0.0,38.0,9.5,55.0,13.75,20.0,5.0,28.25,true,
2097,4511,8,6,2026,0.0,0.0,41.0,10.25,50.0,12.5,40.0,10.0,32.75,true,
2098,4512,8,6,2026,0.0,0.0,44.0,11.0,60.0,15.0,20.0,5.0,31.0,true,
2099,4513,8,6,2026,52.5,13.125,31.0,7.75,15.0,3.75,30.0,7.5,32.125,true,
2100,4514,8,6,2026,20.0,5.0,35.0,8.75,31.666666666667,7.916666666667,0.0,0.0,21.666666666667,true,
2101,4515,8,6,2026,77.5,19.375,14.0,3.5,28.333333333333,7.083333333333,0.0,0.0,29.958333333333,true,
2102,4516,8,6,2026,,,87.0,29.0,75.0,25.0,40.0,13.333333333333,67.333333333333,true,
2103,4517,8,6,2026,2.0,0.5,14.0,3.5,35.0,8.75,0.0,0.0,12.75,true,
2104,4519,8,6,2026,12.0,3.0,23.0,5.75,70.0,17.5,0.0,0.0,26.25,true,
2105,4522,8,6,2026,18.0,4.5,36.0,9.0,26.666666666667,6.666666666667,0.0,0.0,20.166666666667,true,
2106,4523,8,6,2026,24.0,6.0,28.0,7.0,51.666666666667,12.916666666667,10.0,2.5,28.416666666667,true,
2107,4524,8,6,2026,34.0,8.5,15.0,3.75,40.0,10.0,0.0,0.0,22.25,true,
2108,4525,8,6,2026,0.0,0.0,41.0,10.25,28.333333333333,7.083333333333,0.0,0.0,17.333333333333,true,
2109,4526,8,6,2026,3.333333333333,0.833333333333,34.0,8.5,38.333333333333,9.583333333333,0.0,0.0,18.916666666667,true,
2110,4528,8,6,2026,30.0,7.5,73.0,18.25,96.666666666667,24.166666666667,0.0,0.0,49.916666666667,true,
2111,4529,8,6,2026,10.0,2.5,25.0,6.25,31.666666666667,7.916666666667,0.0,0.0,16.666666666667,true,
2112,4532,8,6,2026,20.0,5.0,38.0,9.5,83.333333333333,20.833333333333,0.0,0.0,35.333333333333,true,
2113,4533,8,6,2026,15.0,3.75,39.0,9.75,10.0,2.5,0.0,0.0,16.0,true,
2114,4534,8,6,2026,5.0,1.25,66.0,16.5,100.0,25.0,20.0,5.0,47.75,true,
2115,4535,8,6,2026,63.333333333333,15.833333333333,32.0,8.0,35.0,8.75,0.0,0.0,32.583333333333,true,
2116,4536,8,6,2026,6.666666666667,1.666666666667,42.0,10.5,80.0,20.0,30.0,7.5,39.666666666667,true,
2117,4537,8,6,2026,20.0,5.0,36.0,9.0,48.333333333333,12.083333333333,0.0,0.0,26.083333333333,true,
2118,4538,8,6,2026,20.0,5.0,23.0,5.75,35.0,8.75,0.0,0.0,19.5,true,
2119,4539,8,6,2026,0.0,0.0,72.0,18.0,90.0,22.5,50.0,12.5,53.0,true,
2120,4540,8,6,2026,14.0,3.5,24.0,6.0,15.0,3.75,0.0,0.0,13.25,true,
2121,4541,8,6,2026,71.666666666667,17.916666666667,47.0,11.75,45.0,11.25,0.0,0.0,40.916666666667,true,
2122,4543,8,6,2026,0.0,0.0,51.0,17.0,,,0.0,0.0,17.0,true,
2123,4544,8,6,2026,62.5,15.625,51.0,12.75,35.0,8.75,0.0,0.0,37.125,true,
2124,4545,8,6,2026,20.0,5.0,34.0,8.5,30.0,7.5,50.0,12.5,33.5,true,
2125,4546,8,6,2026,46.666666666667,11.666666666667,24.0,6.0,35.0,8.75,0.0,0.0,26.416666666667,true,
2126,4547,8,6,2026,10.0,2.5,56.0,14.0,27.5,6.875,0.0,0.0,23.375,true,
2127,4551,8,6,2026,28.0,7.0,33.0,8.25,36.666666666667,9.166666666667,0.0,0.0,24.416666666667,true,
2128,4552,8,6,2026,50.0,12.5,39.0,9.75,80.0,20.0,0.0,0.0,42.25,true,
2129,4554,8,6,2026,78.0,19.5,65.0,16.25,51.666666666667,12.916666666667,0.0,0.0,48.666666666667,true,
2130,4555,8,6,2026,56.666666666667,14.166666666667,43.0,10.75,31.666666666667,7.916666666667,0.0,0.0,32.833333333333,true,
2131,4556,8,6,2026,15.0,3.75,18.0,4.5,20.0,5.0,0.0,0.0,13.25,true,
2132,4559,8,6,2026,21.666666666667,5.416666666667,15.0,3.75,45.0,11.25,0.0,0.0,20.416666666667,true,
2133,4560,8,6,2026,10.0,2.5,52.0,13.0,80.0,20.0,0.0,0.0,35.5,true,
2134,4561,8,6,2026,2.5,0.625,32.0,8.0,10.0,2.5,0.0,0.0,11.125,true,
2135,4562,8,6,2026,15.0,3.75,60.0,15.0,95.0,23.75,0.0,0.0,42.5,true,
2136,4563,8,6,2026,13.333333333333,3.333333333333,28.0,7.0,55.0,13.75,0.0,0.0,24.083333333333,true,
2137,4566,8,6,2026,34.0,8.5,32.0,8.0,36.666666666667,9.166666666667,0.0,0.0,25.666666666667,true,
2138,4567,8,6,2026,6.0,1.5,45.0,11.25,43.333333333333,10.833333333333,0.0,0.0,23.583333333333,true,
2139,4568,8,6,2026,10.0,2.5,55.0,13.75,70.0,17.5,20.0,5.0,38.75,true,
2140,4569,8,6,2026,38.0,9.5,46.0,11.5,45.0,11.25,0.0,0.0,32.25,true,
2141,4570,8,6,2026,26.666666666667,6.666666666667,57.0,14.25,0.0,0.0,50.0,12.5,33.416666666667,true,
2142,4571,8,6,2026,16.666666666667,4.166666666667,38.0,9.5,31.666666666667,7.916666666667,10.0,2.5,24.083333333333,true,
2143,4574,8,6,2026,0.0,0.0,16.0,4.0,3.333333333333,0.833333333333,10.0,2.5,7.333333333333,true,
2144,4575,8,6,2026,7.5,1.875,28.0,7.0,50.0,12.5,0.0,0.0,21.375,true,
2145,4577,8,6,2026,0.0,0.0,63.0,15.75,63.333333333333,15.833333333333,0.0,0.0,31.583333333333,true,
2146,4579,8,6,2026,40.0,10.0,26.0,6.5,45.0,11.25,10.0,2.5,30.25,true,
2147,4580,8,6,2026,45.0,11.25,19.0,4.75,36.666666666667,9.166666666667,0.0,0.0,25.166666666667,true,
2148,4581,8,6,2026,38.333333333333,9.583333333333,25.0,6.25,71.666666666667,17.916666666667,0.0,0.0,33.75,true,
2149,4582,8,6,2026,26.666666666667,6.666666666667,18.0,4.5,55.0,13.75,0.0,0.0,24.916666666667,true,
2150,4583,8,6,2026,2.0,0.5,40.0,10.0,60.0,15.0,0.0,0.0,25.5,true,
2151,4585,8,6,2026,32.5,8.125,23.0,5.75,36.666666666667,9.166666666667,50.0,12.5,35.541666666667,true,
2152,4586,8,6,2026,46.666666666667,11.666666666667,14.0,3.5,21.666666666667,5.416666666667,30.0,7.5,28.083333333333,true,
2153,4587,8,6,2026,26.666666666667,6.666666666667,24.0,6.0,8.333333333333,2.083333333333,0.0,0.0,14.75,true,
2154,4588,8,6,2026,50.0,12.5,23.0,5.75,31.666666666667,7.916666666667,0.0,0.0,26.166666666667,true,
2155,4591,8,6,2026,16.0,4.0,31.0,7.75,42.0,10.5,0.0,0.0,22.25,true,
2156,4593,8,6,2026,70.0,17.5,35.0,8.75,40.0,10.0,0.0,0.0,36.25,true,
2157,4594,8,6,2026,12.5,3.125,27.0,6.75,27.5,6.875,10.0,2.5,19.25,true,
2158,4595,8,6,2026,25.0,6.25,33.0,8.25,26.666666666667,6.666666666667,20.0,5.0,26.166666666667,true,
2159,4596,8,6,2026,24.0,6.0,19.0,4.75,28.333333333333,7.083333333333,0.0,0.0,17.833333333333,true,
2160,4597,8,6,2026,12.5,3.125,26.0,6.5,26.0,6.5,0.0,0.0,16.125,true,
2161,4599,8,6,2026,26.666666666667,6.666666666667,26.0,6.5,56.666666666667,14.166666666667,0.0,0.0,27.333333333333,true,
2162,4600,8,6,2026,43.333333333333,10.833333333333,19.0,4.75,18.333333333333,4.583333333333,0.0,0.0,20.166666666667,true,
2163,4601,8,6,2026,,,15.0,5.0,52.0,17.333333333333,0.0,0.0,22.333333333333,true,
2164,4602,8,6,2026,26.0,6.5,14.0,3.5,16.666666666667,4.166666666667,0.0,0.0,14.166666666667,true,
2165,4603,8,6,2026,40.0,10.0,32.0,8.0,33.333333333333,8.333333333333,0.0,0.0,26.333333333333,true,
2166,4605,8,6,2026,5.0,1.25,33.0,8.25,33.333333333333,8.333333333333,0.0,0.0,17.833333333333,true,
2167,4606,8,6,2026,8.0,2.0,47.0,11.75,26.666666666667,6.666666666667,0.0,0.0,20.416666666667,true,
2168,4607,8,6,2026,0.0,0.0,18.0,4.5,54.0,13.5,0.0,0.0,18.0,true,
2169,4609,8,6,2026,13.333333333333,4.444444444444,87.0,29.0,,,0.0,0.0,33.444444444444,true,
2170,4613,8,6,2026,18.333333333333,4.583333333333,25.0,6.25,48.333333333333,12.083333333333,0.0,0.0,22.916666666667,true,
2171,4614,8,6,2026,65.0,16.25,71.0,17.75,71.666666666667,17.916666666667,0.0,0.0,51.916666666667,true,
2172,4616,8,6,2026,46.666666666667,11.666666666667,26.0,6.5,40.0,10.0,0.0,0.0,28.166666666667,true,
2173,4617,8,6,2026,31.666666666667,7.916666666667,22.0,5.5,41.666666666667,10.416666666667,0.0,0.0,23.833333333333,true,
2174,4618,8,6,2026,8.0,2.0,28.0,7.0,48.333333333333,12.083333333333,0.0,0.0,21.083333333333,true,
2175,4619,8,6,2026,22.0,5.5,28.0,7.0,40.0,10.0,0.0,0.0,22.5,true,
2176,4621,8,6,2026,14.0,3.5,24.0,6.0,83.333333333333,20.833333333333,0.0,0.0,30.333333333333,true,
2177,4622,8,6,2026,32.0,8.0,56.0,14.0,81.666666666667,20.416666666667,10.0,2.5,44.916666666667,true,
2178,4623,8,6,2026,0.0,0.0,56.0,14.0,67.5,16.875,0.0,0.0,30.875,true,
2179,4626,8,6,2026,23.333333333333,5.833333333333,23.0,5.75,56.666666666667,14.166666666667,0.0,0.0,25.75,true,
2180,4628,8,6,2026,43.333333333333,10.833333333333,12.0,3.0,48.333333333333,12.083333333333,0.0,0.0,25.916666666667,true,
2181,4629,8,6,2026,44.0,11.0,46.0,11.5,73.333333333333,18.333333333333,10.0,2.5,43.333333333333,true,
2182,4630,8,6,2026,44.0,11.0,27.0,6.75,61.666666666667,15.416666666667,0.0,0.0,33.166666666667,true,
2183,4631,8,6,2026,1.666666666667,0.416666666667,39.0,9.75,43.333333333333,10.833333333333,0.0,0.0,21.0,true,
2184,4634,8,6,2026,20.0,5.0,16.0,4.0,43.333333333333,10.833333333333,10.0,2.5,22.333333333333,true,
2185,4635,8,6,2026,66.666666666667,16.666666666667,58.0,14.5,41.666666666667,10.416666666667,10.0,2.5,44.083333333333,true,
2186,4636,8,6,2026,10.0,2.5,34.0,8.5,52.5,13.125,0.0,0.0,24.125,true,
2187,4638,8,6,2026,13.333333333333,3.333333333333,53.0,13.25,43.333333333333,10.833333333333,0.0,0.0,27.416666666667,true,
2188,4642,8,6,2026,14.0,3.5,57.0,14.25,46.666666666667,11.666666666667,0.0,0.0,29.416666666667,true,
2189,4643,8,6,2026,54.0,13.5,61.0,15.25,50.0,12.5,0.0,0.0,41.25,true,
2190,4644,8,6,2026,2.5,0.625,26.0,6.5,53.333333333333,13.333333333333,0.0,0.0,20.458333333333,true,
2191,4645,8,6,2026,20.0,5.0,27.0,6.75,43.333333333333,10.833333333333,30.0,7.5,30.083333333333,true,
2192,4646,8,6,2026,55.0,18.333333333333,95.0,31.666666666667,,,20.0,6.666666666667,56.666666666667,true,
2193,4647,8,6,2026,,,73.0,24.333333333333,80.0,26.666666666667,0.0,0.0,51.0,true,
2194,4648,8,6,2026,41.666666666667,10.416666666667,29.0,7.25,46.0,11.5,20.0,5.0,34.166666666667,true,
2195,4651,8,6,2026,28.0,7.0,55.0,13.75,18.333333333333,4.583333333333,0.0,0.0,25.333333333333,true,
2196,4655,8,6,2026,5.0,1.25,34.0,8.5,63.333333333333,15.833333333333,0.0,0.0,25.583333333333,true,
2197,4657,8,6,2026,,,60.0,20.0,80.0,26.666666666667,0.0,0.0,46.666666666667,true,
2198,4660,8,6,2026,0.0,0.0,55.0,13.75,100.0,25.0,10.0,2.5,41.25,true,
2199,4663,8,6,2026,32.5,8.125,47.0,11.75,70.0,17.5,0.0,0.0,37.375,true,
2200,4666,8,6,2026,12.0,3.0,62.0,15.5,60.0,15.0,0.0,0.0,33.5,true,
2201,4668,8,6,2026,66.666666666667,22.222222222222,93.0,31.0,,,0.0,0.0,53.222222222222,true,
2202,4836,8,6,2026,28.0,7.0,52.0,13.0,55.0,13.75,10.0,2.5,36.25,true,
2203,4837,8,6,2026,10.0,2.5,40.0,10.0,80.0,20.0,0.0,0.0,32.5,true,
2204,4838,8,6,2026,25.0,6.25,34.0,8.5,41.666666666667,10.416666666667,20.0,5.0,30.166666666667,true,
2205,4839,8,6,2026,6.0,1.5,35.0,8.75,40.0,10.0,0.0,0.0,20.25,true,
2206,4840,8,6,2026,15.0,3.75,63.0,15.75,46.666666666667,11.666666666667,10.0,2.5,33.666666666667,true,
2207,4841,8,6,2026,0.0,0.0,94.0,23.5,70.0,17.5,30.0,7.5,48.5,true,
2208,4842,8,6,2026,36.666666666667,9.166666666667,48.0,12.0,16.666666666667,4.166666666667,0.0,0.0,25.333333333333,true,
2209,4843,8,6,2026,36.0,9.0,43.0,10.75,35.0,8.75,10.0,2.5,31.0,true,
2210,4844,8,6,2026,17.5,4.375,29.0,7.25,5.0,1.25,0.0,0.0,12.875,true,
2211,4845,8,6,2026,40.0,10.0,66.0,16.5,100.0,25.0,0.0,0.0,51.5,true,
2212,4846,8,6,2026,0.0,0.0,66.0,22.0,,,50.0,16.666666666667,38.666666666667,true,
2213,4847,8,6,2026,5.0,1.25,61.0,15.25,32.0,8.0,70.0,17.5,42.0,true,
2214,4848,8,6,2026,0.0,0.0,35.0,11.666666666667,,,0.0,0.0,11.666666666667,true,
2215,4849,8,6,2026,0.0,0.0,19.0,4.75,50.0,12.5,90.0,22.5,39.75,true,
2216,4850,8,6,2026,30.0,7.5,63.0,15.75,40.0,10.0,30.0,7.5,40.75,true,
2217,4851,8,6,2026,15.0,3.75,53.0,13.25,30.0,7.5,60.0,15.0,39.5,true,
2218,4852,8,6,2026,10.0,3.333333333333,79.0,26.333333333333,,,60.0,20.0,49.666666666667,true,
2219,4854,8,6,2026,20.0,5.0,58.0,14.5,70.0,17.5,100.0,25.0,62.0,true,
2220,4856,8,6,2026,25.0,6.25,25.0,6.25,67.5,16.875,0.0,0.0,29.375,true,
2221,4857,8,6,2026,50.0,12.5,52.0,13.0,100.0,25.0,0.0,0.0,50.5,true,
2222,4859,8,6,2026,60.0,15.0,72.0,18.0,15.0,3.75,20.0,5.0,41.75,true,
2223,4860,8,6,2026,54.0,13.5,27.0,6.75,48.333333333333,12.083333333333,0.0,0.0,32.333333333333,true,
2224,4861,8,6,2026,34.0,8.5,16.0,4.0,44.0,11.0,10.0,2.5,26.0,true,
2225,4862,8,6,2026,7.5,1.875,19.0,4.75,90.0,22.5,0.0,0.0,29.125,true,
2226,4864,8,6,2026,3.333333333333,0.833333333333,83.0,20.75,75.0,18.75,50.0,12.5,52.833333333333,true,
2227,4865,8,6,2026,10.0,2.5,50.0,12.5,36.666666666667,9.166666666667,20.0,5.0,29.166666666667,true,
2228,4866,8,6,2026,60.0,15.0,36.0,9.0,100.0,25.0,20.0,5.0,54.0,true,
2229,4867,8,6,2026,35.0,8.75,64.0,16.0,75.0,18.75,60.0,15.0,58.5,true,
2230,4868,8,6,2026,,,55.0,18.333333333333,55.0,18.333333333333,40.0,13.333333333333,50.0,true,
2231,4888,8,6,2026,32.0,8.0,40.0,10.0,32.5,8.125,90.0,22.5,48.625,true,
2232,4889,8,6,2026,43.333333333333,10.833333333333,48.0,12.0,13.333333333333,3.333333333333,20.0,5.0,31.166666666667,true,
2233,4890,8,6,2026,4.0,1.0,44.0,11.0,43.333333333333,10.833333333333,50.0,12.5,35.333333333333,true,
2234,4891,8,6,2026,7.5,1.875,45.0,11.25,50.0,12.5,30.0,7.5,33.125,true,
2235,4892,8,6,2026,22.0,5.5,49.0,12.25,23.333333333333,5.833333333333,40.0,10.0,33.583333333333,true,
2236,4894,8,6,2026,20.0,5.0,37.0,9.25,63.333333333333,15.833333333333,80.0,20.0,50.083333333333,true,
2237,4907,8,6,2026,6.666666666667,1.666666666667,79.0,19.75,70.0,17.5,40.0,10.0,48.916666666667,true,
2238,4908,8,6,2026,33.333333333333,8.333333333333,39.0,9.75,70.0,17.5,40.0,10.0,45.583333333333,true,
2239,4909,8,6,2026,30.0,7.5,42.0,10.5,35.0,8.75,20.0,5.0,31.75,true,
2240,4910,8,6,2026,50.0,12.5,42.0,10.5,38.333333333333,9.583333333333,10.0,2.5,35.083333333333,true,
2241,4911,8,6,2026,35.0,8.75,56.0,14.0,3.333333333333,0.833333333333,10.0,2.5,26.083333333333,true,
2242,4912,8,6,2026,16.666666666667,4.166666666667,57.0,14.25,85.0,21.25,90.0,22.5,62.166666666667,true,
2243,4913,8,6,2026,20.0,5.0,29.0,7.25,53.333333333333,13.333333333333,0.0,0.0,25.583333333333,true,
2244,4914,8,6,2026,20.0,5.0,31.0,7.75,35.0,8.75,30.0,7.5,29.0,true,
2245,4915,8,6,2026,0.0,0.0,18.0,4.5,0.0,0.0,10.0,2.5,7.0,true,
2246,4917,8,6,2026,30.0,7.5,39.0,9.75,38.0,9.5,0.0,0.0,26.75,true,
2247,4918,8,6,2026,26.666666666667,6.666666666667,19.0,4.75,40.0,10.0,10.0,2.5,23.916666666667,true,
2248,4919,8,6,2026,13.333333333333,3.333333333333,16.0,4.0,60.0,15.0,20.0,5.0,27.333333333333,true,
2249,4920,8,6,2026,10.0,2.5,35.0,8.75,65.0,16.25,0.0,0.0,27.5,true,
2250,4921,8,6,2026,18.333333333333,4.583333333333,26.0,6.5,21.666666666667,5.416666666667,0.0,0.0,16.5,true,
2251,4922,8,6,2026,40.0,10.0,47.0,11.75,13.333333333333,3.333333333333,0.0,0.0,25.083333333333,true,
2252,4923,8,6,2026,2.5,0.625,45.0,11.25,15.0,3.75,70.0,17.5,33.125,true,
2253,4924,8,6,2026,0.0,0.0,69.0,17.25,85.0,21.25,60.0,15.0,53.5,true,
2254,4925,8,6,2026,16.666666666667,5.555555555556,49.0,16.333333333333,,,30.0,10.0,31.888888888889,true,
2255,4926,8,6,2026,80.0,20.0,42.0,10.5,36.666666666667,9.166666666667,20.0,5.0,44.666666666667,true,
2256,4927,8,6,2026,8.0,2.0,37.0,9.25,83.333333333333,20.833333333333,0.0,0.0,32.083333333333,true,
2257,4928,8,6,2026,22.5,5.625,31.0,7.75,45.0,11.25,10.0,2.5,27.125,true,
2258,4929,8,6,2026,64.0,16.0,47.0,11.75,60.0,15.0,0.0,0.0,42.75,true,
2259,4930,8,6,2026,34.0,8.5,45.0,11.25,51.666666666667,12.916666666667,60.0,15.0,47.666666666667,true,
2260,4931,8,6,2026,0.0,0.0,18.0,4.5,48.0,12.0,0.0,0.0,16.5,true,
2261,4932,8,6,2026,12.0,3.0,50.0,12.5,71.666666666667,17.916666666667,30.0,7.5,40.916666666667,true,
2262,4933,8,6,2026,23.333333333333,5.833333333333,11.0,2.75,31.666666666667,7.916666666667,0.0,0.0,16.5,true,
2263,4934,8,6,2026,33.333333333333,8.333333333333,50.0,12.5,21.666666666667,5.416666666667,10.0,2.5,28.75,true,
2264,4935,8,6,2026,6.0,1.5,36.0,9.0,43.333333333333,10.833333333333,0.0,0.0,21.333333333333,true,
2265,4936,8,6,2026,0.0,0.0,28.0,7.0,50.0,12.5,0.0,0.0,19.5,true,
2266,4937,8,6,2026,50.0,12.5,33.0,8.25,38.333333333333,9.583333333333,30.0,7.5,37.833333333333,true,
2267,4938,8,6,2026,30.0,7.5,26.0,6.5,33.333333333333,8.333333333333,0.0,0.0,22.333333333333,true,
2268,4939,8,6,2026,5.0,1.25,74.0,18.5,85.0,21.25,30.0,7.5,48.5,true,
2269,4940,8,6,2026,41.666666666667,10.416666666667,47.0,11.75,30.0,7.5,0.0,0.0,29.666666666667,true,
2270,4941,8,6,2026,32.0,8.0,61.0,15.25,71.666666666667,17.916666666667,40.0,10.0,51.166666666667,true,
2271,4942,8,6,2026,20.0,5.0,37.0,9.25,33.333333333333,8.333333333333,0.0,0.0,22.583333333333,true,
2272,4943,8,6,2026,31.666666666667,7.916666666667,19.0,4.75,35.0,8.75,0.0,0.0,21.416666666667,true,
2273,4945,8,6,2026,4.0,1.0,25.0,6.25,30.0,7.5,0.0,0.0,14.75,true,
2274,4946,8,6,2026,22.0,5.5,65.0,16.25,25.0,6.25,40.0,10.0,38.0,true,
2275,4947,8,6,2026,30.0,7.5,49.0,12.25,10.0,2.5,30.0,7.5,29.75,true,
2276,4948,8,6,2026,26.666666666667,6.666666666667,84.0,21.0,75.0,18.75,40.0,10.0,56.416666666667,true,
2277,4949,8,6,2026,16.666666666667,4.166666666667,56.0,14.0,0.0,0.0,60.0,15.0,33.166666666667,true,
2278,4951,8,6,2026,10.0,2.5,65.0,16.25,43.333333333333,10.833333333333,0.0,0.0,29.583333333333,true,
2279,4952,8,6,2026,0.0,0.0,55.0,13.75,60.0,15.0,90.0,22.5,51.25,true,
2280,4953,8,6,2026,45.0,11.25,51.0,12.75,65.0,16.25,30.0,7.5,47.75,true,
2281,4955,8,6,2026,10.0,3.333333333333,,,60.0,20.0,20.0,6.666666666667,30.0,true,
2282,4956,8,6,2026,16.666666666667,4.166666666667,73.0,18.25,50.0,12.5,20.0,5.0,39.916666666667,true,
2283,4957,8,6,2026,22.0,5.5,58.0,14.5,50.0,12.5,40.0,10.0,42.5,true,
2284,4959,8,6,2026,26.0,6.5,34.0,8.5,56.666666666667,14.166666666667,0.0,0.0,29.166666666667,true,
2285,4961,8,6,2026,18.0,4.5,59.0,14.75,26.666666666667,6.666666666667,30.0,7.5,33.416666666667,true,
2286,4962,8,6,2026,0.0,0.0,55.0,13.75,55.0,13.75,40.0,10.0,37.5,true,
2287,4963,8,6,2026,46.666666666667,11.666666666667,17.0,4.25,41.666666666667,10.416666666667,0.0,0.0,26.333333333333,true,
2288,4964,8,6,2026,2.5,0.625,36.0,9.0,28.333333333333,7.083333333333,20.0,5.0,21.708333333333,true,
2289,4965,8,6,2026,3.333333333333,1.111111111111,,,70.0,23.333333333333,0.0,0.0,24.444444444444,true,
2290,4966,8,6,2026,10.0,2.5,30.0,7.5,10.0,2.5,30.0,7.5,20.0,true,
2291,4967,8,6,2026,13.333333333333,3.333333333333,75.0,18.75,100.0,25.0,0.0,0.0,47.083333333333,true,
2292,4969,8,6,2026,28.333333333333,7.083333333333,20.0,5.0,53.333333333333,13.333333333333,0.0,0.0,25.416666666667,true,
2293,4970,8,6,2026,24.0,6.0,48.0,12.0,48.333333333333,12.083333333333,60.0,15.0,45.083333333333,true,
2294,4972,8,6,2026,32.0,8.0,16.0,4.0,56.666666666667,14.166666666667,30.0,7.5,33.666666666667,true,
2295,4973,8,6,2026,34.0,8.5,32.0,8.0,45.0,11.25,20.0,5.0,32.75,true,
2296,4974,8,6,2026,23.333333333333,5.833333333333,54.0,13.5,60.0,15.0,10.0,2.5,36.833333333333,true,
2297,4975,8,6,2026,10.0,2.5,91.0,22.75,35.0,8.75,90.0,22.5,56.5,true,
2298,4976,8,6,2026,26.0,6.5,60.0,15.0,15.0,3.75,60.0,15.0,40.25,true,
2299,4977,8,6,2026,4.0,1.0,20.0,5.0,45.0,11.25,10.0,2.5,19.75,true,
2300,4978,8,6,2026,30.0,7.5,29.0,7.25,56.666666666667,14.166666666667,70.0,17.5,46.416666666667,true,
2301,4979,8,6,2026,14.0,3.5,24.0,6.0,40.0,10.0,10.0,2.5,22.0,true,
2302,4980,8,6,2026,26.0,6.5,64.0,16.0,80.0,20.0,30.0,7.5,50.0,true,
2303,4981,8,6,2026,0.0,0.0,63.0,15.75,53.333333333333,13.333333333333,10.0,2.5,31.583333333333,true,
2304,4982,8,6,2026,0.0,0.0,47.0,11.75,66.666666666667,16.666666666667,30.0,7.5,35.916666666667,true,
2305,5003,8,6,2026,2.0,0.5,38.0,9.5,43.333333333333,10.833333333333,20.0,5.0,25.833333333333,true,
2306,5004,8,6,2026,25.0,6.25,35.0,8.75,16.666666666667,4.166666666667,50.0,12.5,31.666666666667,true,
2307,5005,8,6,2026,46.666666666667,11.666666666667,43.0,10.75,55.0,13.75,20.0,5.0,41.166666666667,true,
2308,5006,8,6,2026,10.0,2.5,76.0,19.0,63.333333333333,15.833333333333,60.0,15.0,52.333333333333,true,
2309,5007,8,6,2026,16.666666666667,4.166666666667,57.0,14.25,18.333333333333,4.583333333333,20.0,5.0,28.0,true,
2310,5008,8,6,2026,50.0,12.5,21.0,5.25,45.0,11.25,40.0,10.0,39.0,true,
2311,5009,8,6,2026,15.0,3.75,18.0,4.5,48.333333333333,12.083333333333,40.0,10.0,30.333333333333,true,
2312,5010,8,6,2026,0.0,0.0,5.0,1.25,45.0,11.25,30.0,7.5,20.0,true,
2313,5011,8,6,2026,23.333333333333,5.833333333333,52.0,13.0,45.0,11.25,50.0,12.5,42.583333333333,true,
2314,5012,8,6,2026,34.0,8.5,28.0,7.0,31.666666666667,7.916666666667,50.0,12.5,35.916666666667,true,
2315,5013,8,6,2026,15.0,3.75,30.0,7.5,54.0,13.5,40.0,10.0,34.75,true,
2316,5014,8,6,2026,33.333333333333,8.333333333333,51.0,12.75,28.333333333333,7.083333333333,40.0,10.0,38.166666666667,true,
2317,5015,8,6,2026,45.0,11.25,38.0,9.5,16.0,4.0,0.0,0.0,24.75,true,
2318,5016,8,6,2026,7.5,1.875,19.0,4.75,20.0,5.0,40.0,10.0,21.625,true,
2319,5017,8,6,2026,34.0,8.5,23.0,5.75,10.0,2.5,30.0,7.5,24.25,true,
2320,5018,8,6,2026,30.0,7.5,12.0,3.0,41.666666666667,10.416666666667,30.0,7.5,28.416666666667,true,
2321,5019,8,6,2026,14.0,3.5,10.0,2.5,46.666666666667,11.666666666667,30.0,7.5,25.166666666667,true,
2322,5020,8,6,2026,0.0,0.0,33.0,8.25,85.0,21.25,50.0,12.5,42.0,true,
2323,5021,8,6,2026,0.0,0.0,11.0,2.75,30.0,7.5,50.0,12.5,22.75,true,
2324,5023,8,6,2026,38.333333333333,9.583333333333,30.0,7.5,38.333333333333,9.583333333333,30.0,7.5,34.166666666667,true,
2325,5024,8,6,2026,42.0,10.5,34.0,8.5,50.0,12.5,70.0,17.5,49.0,true,
2326,5025,8,6,2026,16.666666666667,4.166666666667,18.0,4.5,35.0,8.75,20.0,5.0,22.416666666667,true,
2327,5026,8,6,2026,40.0,10.0,19.0,4.75,25.0,6.25,60.0,15.0,36.0,true,
2328,5027,8,6,2026,11.666666666667,2.916666666667,32.0,8.0,13.333333333333,3.333333333333,50.0,12.5,26.75,true,
2329,5029,8,6,2026,10.0,2.5,27.0,6.75,47.5,11.875,20.0,5.0,26.125,true,
2330,5030,8,6,2026,16.666666666667,4.166666666667,25.0,6.25,30.0,7.5,0.0,0.0,17.916666666667,true,
2331,5031,8,6,2026,16.666666666667,4.166666666667,25.0,6.25,20.0,5.0,30.0,7.5,22.916666666667,true,
2332,5033,8,6,2026,0.0,0.0,22.0,5.5,30.0,7.5,90.0,22.5,35.5,true,
2333,5034,8,6,2026,20.0,5.0,8.0,2.0,31.666666666667,7.916666666667,10.0,2.5,17.416666666667,true,
2334,5035,8,6,2026,10.0,2.5,38.0,9.5,62.5,15.625,60.0,15.0,42.625,true,
2335,5036,8,6,2026,22.5,5.625,16.0,4.0,28.333333333333,7.083333333333,40.0,10.0,26.708333333333,true,
2336,5037,8,6,2026,0.0,0.0,9.0,2.25,28.333333333333,7.083333333333,50.0,12.5,21.833333333333,true,
2337,5038,8,6,2026,0.0,0.0,24.0,8.0,,,90.0,30.0,38.0,true,
2338,5039,8,6,2026,0.0,0.0,44.0,11.0,23.333333333333,5.833333333333,30.0,7.5,24.333333333333,true,
2339,5041,8,6,2026,14.0,3.5,36.0,9.0,53.333333333333,13.333333333333,50.0,12.5,38.333333333333,true,
2340,5043,8,6,2026,36.0,9.0,52.0,13.0,30.0,7.5,30.0,7.5,37.0,true,
2341,5044,8,6,2026,11.666666666667,2.916666666667,19.0,4.75,15.0,3.75,40.0,10.0,21.416666666667,true,
2342,5045,8,6,2026,0.0,0.0,24.0,6.0,58.333333333333,14.583333333333,60.0,15.0,35.583333333333,true,
2343,5046,8,6,2026,22.5,5.625,15.0,3.75,38.333333333333,9.583333333333,30.0,7.5,26.458333333333,true,
2344,5047,8,6,2026,12.5,3.125,51.0,12.75,30.0,7.5,80.0,20.0,43.375,true,
2345,5048,8,6,2026,42.5,10.625,38.0,9.5,60.0,15.0,50.0,12.5,47.625,true,
2346,5049,8,6,2026,25.0,6.25,27.0,6.75,38.333333333333,9.583333333333,30.0,7.5,30.083333333333,true,
2347,5050,8,6,2026,30.0,7.5,22.0,5.5,15.0,3.75,80.0,20.0,36.75,true,
2348,5103,8,6,2026,18.333333333333,4.583333333333,43.0,10.75,18.333333333333,4.583333333333,10.0,2.5,22.416666666667,true,
2349,5104,8,6,2026,30.0,7.5,16.0,4.0,33.333333333333,8.333333333333,50.0,12.5,32.333333333333,true,
2350,5105,8,6,2026,34.0,8.5,20.0,5.0,20.0,5.0,20.0,5.0,23.5,true,
2351,5106,8,6,2026,15.0,3.75,35.0,8.75,13.333333333333,3.333333333333,20.0,5.0,20.833333333333,true,
2352,5107,8,6,2026,28.0,7.0,24.0,6.0,38.333333333333,9.583333333333,50.0,12.5,35.083333333333,true,
2353,5108,8,6,2026,0.0,0.0,23.0,5.75,15.0,3.75,20.0,5.0,14.5,true,
2354,5109,8,6,2026,10.0,2.5,43.0,10.75,65.0,16.25,30.0,7.5,37.0,true,
2355,5110,8,6,2026,18.333333333333,4.583333333333,27.0,6.75,15.0,3.75,0.0,0.0,15.083333333333,true,
2356,5111,8,6,2026,17.5,4.375,11.0,2.75,16.666666666667,4.166666666667,0.0,0.0,11.291666666667,true,
2357,5112,8,6,2026,0.0,0.0,46.0,11.5,90.0,22.5,0.0,0.0,34.0,true,
2358,5113,8,6,2026,8.0,2.0,27.0,6.75,26.666666666667,6.666666666667,20.0,5.0,20.416666666667,true,
2359,5115,8,6,2026,0.0,0.0,37.0,9.25,33.333333333333,8.333333333333,20.0,5.0,22.583333333333,true,
2360,5116,8,6,2026,0.0,0.0,21.0,5.25,20.0,5.0,0.0,0.0,10.25,true,
2361,5118,8,6,2026,8.0,2.0,24.0,6.0,21.666666666667,5.416666666667,0.0,0.0,13.416666666667,true,
2362,5119,8,6,2026,33.333333333333,8.333333333333,35.0,8.75,12.0,3.0,30.0,7.5,27.583333333333,true,
2363,5121,8,6,2026,28.333333333333,7.083333333333,20.0,5.0,65.0,16.25,20.0,5.0,33.333333333333,true,
2364,5122,8,6,2026,8.0,2.0,23.0,5.75,35.0,8.75,0.0,0.0,16.5,true,
2365,5123,8,6,2026,28.333333333333,7.083333333333,29.0,7.25,30.0,7.5,10.0,2.5,24.333333333333,true,
2366,5126,8,6,2026,35.0,8.75,33.0,8.25,42.0,10.5,0.0,0.0,27.5,true,
2367,5127,8,6,2026,13.333333333333,4.444444444444,71.0,23.666666666667,,,30.0,10.0,38.111111111111,true,
2368,5158,8,6,2026,13.333333333333,3.333333333333,32.0,8.0,66.666666666667,16.666666666667,70.0,17.5,45.5,true,
2369,5159,8,6,2026,25.0,6.25,82.0,20.5,53.333333333333,13.333333333333,70.0,17.5,57.583333333333,true,
2370,5160,8,6,2026,22.0,5.5,60.0,15.0,38.333333333333,9.583333333333,0.0,0.0,30.083333333333,true,
2371,5162,8,6,2026,15.0,3.75,41.0,10.25,30.0,7.5,100.0,25.0,46.5,true,
2372,5163,8,6,2026,22.5,5.625,39.0,9.75,40.0,10.0,60.0,15.0,40.375,true,
2373,5164,8,6,2026,12.0,3.0,37.0,9.25,43.333333333333,10.833333333333,10.0,2.5,25.583333333333,true,
2374,5165,8,6,2026,47.5,11.875,61.0,15.25,30.0,7.5,80.0,20.0,54.625,true,
2375,5167,8,6,2026,23.333333333333,5.833333333333,29.0,7.25,36.666666666667,9.166666666667,40.0,10.0,32.25,true,
2376,5168,8,6,2026,23.333333333333,5.833333333333,40.0,10.0,33.333333333333,8.333333333333,60.0,15.0,39.166666666667,true,
2377,5169,8,6,2026,35.0,8.75,66.0,16.5,55.0,13.75,90.0,22.5,61.5,true,
2378,5170,8,6,2026,57.5,14.375,53.0,13.25,61.666666666667,15.416666666667,90.0,22.5,65.541666666667,true,
2379,5171,8,6,2026,10.0,2.5,24.0,6.0,31.666666666667,7.916666666667,20.0,5.0,21.416666666667,true,
2380,5172,8,6,2026,6.666666666667,1.666666666667,82.0,20.5,90.0,22.5,90.0,22.5,67.166666666667,true,
2381,5174,8,6,2026,10.0,2.5,49.0,12.25,90.0,22.5,100.0,25.0,62.25,true,
2382,5175,8,6,2026,15.0,3.75,47.0,11.75,20.0,5.0,80.0,20.0,40.5,true,
2383,5176,8,6,2026,6.666666666667,1.666666666667,45.0,11.25,58.333333333333,14.583333333333,30.0,7.5,35.0,true,
2384,5177,8,6,2026,38.0,9.5,63.0,15.75,30.0,7.5,30.0,7.5,40.25,true,
2385,5180,8,6,2026,25.0,6.25,68.0,17.0,40.0,10.0,90.0,22.5,55.75,true,
2386,5181,8,6,2026,33.333333333333,8.333333333333,53.0,13.25,45.0,11.25,70.0,17.5,50.333333333333,true,
2387,5182,8,6,2026,16.0,4.0,45.0,11.25,75.0,18.75,0.0,0.0,34.0,true,
2388,5183,8,6,2026,7.5,1.875,40.0,10.0,56.666666666667,14.166666666667,50.0,12.5,38.541666666667,true,
2389,5184,8,6,2026,20.0,5.0,31.0,7.75,31.666666666667,7.916666666667,50.0,12.5,33.166666666667,true,
2390,5185,8,6,2026,61.666666666667,15.416666666667,67.0,16.75,11.666666666667,2.916666666667,30.0,7.5,42.583333333333,true,
2391,5186,8,6,2026,3.333333333333,0.833333333333,41.0,10.25,75.0,18.75,50.0,12.5,42.333333333333,true,
2392,5187,8,6,2026,20.0,5.0,27.0,6.75,51.666666666667,12.916666666667,10.0,2.5,27.166666666667,true,
2393,5188,8,6,2026,5.0,1.25,17.0,4.25,70.0,17.5,70.0,17.5,40.5,true,
2394,5190,8,6,2026,38.333333333333,9.583333333333,35.0,8.75,23.333333333333,5.833333333333,40.0,10.0,34.166666666667,true,
2395,5191,8,6,2026,26.0,6.5,58.0,14.5,30.0,7.5,0.0,0.0,28.5,true,
2396,5192,8,6,2026,26.0,6.5,61.0,15.25,81.666666666667,20.416666666667,60.0,15.0,57.166666666667,true,
2397,5193,8,6,2026,60.0,15.0,48.0,12.0,26.666666666667,6.666666666667,50.0,12.5,46.166666666667,true,
2398,5194,8,6,2026,0.0,0.0,87.0,21.75,50.0,12.5,50.0,12.5,46.75,true,
2399,5195,8,6,2026,20.0,6.666666666667,99.0,33.0,,,80.0,26.666666666667,66.333333333333,true,
2400,5197,8,6,2026,7.5,1.875,33.0,8.25,47.5,11.875,0.0,0.0,22.0,true,
2401,5198,8,6,2026,56.666666666667,14.166666666667,57.0,14.25,13.333333333333,3.333333333333,30.0,7.5,39.25,true,
2402,5199,8,6,2026,32.5,8.125,19.0,4.75,71.666666666667,17.916666666667,30.0,7.5,38.291666666667,true,
2403,5200,8,6,2026,13.333333333333,3.333333333333,59.0,14.75,57.5,14.375,80.0,20.0,52.458333333333,true,
2404,5201,8,6,2026,32.0,8.0,47.0,11.75,46.666666666667,11.666666666667,50.0,12.5,43.916666666667,true,
2405,5202,8,6,2026,0.0,0.0,61.0,15.25,50.0,12.5,80.0,20.0,47.75,true,
2406,5203,8,6,2026,15.0,5.0,59.0,19.666666666667,,,100.0,33.333333333333,58.0,true,
2407,5204,8,6,2026,0.0,0.0,65.0,16.25,25.0,6.25,100.0,25.0,47.5,true,
2408,5205,8,6,2026,0.0,0.0,48.0,12.0,95.0,23.75,30.0,7.5,43.25,true,
2409,5207,8,6,2026,66.666666666667,16.666666666667,32.0,8.0,25.0,6.25,10.0,2.5,33.416666666667,true,
2410,5208,8,6,2026,30.0,7.5,25.0,6.25,35.0,8.75,50.0,12.5,35.0,true,
2411,5209,8,6,2026,6.666666666667,1.666666666667,52.0,13.0,60.0,15.0,40.0,10.0,39.666666666667,true,
2412,5210,8,6,2026,70.0,17.5,51.0,12.75,20.0,5.0,20.0,5.0,40.25,true,
2413,5211,8,6,2026,17.5,4.375,60.0,15.0,28.333333333333,7.083333333333,30.0,7.5,33.958333333333,true,
2414,5212,8,6,2026,11.666666666667,2.916666666667,71.0,17.75,48.333333333333,12.083333333333,30.0,7.5,40.25,true,
2415,5215,8,6,2026,32.5,8.125,67.0,16.75,16.0,4.0,100.0,25.0,53.875,true,
2416,5216,8,6,2026,20.0,5.0,58.0,14.5,44.0,11.0,50.0,12.5,43.0,true,
2417,5218,8,6,2026,25.0,6.25,70.0,17.5,40.0,10.0,50.0,12.5,46.25,true,
2418,5219,8,6,2026,61.666666666667,15.416666666667,70.0,17.5,48.333333333333,12.083333333333,80.0,20.0,65.0,true,
2419,5220,8,6,2026,0.0,0.0,48.0,12.0,60.0,15.0,50.0,12.5,39.5,true,
2420,5221,8,6,2026,25.0,6.25,39.0,9.75,10.0,2.5,40.0,10.0,28.5,true,
2421,5222,8,6,2026,0.0,0.0,91.0,22.75,70.0,17.5,50.0,12.5,52.75,true,
2422,5298,8,6,2026,12.5,3.125,44.0,11.0,80.0,20.0,40.0,10.0,44.125,true,
2423,5299,8,6,2026,16.0,4.0,62.0,15.5,75.0,18.75,50.0,12.5,50.75,true,
2424,5300,8,6,2026,10.0,2.5,35.0,8.75,45.0,11.25,30.0,7.5,30.0,true,
2425,5301,8,6,2026,5.0,1.25,16.0,4.0,30.0,7.5,10.0,2.5,15.25,true,
2426,5302,8,6,2026,25.0,6.25,52.0,13.0,38.333333333333,9.583333333333,0.0,0.0,28.833333333333,true,
2427,5303,8,6,2026,37.5,9.375,90.0,22.5,60.0,15.0,90.0,22.5,69.375,true,
2428,5337,8,6,2026,0.0,0.0,63.0,15.75,53.333333333333,13.333333333333,0.0,0.0,29.083333333333,true,
2429,5338,8,6,2026,60.0,15.0,89.0,22.25,10.0,2.5,0.0,0.0,39.75,true,
2430,5339,8,6,2026,30.0,7.5,21.0,5.25,56.0,14.0,20.0,5.0,31.75,true,
2431,5340,8,6,2026,28.333333333333,7.083333333333,50.0,12.5,70.0,17.5,20.0,5.0,42.083333333333,true,
2432,5342,8,6,2026,26.0,6.5,15.0,3.75,74.0,18.5,10.0,2.5,31.25,true,
2433,5343,8,6,2026,16.666666666667,4.166666666667,60.0,15.0,86.0,21.5,30.0,7.5,48.166666666667,true,
2434,5344,8,6,2026,0.0,0.0,13.0,3.25,16.666666666667,4.166666666667,0.0,0.0,7.416666666667,true,
2435,5346,8,6,2026,60.0,15.0,28.0,7.0,25.0,6.25,0.0,0.0,28.25,true,
2436,5348,8,6,2026,16.666666666667,4.166666666667,25.0,6.25,21.666666666667,5.416666666667,10.0,2.5,18.333333333333,true,
2437,5354,8,6,2026,12.5,3.125,49.0,12.25,70.0,17.5,0.0,0.0,32.875,true,
2438,5356,8,6,2026,30.0,7.5,82.0,20.5,50.0,12.5,10.0,2.5,43.0,true,
2439,5358,8,6,2026,0.0,0.0,47.0,11.75,44.0,11.0,0.0,0.0,22.75,true,
2440,5360,8,6,2026,20.0,5.0,61.0,15.25,50.0,12.5,0.0,0.0,32.75,true,
2441,5361,8,6,2026,40.0,13.333333333333,,,75.0,25.0,100.0,33.333333333333,71.666666666667,true,
2442,5362,8,6,2026,20.0,5.0,65.0,16.25,96.0,24.0,0.0,0.0,45.25,true,
2443,5363,8,6,2026,60.0,15.0,41.0,10.25,45.0,11.25,0.0,0.0,36.5,true,
2444,5364,8,6,2026,7.5,1.875,31.0,7.75,88.333333333333,22.083333333333,0.0,0.0,31.708333333333,true,
2445,5365,8,6,2026,15.0,3.75,67.0,16.75,23.333333333333,5.833333333333,10.0,2.5,28.833333333333,true,
2446,5368,8,6,2026,10.0,2.5,50.0,12.5,80.0,20.0,0.0,0.0,35.0,true,
2447,5370,8,6,2026,30.0,7.5,37.0,9.25,54.0,13.5,0.0,0.0,30.25,true,
2448,5371,8,6,2026,43.333333333333,10.833333333333,17.0,4.25,66.0,16.5,20.0,5.0,36.583333333333,true,
2449,5373,8,6,2026,0.0,0.0,66.0,16.5,5.0,1.25,10.0,2.5,20.25,true,
2450,5377,8,6,2026,20.0,5.0,21.0,5.25,50.0,12.5,0.0,0.0,22.75,true,
2451,5379,8,6,2026,53.333333333333,13.333333333333,58.0,14.5,71.666666666667,17.916666666667,0.0,0.0,45.75,true,
2452,5382,8,6,2026,30.0,7.5,87.0,21.75,85.0,21.25,0.0,0.0,50.5,true,
2453,5388,8,6,2026,12.5,3.125,52.0,13.0,97.5,24.375,0.0,0.0,40.5,true,
2454,5393,8,6,2026,3.333333333333,0.833333333333,75.0,18.75,75.0,18.75,10.0,2.5,40.833333333333,true,
2455,5394,8,6,2026,25.0,6.25,83.0,20.75,100.0,25.0,0.0,0.0,52.0,true,
